,date,open,high,close,low,volume,price_change,p_change,ma5,ma10,ma20,v_ma5,v_ma10,v_ma20,turnover
2014-07-02,8.75,8.95,8.86,8.7,40036.74,0.02,0.23,8.86,8.86,8.86,40036.74,40036.74,40036.74,1.46
2014-07-03,8.9,9.18,8.83,8.71,40019.2,-0.03,-0.34,8.845,8.845,8.845,40027.97,40027.97,40027.97,1.46
2014-07-04,8.87,8.88,8.82,8.72,21882.27,-0.01,-0.11,8.837,8.837,8.837,33979.4,33979.4,33979.4,0.8
2014-07-07,8.75,8.83,8.76,8.71,26827.15,-0.06,-0.68,8.818,8.818,8.818,32191.34,32191.34,32191.34,0.98
2014-07-08,8.77,8.8,8.61,8.5,35019.26,-0.15,-1.71,8.776,8.776,8.776,32756.92,32756.92,32756.92,1.28
2014-07-09,8.63,8.69,8.44,8.41,34560.97,-0.17,-1.97,8.692,8.72,8.72,31661.77,33057.6,33057.6,1.26
2014-07-10,8.45,8.53,8.41,8.37,20619.74,-0.03,-0.35,8.608,8.676,8.676,27781.88,31280.76,31280.76,0.75
2014-07-11,8.41,8.65,8.56,8.39,24835.31,0.15,1.78,8.556,8.661,8.661,28372.49,30475.08,30475.08,0.91
2014-07-14,8.59,8.75,8.7,8.56,20310.12,0.14,1.64,8.544,8.666,8.666,27069.08,29345.64,29345.64,0.74
2014-07-15,8.65,8.9,8.88,8.58,36696.94,0.18,2.07,8.598,8.687,8.687,27404.62,30080.77,30080.77,1.34
2014-07-16,8.83,8.9,8.64,8.63,25221.31,-0.24,-2.7,8.638,8.665,8.683,25536.68,28599.23,29639.0,0.92
2014-07-17,8.67,8.73,8.59,8.56,15369.85,-0.05,-0.58,8.674,8.641,8.675,24486.71,26134.29,28449.91,0.56
2014-07-18,8.6,8.74,8.7,8.59,9973.46,0.11,1.28,8.702,8.629,8.677,21514.34,24943.41,27028.64,0.36
2014-07-21,8.71,8.79,8.63,8.55,13825.73,-0.07,-0.81,8.688,8.616,8.674,20217.46,23643.27,26085.58,0.5
2014-07-22,8.61,8.7,8.65,8.56,12440.47,0.02,0.23,8.642,8.62,8.672,15366.16,21385.39,25175.9,0.45
2014-07-23,8.68,8.73,8.52,8.49,12080.47,-0.13,-1.5,8.618,8.628,8.663,12738.0,19137.34,24357.44,0.44
2014-07-24,8.52,8.7,8.46,8.46,16371.34,-0.06,-0.7,8.592,8.633,8.651,12938.29,18712.5,23887.67,0.6
2014-07-25,8.43,8.56,8.49,8.43,11232.03,0.03,0.35,8.55,8.626,8.642,13190.01,17352.17,23184.58,0.41
2014-07-28,8.55,8.61,8.61,8.47,20348.27,0.12,1.41,8.546,8.617,8.64,14494.52,17355.99,23035.3,0.74
2014-07-29,8.64,8.69,8.64,8.53,20204.8,0.03,0.35,8.544,8.593,8.64,16047.38,15706.77,22893.77,0.74
2014-07-30,8.66,8.87,8.78,8.58,26956.21,0.14,1.62,8.596,8.607,8.636,19022.53,15880.26,22239.75,0.98
2014-07-31,8.77,8.97,8.85,8.73,20435.09,0.07,0.8,8.674,8.633,8.637,19835.28,16386.79,21260.54,0.75
2014-08-01,8.75,8.94,8.78,8.66,25648.24,-0.07,-0.79,8.732,8.641,8.635,22718.52,17954.27,21448.84,0.94
2014-08-04,8.68,8.85,8.81,8.68,14395.12,0.03,0.34,8.772,8.659,8.638,21527.89,18011.2,20827.24,0.53
2014-08-05,8.84,8.92,8.84,8.74,22457.65,0.03,0.34,8.812,8.678,8.649,21978.46,19012.92,20199.16,0.82
2014-08-06,8.87,8.87,8.8,8.74,18370.76,-0.04,-0.45,8.816,8.706,8.667,20261.37,19641.95,19389.65,0.67
2014-08-07,8.81,8.87,8.66,8.66,27352.17,-0.14,-1.59,8.778,8.726,8.68,21644.79,20740.03,19726.27,1.0
2014-08-08,8.67,8.72,8.67,8.6,20742.49,0.01,0.12,8.756,8.744,8.685,20663.64,21691.08,19521.63,0.76
2014-08-11,8.65,8.78,8.76,8.61,24764.62,0.09,1.04,8.746,8.759,8.688,22737.54,22132.71,19744.35,0.9
2014-08-12,8.73,8.97,8.83,8.73,32549.16,0.07,0.8,8.744,8.778,8.686,24755.84,23367.15,19536.96,1.19
2014-08-13,8.83,9.19,9.13,8.79,60812.0,0.3,3.4,8.81,8.813,8.71,33244.09,26752.73,21316.5,2.22
2014-08-14,9.17,9.19,9.03,9.02,26182.8,-0.1,-1.09,8.884,8.831,8.732,33010.21,27327.5,21857.14,0.96
2014-08-15,9.03,9.26,9.25,9.03,39478.66,0.22,2.44,9.0,8.878,8.76,36757.45,28710.54,23332.4,1.44
2014-08-18,9.36,9.4,9.28,9.23,39480.19,0.03,0.32,9.104,8.925,8.792,39700.56,31219.05,24615.13,1.44
2014-08-19,9.25,9.36,9.17,9.08,36817.33,-0.11,-1.19,9.172,8.958,8.818,40554.2,32655.02,25833.97,1.34
2014-08-20,9.15,9.79,9.64,9.1,68801.86,0.47,5.12,9.274,9.042,8.874,42152.17,37698.13,28670.04,2.51
2014-08-21,9.62,9.72,9.69,9.46,40231.76,0.05,0.52,9.406,9.145,8.936,44961.96,38986.09,29863.06,1.47
2014-08-22,9.7,9.74,9.59,9.49,31611.15,-0.1,-1.03,9.474,9.237,8.991,43388.46,40072.95,30882.02,1.15
2014-08-25,9.63,9.68,9.39,9.37,36849.22,-0.2,-2.09,9.496,9.3,9.03,42862.26,41281.41,31707.06,1.34
2014-08-26,9.38,9.53,9.38,9.17,44907.89,-0.01,-0.11,9.538,9.355,9.067,44480.38,42517.29,32942.22,1.64
2014-08-27,9.4,10.32,10.32,9.28,91946.13,0.94,10.02,9.674,9.474,9.144,49109.23,45630.7,36191.71,3.35
2014-08-28,11.0,11.35,10.33,10.26,266527.88,0.01,0.1,9.802,9.604,9.218,94368.45,69665.21,48496.35,9.72
2014-08-29,9.88,10.05,9.88,9.5,167332.88,-0.45,-4.36,9.86,9.667,9.273,121512.8,82450.63,55580.59,6.1
2014-09-01,9.9,10.48,10.29,9.76,129998.43,0.41,4.15,10.04,9.768,9.347,140142.64,91502.45,61360.75,4.74
2014-09-02,10.3,10.85,10.45,10.22,124636.47,0.16,1.55,10.254,9.896,9.427,156088.36,100284.37,66469.69,4.55
2014-09-03,10.54,10.85,10.52,10.4,102658.19,0.07,0.67,10.294,9.984,9.513,158230.77,103670.0,70684.06,3.74
2014-09-04,10.6,10.79,10.61,10.42,85667.45,0.09,0.86,10.35,10.076,9.611,122058.68,108213.57,73599.83,3.13
2014-09-05,10.8,11.67,11.67,10.71,384416.75,1.06,9.99,10.708,10.284,9.761,165475.46,143494.13,91783.54,14.02
2014-09-09,12.5,12.84,12.84,12.45,119192.43,1.17,10.03,11.218,10.629,9.965,163314.26,151728.45,96504.93,4.35
2014-09-10,14.12,14.12,14.08,13.51,682889.69,1.24,9.66,11.944,11.099,10.227,274964.9,215526.63,129021.96,24.91
2014-09-17,12.69,13.44,12.83,12.69,415987.06,-1.25,-8.88,12.406,11.35,10.412,337630.68,247930.72,146780.71,15.17
2014-09-18,13.0,14.11,14.11,12.92,346121.84,1.28,9.98,13.106,11.728,10.666,389721.55,255890.12,162777.66,12.63
2014-09-19,14.9,15.52,14.99,14.41,543782.31,0.88,6.24,13.77,12.239,10.953,421594.67,293535.06,187992.85,19.84
2014-09-22,15.29,16.49,16.07,15.29,456535.0,1.08,7.21,14.416,12.817,11.293,489063.18,326188.72,208845.59,16.65
2014-09-23,16.12,16.17,15.12,14.46,380737.12,-0.95,-5.91,14.624,13.284,11.59,428632.67,351798.78,226041.58,13.89
2014-09-24,14.85,15.08,15.01,14.55,236384.95,-0.11,-0.73,15.06,13.733,11.859,392712.24,365171.46,234420.73,8.62
2014-09-25,14.82,15.46,14.85,14.5,293622.34,-0.16,-1.07,15.208,14.157,12.117,382212.34,385966.95,247090.26,10.71
2014-09-26,14.69,15.19,14.67,14.5,208073.88,-0.18,-1.21,15.144,14.457,12.371,315070.66,368332.66,255913.4,7.59
2014-09-29,14.8,14.81,14.23,14.11,253035.34,-0.44,-3.0,14.776,14.596,12.613,274370.73,381716.95,266722.7,9.23
2014-09-30,14.16,14.41,14.22,14.0,157416.75,-0.01,-0.07,14.596,14.61,12.855,229706.65,329169.66,272348.14,5.74
2014-10-08,14.28,14.35,14.32,14.01,134129.94,0.1,0.7,14.458,14.759,13.055,209255.65,300983.95,274457.33,4.89
2014-10-09,14.29,14.49,14.3,14.08,158822.77,-0.02,-0.14,14.348,14.778,13.253,182295.74,282254.04,269072.08,5.79
2014-10-10,14.32,15.21,14.91,14.27,308525.88,0.61,4.27,14.396,14.77,13.505,202386.14,258728.4,276131.73,11.25
2014-10-13,14.63,14.65,14.2,13.73,159982.55,-0.71,-4.76,14.39,14.583,13.7,183775.58,229073.15,277630.94,5.84
2014-10-14,14.1,14.34,14.03,13.85,97647.79,-0.17,-1.2,14.352,14.474,13.879,171821.79,200764.22,276281.5,3.56
2014-10-15,14.06,14.29,13.9,13.7,105045.23,-0.13,-0.93,14.268,14.363,14.048,166004.84,187630.25,276400.85,3.83
2014-10-16,13.72,13.84,13.35,13.31,116464.13,-0.55,-3.96,14.078,14.213,14.185,157533.12,169914.43,277940.69,4.25
2014-10-17,13.3,13.46,13.43,13.11,74697.55,0.08,0.6,13.782,14.089,14.273,110767.45,156576.79,262454.73,2.72
2014-10-20,13.4,13.61,13.58,13.37,59368.04,0.15,1.12,13.658,14.024,14.31,90644.55,137210.06,259463.51,2.17
2014-10-21,13.7,14.07,13.61,13.58,77957.88,0.03,0.22,13.574,13.963,14.287,86706.57,129264.18,229216.92,2.84
2014-10-22,13.64,13.95,13.64,13.42,62575.62,0.03,0.22,13.522,13.895,14.327,78212.64,122108.74,211546.35,2.28
2014-10-23,13.64,14.17,13.74,13.64,66448.29,0.1,0.73,13.6,13.839,14.309,68209.48,112871.3,197562.67,2.42
2014-10-24,13.55,13.87,13.76,13.01,127313.45,0.02,0.15,13.666,13.724,14.247,78732.66,94750.05,176739.23,4.64
2014-10-27,13.6,14.0,13.81,13.44,64003.72,0.05,0.36,13.712,13.685,14.134,79659.79,85152.17,157112.66,2.33
2014-10-28,14.41,14.81,14.08,13.98,126549.63,0.27,1.96,13.806,13.69,14.082,89378.14,88042.35,144403.29,4.62
2014-10-29,14.11,14.26,14.14,13.8,111987.03,0.06,0.43,13.906,13.714,14.039,99260.42,88736.53,138183.39,4.09
2014-10-30,14.26,14.26,13.77,13.73,72468.09,-0.37,-2.62,13.912,13.756,13.985,100464.38,84336.93,127125.68,2.64
2014-10-31,13.62,13.72,13.46,13.1,92293.17,-0.31,-2.25,13.852,13.759,13.924,93460.33,86096.49,121336.64,3.37
2014-11-03,13.46,13.97,13.9,13.45,67285.06,0.44,3.27,13.87,13.791,13.908,94116.6,86888.19,112049.13,2.45
2014-11-04,13.94,14.1,13.69,13.58,57245.27,-0.21,-1.51,13.792,13.799,13.881,80255.72,84816.93,107040.55,2.09
2014-11-05,14.0,14.38,14.38,13.65,115988.1,0.69,5.04,13.84,13.873,13.884,81055.94,90158.18,106133.46,4.23
2014-11-06,14.14,14.21,13.75,13.7,117974.65,-0.63,-4.38,13.836,13.874,13.857,90157.25,95310.82,104091.06,4.3
2014-11-07,13.75,13.75,13.47,13.33,61305.01,-0.28,-2.04,13.838,13.845,13.785,83959.62,88709.97,91730.01,2.24
2014-11-10,13.48,13.59,13.5,13.27,43614.05,0.03,0.22,13.758,13.814,13.75,79225.42,86671.01,85911.59,1.59
2014-11-11,13.45,13.58,13.0,12.82,84188.67,-0.5,-3.7,13.62,13.706,13.698,84614.1,82434.91,85238.63,3.07
2014-11-12,12.96,13.0,12.99,12.6,47488.98,-0.01,-0.08,13.342,13.591,13.653,70914.27,75985.11,82360.82,1.73
2014-11-13,12.91,12.99,12.34,12.3,62633.68,-0.65,-5.0,13.06,13.448,13.602,59846.08,75001.66,79669.3,2.28
2014-11-14,12.23,12.39,12.37,11.95,57135.77,0.03,0.24,12.84,13.339,13.549,59012.23,71485.92,78791.21,2.08
2014-11-17,12.25,12.3,12.2,11.92,86129.02,-0.17,-1.37,12.58,13.169,13.48,67515.22,73370.32,80129.26,3.14
2014-11-18,12.15,12.48,12.35,12.12,55404.5,0.15,1.23,12.45,13.035,13.417,61758.39,73186.24,79001.59,2.02
2014-11-19,12.34,13.52,13.09,12.25,128706.69,0.74,5.99,12.47,12.906,13.39,78001.93,74458.1,82308.14,4.7
2014-11-20,12.92,13.04,12.69,12.59,75011.06,-0.4,-3.06,12.54,12.8,13.337,80477.41,70161.74,82736.28,2.74
2014-11-21,12.62,12.78,12.66,12.58,39476.75,-0.03,-0.24,12.598,12.719,13.282,76945.6,67978.92,78344.45,1.44
2014-11-24,12.99,13.27,12.99,12.85,104387.51,0.33,2.61,12.756,12.668,13.241,80597.3,74056.26,80363.63,3.81
2014-11-25,12.98,13.12,13.11,12.78,66881.27,0.12,0.92,12.908,12.679,13.193,82892.66,72325.52,77380.22,2.44
2014-11-26,13.06,13.78,13.52,12.91,139253.08,0.41,3.13,12.994,12.732,13.162,85001.93,81501.93,78743.52,5.08
2014-11-27,13.55,13.57,13.26,13.13,82215.67,-0.26,-1.92,13.108,12.824,13.136,86442.86,83460.13,79230.9,3.0
2014-11-28,13.28,13.85,13.84,13.2,150061.48,0.58,4.37,13.344,12.971,13.155,108559.8,92752.7,82119.31,5.47
2014-12-01,13.73,14.59,13.87,13.6,179788.45,0.03,0.22,13.52,13.138,13.154,123639.99,102118.65,87744.48,6.56
2015-01-29,15.0,15.26,15.26,14.51,57166.38,1.39,10.02,13.95,13.429,13.232,121697.01,102294.83,87740.54,2.09
2015-01-30,16.22,16.22,14.12,14.11,273941.72,-1.14,-7.47,14.07,13.532,13.219,148634.74,116818.34,95638.22,9.99
2015-02-02,13.43,13.45,12.72,12.71,123090.82,-1.4,-9.91,13.962,13.535,13.168,156809.77,121626.31,95894.03,4.49
2015-02-03,12.71,13.24,12.92,12.68,86358.84,0.2,1.57,13.778,13.561,13.14,144069.24,126314.52,97146.72,3.15
2015-02-04,12.88,14.21,14.21,12.83,117120.65,1.29,9.98,13.846,13.683,13.176,131535.68,127587.84,100822.05,4.27
2015-02-05,14.22,15.51,14.63,14.22,235607.2,0.42,2.96,13.72,13.835,13.257,167223.85,144460.43,108392.98,8.6
2015-02-06,14.51,14.98,13.6,13.41,139514.52,-1.03,-7.04,13.616,13.843,13.288,140338.41,144486.57,112994.25,5.09
2015-02-09,13.57,13.9,13.05,13.05,88536.02,-0.55,-4.04,13.682,13.822,13.323,133427.45,145118.61,114289.37,3.23
2015-02-10,12.98,13.65,13.6,12.88,87953.44,0.55,4.21,13.818,13.798,13.385,133746.37,138907.8,115830.25,3.21
2015-02-11,13.65,14.29,14.08,13.39,116939.21,0.48,3.53,13.792,13.819,13.479,133710.08,132622.88,117370.76,4.27
2015-02-12,13.98,14.18,13.82,13.75,83548.12,-0.26,-1.85,13.63,13.675,13.552,103298.26,135261.05,118777.94,3.05
2015-02-13,13.83,14.31,14.02,13.83,106417.16,0.2,1.45,13.714,13.665,13.599,96678.79,118508.6,117663.47,3.88
2015-02-16,14.09,14.49,14.31,14.0,90600.65,0.29,2.07,13.966,13.824,13.68,97091.72,115259.58,118442.95,3.31
2015-02-17,14.25,14.38,14.04,13.98,72335.52,-0.27,-1.89,14.054,13.936,13.749,93968.13,113857.25,120085.89,2.64
2015-02-24,14.3,14.35,14.12,14.11,1713.0,0.08,0.57,14.062,13.927,13.805,70922.89,102316.48,114952.16,0.06
2015-02-25,14.09,14.16,13.85,13.8,54655.7,-0.19,-1.35,14.068,13.849,13.842,65144.41,84221.33,114340.88,1.99
2015-02-26,13.9,14.1,14.07,13.81,55008.14,0.22,1.59,14.078,13.896,13.87,54862.6,75770.7,110128.63,2.01
2015-02-27,14.18,14.19,13.94,13.89,55574.88,-0.13,-0.92,14.004,13.985,13.904,47857.45,72474.58,108796.6,2.03
2015-03-02,14.01,14.48,14.4,13.8,115532.1,0.46,3.3,14.076,14.065,13.932,56496.76,75232.45,107070.13,4.21
2015-03-03,14.3,14.84,14.42,14.11,139454.11,0.02,0.14,14.136,14.099,13.959,84044.99,77483.94,105053.41,5.09
2015-03-04,14.43,14.7,14.57,14.27,105274.46,0.15,1.04,14.28,14.174,13.925,94168.74,79656.57,107458.81,3.84
2015-03-05,14.62,15.49,15.09,14.5,177980.03,0.52,3.57,14.484,14.281,13.973,118763.12,86812.86,102660.73,6.49
2015-03-06,15.09,15.66,15.25,14.91,155574.73,0.16,1.06,14.746,14.375,14.1,138763.09,93310.27,104284.92,5.68
2015-03-09,15.15,16.78,16.78,15.0,191092.62,1.53,10.03,15.222,14.649,14.293,153875.19,105185.98,109521.61,6.97
2015-03-10,17.5,18.46,18.46,17.15,210477.84,1.68,10.01,16.03,15.083,14.505,168079.94,126062.46,114189.47,7.68
2015-03-11,19.4,19.99,18.22,17.83,479919.03,-0.24,-1.3,16.76,15.52,14.685,243008.85,168588.79,126405.06,17.51
2015-03-12,17.75,18.5,17.66,16.91,267312.44,-0.56,-3.07,17.274,15.879,14.888,260875.33,189819.22,132794.96,9.75
2015-03-13,17.55,18.3,17.85,17.18,206361.67,0.19,1.08,17.794,16.27,15.128,271032.72,204897.9,138686.24,7.53
2015-03-16,17.9,18.7,18.49,17.7,218936.12,0.64,3.58,18.136,16.679,15.372,276601.42,215238.31,145235.38,7.99
2015-03-17,18.55,18.65,18.42,17.91,198892.67,-0.07,-0.38,18.128,17.079,15.589,274284.39,221182.16,149333.05,7.26
2015-03-18,18.41,19.28,18.87,18.11,219168.88,0.45,2.44,18.258,17.509,15.842,222134.36,232571.6,156114.09,8.0
2015-03-19,18.75,19.2,18.77,18.45,154278.28,-0.1,-0.53,18.48,17.877,16.079,199527.52,230201.43,158507.14,5.63
2015-03-20,18.69,19.5,19.06,18.3,193127.31,0.29,1.54,18.722,18.258,16.317,196880.65,233956.69,163633.48,7.05
2015-03-23,19.3,19.96,19.5,19.05,207554.5,0.44,2.31,18.924,18.53,16.59,194604.33,235602.87,170394.43,7.57
2015-03-24,19.42,19.42,19.01,18.12,198543.47,-0.49,-2.51,19.042,18.585,16.834,194534.49,234409.44,180235.95,7.24
2015-03-25,18.73,18.92,18.56,18.3,167600.06,-0.45,-2.37,18.98,18.619,17.07,184220.72,203177.54,185883.17,6.11
2015-03-26,18.38,18.4,17.6,17.5,143680.05,-0.96,-5.17,18.746,18.613,17.246,182101.08,190814.3,190316.76,5.24
2015-03-27,17.51,18.3,18.21,17.51,114276.65,0.61,3.47,18.576,18.649,17.46,166330.95,181605.8,193251.85,4.17
2015-03-30,18.31,18.68,18.51,17.95,157036.45,0.3,1.65,18.378,18.651,17.665,156227.34,175415.83,195327.07,5.73
2015-03-31,18.78,18.96,18.13,18.09,122549.91,-0.38,-2.05,18.202,18.622,17.851,141028.62,167781.56,194481.86,4.47
2015-04-01,18.02,18.45,18.28,17.83,103550.69,0.15,0.83,18.146,18.563,18.036,128218.75,156219.74,194395.67,3.78
2015-04-02,18.34,18.55,18.49,18.21,121449.17,0.21,1.15,18.324,18.535,18.206,123772.57,152936.83,191569.13,4.43
2015-04-03,18.41,18.45,18.19,18.11,123308.84,-0.3,-1.62,18.32,18.448,18.353,125579.01,145954.98,189955.83,4.5
2015-04-07,18.21,19.1,19.09,18.11,215460.98,0.9,4.95,18.436,18.407,18.469,137263.92,146745.63,191174.25,7.86
2015-04-08,19.1,19.15,18.43,18.0,161158.2,-0.66,-3.46,18.496,18.349,18.467,144985.58,143007.1,188708.27,5.88
2015-04-09,18.43,18.54,18.07,17.5,109569.22,-0.36,-1.95,18.454,18.3,18.46,146189.28,137204.02,170190.78,4.0
2015-04-10,18.1,18.94,18.63,17.92,140735.91,0.56,3.1,18.482,18.403,18.508,150046.63,136909.6,163861.95,5.13
2015-04-13,18.66,20.49,20.49,18.65,187704.8,1.86,9.98,18.942,18.631,18.64,162925.82,144252.42,162929.11,6.85
2015-04-14,21.19,22.18,21.02,20.49,332796.81,0.53,2.59,19.328,18.882,18.767,186392.99,161828.45,168622.14,12.14
2015-04-15,20.5,20.79,19.84,19.64,185074.3,-1.18,-5.61,19.61,19.053,18.838,191176.21,168080.89,167931.22,6.75
2015-04-16,19.17,20.29,20.24,19.0,144773.12,0.4,2.02,20.044,19.249,18.906,198216.99,172203.14,164211.44,5.28
2015-04-17,20.42,20.6,19.64,19.6,151744.77,-0.6,-2.96,20.246,19.364,18.95,200418.76,175232.7,164084.76,5.54
2015-04-20,19.38,20.11,19.2,19.0,126002.51,-0.44,-2.24,19.988,19.465,18.957,188078.3,175502.06,160728.52,4.6
2015-04-21,19.2,19.95,19.9,19.1,96290.29,0.7,3.65,19.764,19.546,18.977,140777.0,163584.99,155165.31,3.51
2015-04-22,20.0,20.54,20.05,19.89,122554.74,0.15,0.75,19.806,19.708,19.029,128273.09,159724.65,151365.87,4.47
2015-04-23,20.0,21.14,20.96,19.88,179553.94,0.91,4.54,19.95,19.997,19.149,135229.25,166723.12,151963.57,6.55
2015-04-24,21.28,21.28,20.71,20.43,153367.03,-0.25,-1.19,20.164,20.205,19.304,135553.7,167986.23,152447.92,5.59
2015-04-27,20.78,21.0,20.69,20.57,46676.81,-0.02,-0.1,20.462,20.225,19.428,119688.56,153883.43,149067.92,1.7
2015-04-30,18.7,19.69,18.74,18.7,277487.53,-1.95,-9.43,20.23,19.997,19.44,155928.01,148352.5,155090.48,10.12
2015-05-04,18.5,18.72,18.53,18.3,130139.15,-0.21,-1.12,19.926,19.866,19.46,157444.89,142858.99,155469.94,4.75
2015-05-05,18.43,18.52,17.4,17.35,138308.38,-1.13,-6.1,19.214,19.582,19.416,149195.78,142212.52,157207.83,5.05
2015-05-06,17.21,17.78,17.02,16.92,86169.31,-0.38,-2.18,18.476,19.32,19.342,135756.24,135654.97,155443.83,3.14
2015-05-07,17.03,17.23,16.26,16.18,92331.39,-0.76,-4.46,17.59,19.026,19.246,144887.15,132287.86,153894.96,3.37
2015-05-08,16.52,16.79,16.78,16.3,91353.69,0.52,3.2,17.198,18.714,19.13,107660.38,131794.2,147689.6,3.33
2015-05-11,16.99,17.76,17.66,16.81,121517.97,0.88,5.24,17.024,18.475,19.092,105936.15,131690.52,145707.58,4.43
2015-05-12,17.82,17.94,17.85,17.42,121559.16,0.19,1.08,17.114,18.164,19.081,102586.3,125891.04,146307.08,4.43
2015-05-13,17.7,18.65,18.1,17.51,141235.64,0.25,1.4,17.33,17.903,19.054,113599.57,124677.9,146332.07,5.15
2015-05-14,17.88,17.97,17.77,17.6,89134.27,-0.33,-1.82,17.632,17.611,18.918,112960.15,128923.65,141403.54,3.25
2015-05-15,17.77,17.79,17.0,16.99,89951.72,-0.77,-4.33,17.676,17.437,18.717,112679.75,110170.07,129261.29,3.28
2015-05-18,16.99,18.7,18.7,16.8,172238.7,1.7,10.0,17.884,17.454,18.66,122823.9,114380.02,128619.51,6.28
2015-05-19,18.91,19.09,18.71,18.23,180063.73,0.01,0.05,18.056,17.585,18.584,134524.81,118555.56,130384.04,6.57
2015-05-20,20.57,20.58,20.58,20.0,160413.19,1.87,9.99,18.552,17.941,18.631,138360.32,125979.95,130817.46,5.85
2015-05-21,21.5,21.5,20.61,20.03,285750.97,0.03,0.15,19.12,18.376,18.701,177683.66,145321.9,138804.88,10.42
2015-05-22,20.66,22.67,22.1,20.39,292973.06,1.49,7.23,20.14,18.908,18.811,218287.93,165483.84,148639.02,10.69
2015-05-25,21.45,22.85,22.1,21.0,242632.67,0.0,0.0,20.82,19.352,18.914,232366.72,177595.31,154642.92,8.85
2015-05-26,21.96,23.0,22.85,21.4,241245.81,0.75,3.39,21.648,19.852,19.008,244603.14,189563.98,157727.51,8.8
2015-05-27,22.69,22.96,22.24,22.1,184216.98,-0.61,-2.67,21.98,20.266,19.085,249363.9,193862.11,159270.01,6.72
2015-05-28,21.68,21.8,20.02,20.02,254347.62,-2.22,-9.98,21.862,20.491,19.051,243083.23,210383.44,169653.55,9.28
2015-05-29,19.52,20.26,19.72,19.0,158640.27,-0.3,-1.5,21.386,20.763,19.1,216216.67,217252.3,163711.18,5.79
2015-06-01,19.72,21.69,21.46,19.6,197868.22,1.74,8.82,21.258,21.039,19.247,207263.78,219815.25,167097.64,7.22
2015-06-02,21.2,22.6,22.29,20.82,241618.61,0.83,3.87,21.146,21.397,19.491,207338.34,225970.74,172263.15,8.81
2015-06-03,22.2,22.2,21.82,20.91,196534.7,-0.47,-2.11,21.062,21.521,19.731,209801.88,229582.89,177781.42,7.17
2015-06-04,21.5,22.41,21.87,20.25,173499.11,0.05,0.23,21.432,21.647,20.012,193632.18,218357.71,181839.8,6.33
2015-06-05,22.43,23.48,22.99,21.85,303243.75,1.12,5.12,22.086,21.736,20.322,222552.88,219384.77,192434.31,11.06
2015-06-08,23.33,24.32,22.48,22.38,270627.09,-0.51,-2.22,22.29,21.774,20.563,237104.65,222184.22,199889.76,9.87
2015-06-09,22.05,23.68,23.44,21.2,235085.98,0.96,4.27,22.52,21.833,20.843,235798.13,221568.23,205566.1,8.58
2015-06-10,23.38,24.88,24.35,22.88,259513.22,0.91,3.88,23.026,22.044,21.155,248393.83,229097.86,211479.98,9.47
2015-06-11,24.0,24.34,24.19,23.62,171648.61,-0.16,-0.66,23.49,22.461,21.476,248023.73,220827.96,215605.7,6.26
2015-06-12,24.1,24.6,24.21,23.5,156169.11,0.02,0.08,23.734,22.91,21.837,218608.8,220580.84,218916.57,5.7
2015-06-15,24.29,25.11,23.44,23.0,159216.22,-0.77,-3.18,23.926,23.108,22.074,196326.63,216715.64,218265.45,5.81
2015-06-16,23.65,23.65,21.96,21.5,137006.66,-1.48,-6.31,23.63,23.075,22.236,176710.76,206254.45,216112.59,5.0
2015-06-17,21.8,22.18,21.82,20.34,117683.4,-0.14,-0.64,23.124,23.075,22.298,148344.8,198369.32,213976.1,4.29
2015-06-18,21.8,22.27,20.59,20.4,106780.71,-1.23,-5.64,22.404,22.947,22.297,135371.22,191697.48,205027.59,3.9
2015-06-19,20.0,20.4,18.53,18.53,105426.8,-2.06,-10.01,21.268,22.501,22.119,125222.76,171915.78,195650.28,3.85
2015-06-23,18.52,18.9,18.06,16.91,108539.65,-0.47,-2.54,20.192,22.059,21.917,115087.44,155707.04,188945.63,3.96
2015-06-24,18.12,18.81,18.78,17.7,104201.2,0.72,3.99,19.556,21.593,21.713,108526.35,142618.56,182093.4,3.8
2015-06-25,18.95,18.95,17.55,17.28,115951.74,-1.23,-6.55,18.702,20.913,21.479,108180.02,128262.41,178680.13,4.23
2015-06-26,16.78,16.78,15.8,15.8,106257.97,-1.75,-9.97,17.744,20.074,21.268,108075.47,121723.35,171275.65,3.88
2015-06-29,16.18,16.4,14.22,14.22,135505.78,-1.58,-10.0,16.882,19.075,20.993,114091.27,119657.01,170118.93,4.94
2015-06-30,13.9,14.96,14.89,12.8,156018.0,0.67,4.71,16.248,18.22,20.664,123586.94,119337.19,168026.42,5.69
2015-07-01,14.44,14.97,13.4,13.4,143418.94,-1.49,-10.01,15.172,17.364,20.22,131430.49,119978.42,163116.43,5.23
2015-07-02,13.01,13.24,12.06,12.06,143245.7,-1.34,-10.0,14.074,16.388,19.732,136889.28,122534.65,160451.98,5.23
2015-07-03,11.22,12.6,10.85,10.85,140662.19,-1.21,-10.03,13.084,15.414,19.181,143770.12,125922.8,158810.14,5.13
2015-07-06,11.94,11.94,9.78,9.77,168725.23,-1.07,-9.86,12.196,14.539,18.52,150414.01,132252.64,152084.21,6.16
2015-07-07,9.33,9.49,8.8,8.8,72043.0,-0.98,-10.02,10.978,13.613,17.836,133619.01,128602.98,142155.01,2.63
2015-07-08,7.92,7.92,7.92,7.92,20794.0,-0.88,-10.0,9.882,12.527,17.06,109094.02,120262.26,131440.41,0.76
2015-07-09,7.13,8.71,8.71,7.13,181256.94,0.79,9.97,9.212,11.643,16.278,116696.27,126792.78,127527.59,6.61
2015-07-10,9.19,9.58,9.58,9.0,79905.13,0.87,9.99,8.958,11.021,15.548,104544.86,124157.49,122940.42,2.91
2015-07-13,10.0,10.54,10.54,9.89,189435.45,0.96,10.02,9.11,10.653,14.864,108686.9,129550.46,124603.74,6.91
2015-07-14,10.99,11.59,11.3,10.6,339492.34,0.76,7.21,9.61,10.294,14.257,162176.77,147897.89,133617.54,12.38
2015-07-15,10.77,11.0,10.17,10.17,147751.66,-1.13,-10.0,10.06,9.971,13.668,187568.3,148331.16,134154.79,5.39
2015-07-16,9.25,10.6,10.12,9.15,204579.92,-0.05,-0.49,10.342,9.777,13.083,192232.9,154464.59,138499.62,7.46
2015-07-17,10.15,11.1,10.95,10.1,167074.38,0.83,8.2,10.616,9.787,12.601,209666.75,157105.81,141514.3,6.09
2015-07-20,11.25,11.68,11.31,10.8,234207.91,0.36,3.29,10.77,9.94,12.24,218621.24,163654.07,147953.36,8.54
2015-07-21,11.29,11.8,11.67,10.83,210870.62,0.36,3.18,10.844,10.227,11.92,192896.9,177536.84,153069.91,7.69
2015-07-22,11.5,11.98,11.85,11.2,203207.08,0.18,1.54,11.18,10.62,11.574,203987.98,195778.14,158020.2,7.41
2015-07-23,11.83,12.89,12.74,11.74,216793.78,0.89,7.51,11.704,11.023,11.333,206430.75,199331.83,163062.3,7.91
2015-07-24,12.75,12.95,12.22,11.96,234333.98,-0.52,-4.08,11.958,11.287,11.154,219882.67,214774.71,169466.1,8.55
2015-07-27,11.8,12.35,11.0,11.0,174087.38,-1.22,-9.98,11.896,11.333,10.993,207858.57,213239.9,171395.18,6.35
2015-07-28,10.1,10.9,9.9,9.9,194477.42,-1.1,-10.0,11.542,11.193,10.744,204579.93,198738.41,173318.15,7.09
2015-07-29,10.3,10.81,10.8,9.76,150454.3,0.9,9.09,11.332,11.256,10.614,194029.37,199008.68,173669.92,5.49
2015-07-30,10.6,11.1,10.33,10.28,136548.69,-0.47,-4.35,10.85,11.277,10.527,177980.35,192205.55,173335.07,4.98
2015-07-31,10.05,10.6,10.09,9.9,94781.04,-0.24,-2.32,10.424,11.191,10.489,150069.77,184976.22,171041.01,3.46
2015-08-03,10.01,10.16,9.4,9.11,118132.25,-0.69,-6.84,10.104,11.0,10.47,138878.74,173368.65,168511.36,4.31
2015-08-04,9.43,10.34,10.3,9.38,111782.52,0.9,9.57,10.184,10.863,10.545,122339.76,163459.84,170498.34,4.08
2015-08-05,10.3,10.5,10.15,10.0,120887.95,-0.15,-1.46,10.054,10.693,10.657,116426.49,155227.93,175503.04,4.41
2015-08-06,9.88,11.06,10.9,9.79,166069.95,0.75,7.39,10.168,10.509,10.766,122330.74,150155.55,174743.69,6.06
2015-08-07,10.84,11.34,11.23,10.58,152332.22,0.33,3.03,10.396,10.41,10.849,133840.98,141955.37,178365.04,5.56
2015-08-10,11.38,11.94,11.77,11.15,160965.19,0.54,4.81,10.87,10.487,10.91,142407.57,140643.15,176941.53,5.87
2015-08-11,11.73,12.09,11.83,11.61,160700.66,0.06,0.51,11.176,10.68,10.937,152191.19,137265.48,168001.95,5.86
2015-08-12,11.6,11.97,11.25,11.2,153470.88,-0.58,-4.9,11.396,10.725,10.991,158707.78,137567.14,168287.91,5.6
2015-08-13,11.2,11.83,11.83,11.07,159152.41,0.58,5.16,11.582,10.875,11.076,157324.27,139827.51,166016.53,5.81
2015-08-14,11.99,12.61,12.23,11.84,228120.95,0.4,3.38,11.782,11.089,11.14,172482.02,153161.5,169068.86,8.32
2015-08-17,12.03,12.77,12.77,12.01,177949.69,0.54,4.42,11.982,11.426,11.213,175878.92,159143.24,166255.95,6.49
2015-08-18,12.73,12.85,11.49,11.49,189049.47,-1.28,-10.02,11.914,11.545,11.204,181548.68,166869.94,165164.89,6.9
2015-08-19,11.05,11.77,11.75,10.4,169402.12,0.26,2.26,12.014,11.705,11.199,184734.93,171721.35,163474.64,6.18
2015-08-20,11.58,11.87,11.25,11.03,120159.34,-0.5,-4.25,11.898,11.74,11.125,176936.31,167130.29,158642.92,4.38
2015-08-21,11.0,11.48,10.78,10.55,173908.42,-0.47,-4.18,11.608,11.695,11.053,166093.81,169287.91,155621.64,6.34
2015-08-24,10.23,10.4,9.7,9.7,178262.75,-1.08,-10.02,10.994,11.488,10.988,166156.42,171017.67,155830.41,6.5
2015-08-25,9.11,9.6,8.73,8.73,154012.73,-0.97,-10.0,10.442,11.178,10.929,159149.07,170348.88,153807.18,5.62
2015-08-26,9.6,9.6,9.6,9.6,122770.31,0.87,9.97,10.012,11.013,10.869,149822.71,167278.82,152422.98,4.48
2015-08-27,10.56,10.56,10.56,10.0,341259.41,0.96,10.0,9.874,10.886,10.881,194042.72,185489.52,162658.51,12.45
2015-08-28,10.4,11.62,11.62,10.33,292999.38,1.06,10.04,10.042,10.825,10.957,217860.92,191977.36,172569.43,10.69
2015-08-31,12.26,12.78,12.59,12.2,330006.94,0.97,8.35,10.62,10.807,11.117,248209.75,207183.09,183163.16,12.04
2015-09-01,11.79,11.89,11.33,11.33,365043.0,-1.26,-10.01,11.14,10.791,11.168,290415.81,224782.44,195826.19,13.32
2015-09-02,10.29,11.5,10.2,10.2,245015.23,-1.13,-9.97,11.26,10.636,11.171,314864.79,232343.75,202032.55,8.94
2015-09-07,10.01,11.22,11.22,10.01,268729.59,1.02,10.0,11.392,10.633,11.187,300358.83,247200.78,207165.53,9.8
2015-09-08,11.1,12.34,12.34,10.9,381323.31,1.12,9.98,11.536,10.789,11.242,318023.61,267942.27,218615.09,13.91
2015-09-09,12.73,13.57,13.57,12.73,533543.81,1.23,9.97,11.732,11.176,11.332,358730.99,303470.37,237244.02,19.46
2015-09-10,13.0,14.23,13.4,12.75,493247.81,-0.17,-1.25,12.146,11.643,11.411,384371.95,337393.88,253871.38,17.99
2015-09-11,13.11,14.74,14.74,13.08,466089.59,1.34,10.0,13.054,12.157,11.585,428586.82,371725.81,269502.31,17.0
2015-09-14,15.18,15.37,13.27,13.27,429057.06,-1.47,-9.97,13.464,12.428,11.657,460652.32,380505.57,282997.55,15.65
2015-09-15,12.07,12.9,11.94,11.94,254368.41,-1.33,-10.02,13.384,12.46,11.643,435261.34,376642.48,284309.92,9.28
2015-09-16,11.99,13.13,13.13,11.99,342561.03,1.19,9.97,13.296,12.514,11.661,397064.78,377897.88,292540.49,12.5
2015-09-17,13.53,14.28,12.96,12.96,410909.09,-0.17,-1.29,13.208,12.677,11.734,380597.04,382484.49,303633.47,14.99
2015-09-18,12.8,13.28,12.87,12.31,250186.12,-0.09,-0.69,12.834,12.944,11.79,337416.34,383001.58,307672.67,9.13
2015-09-21,12.58,14.16,14.16,12.3,262365.38,1.29,10.02,13.012,13.238,11.936,304078.01,382365.16,314782.97,9.57
2015-09-22,14.32,15.39,14.53,13.7,405325.0,0.37,2.61,13.53,13.457,12.123,334269.32,384765.33,326353.8,14.79
2015-09-23,14.0,15.29,14.7,13.88,364723.81,0.17,1.17,13.844,13.57,12.373,338701.88,367883.33,335676.85,13.31
2015-09-24,14.59,15.18,14.71,14.18,263180.06,0.01,0.07,14.194,13.701,12.672,309156.07,344876.56,341135.22,9.6
2015-09-25,14.5,14.58,13.24,13.24,233692.64,-1.47,-9.99,14.268,13.551,12.854,305857.38,321636.86,346681.33,8.53
2015-09-28,13.21,13.87,13.71,12.63,160818.45,0.47,3.55,14.178,13.595,13.012,285547.99,294813.0,337659.29,5.87
2015-09-29,13.15,13.42,12.69,12.52,154488.66,-1.02,-7.44,13.81,13.67,13.065,235380.72,284825.02,330733.75,5.64
2015-09-30,12.65,13.1,12.59,12.58,101186.98,-0.1,-0.79,13.388,13.616,13.065,182673.36,260687.62,319292.75,3.69
2015-10-07,12.87,13.01,12.91,12.84,2826.0,0.32,2.54,13.028,13.611,13.144,130602.55,219879.31,301181.9,0.1
2015-10-08,13.09,13.85,13.85,12.85,205480.84,1.26,10.01,13.15,13.709,13.327,124960.19,215408.78,299205.18,7.5
2015-10-09,13.85,14.09,13.7,13.48,212573.05,-0.15,-1.08,13.148,13.663,13.451,135311.11,210429.55,296397.36,7.75
2015-10-12,13.8,14.8,14.42,13.68,250314.28,0.72,5.25,13.494,13.652,13.555,154476.23,194928.48,289846.9,9.13
2015-10-13,14.3,15.17,14.85,14.12,269049.44,0.43,2.98,13.946,13.667,13.619,188048.72,185361.04,276622.18,9.82
2015-10-14,14.67,16.1,15.46,14.38,357461.03,0.61,4.11,14.456,13.742,13.722,258975.73,194789.14,269832.85,13.04
2015-10-15,15.1,15.98,15.53,14.8,323204.62,0.07,0.45,14.792,13.971,13.761,282520.48,203740.34,262688.6,11.79
2015-10-16,15.54,15.98,15.35,15.2,303394.0,-0.18,-1.16,15.122,14.135,13.865,300684.67,217997.89,256405.44,11.07
2015-10-19,15.25,15.28,14.81,14.62,233947.55,-0.54,-3.52,15.2,14.347,14.009,297411.33,225943.78,255384.4,8.53
2015-10-20,14.77,16.29,16.29,14.72,338156.62,1.48,9.99,15.488,14.717,14.167,311232.76,249640.74,255164.18,12.34
2015-10-21,16.29,16.63,14.66,14.66,364207.03,-1.63,-10.01,15.328,14.892,14.252,312581.96,285778.85,252829.08,13.29
2015-10-22,14.3,15.2,14.92,13.9,254022.8,0.26,1.77,15.206,14.999,14.354,298745.6,290633.04,253020.91,9.27
2015-10-23,14.9,15.62,15.18,14.6,225332.27,0.26,1.74,15.172,15.147,14.405,283133.25,291908.96,251169.26,8.22
2015-10-26,15.33,15.59,15.03,14.83,213474.69,-0.15,-0.99,15.216,15.208,14.43,279038.68,288225.01,241576.74,7.79
2015-10-27,14.8,14.92,14.91,13.73,184173.72,-0.12,-0.8,14.94,15.214,14.441,248242.1,279737.43,232549.24,6.72
2015-10-28,14.8,16.0,15.7,14.4,339174.81,0.79,5.3,15.148,15.238,14.49,243235.66,277908.81,236348.97,12.37
2015-10-29,15.48,15.67,15.13,14.97,241542.73,-0.57,-3.63,15.19,15.198,14.585,240739.64,269742.62,236741.48,8.81
2015-10-30,15.0,15.0,14.56,14.5,143893.59,-0.57,-3.77,15.066,15.119,14.627,224451.91,253792.58,235895.24,5.25
2015-11-02,14.01,14.78,13.87,13.8,119236.34,-0.69,-4.74,14.834,15.025,14.686,205604.24,242321.46,234132.62,4.35
2015-11-03,13.87,14.14,13.68,13.55,93246.94,-0.19,-1.37,14.588,14.764,14.741,187418.88,217830.49,233735.62,3.4
2015-11-04,13.68,14.4,14.32,13.68,115411.18,0.64,4.68,14.312,14.73,14.811,142666.16,192950.91,239364.88,4.21
2015-11-05,14.32,14.58,14.28,14.1,133070.45,-0.04,-0.28,14.142,14.666,14.833,120971.7,180855.67,235744.36,4.85
2015-11-06,14.15,14.88,14.7,14.1,132899.12,0.42,2.94,14.17,14.618,14.883,118772.81,171612.36,231760.66,4.85
2015-11-09,14.54,15.29,15.1,14.4,196543.48,0.4,2.72,14.416,14.625,14.917,134234.23,169919.24,229072.12,7.17
2015-11-10,14.98,15.23,14.86,14.72,145222.44,-0.24,-1.59,14.652,14.62,14.917,144629.33,166024.11,222880.77,5.3
2015-11-11,15.09,15.68,15.62,14.89,207868.7,0.76,5.11,14.912,14.612,14.925,163120.84,152893.5,215401.15,7.58
2015-11-12,15.54,15.8,15.38,15.12,219166.19,-0.24,-1.54,15.132,14.637,14.918,180339.99,150655.84,210199.23,8.0
2015-11-13,14.99,16.59,16.12,14.86,321980.69,0.74,4.81,15.416,14.793,14.956,218156.3,168464.55,211128.57,11.75
2015-11-16,15.83,17.1,16.66,15.4,312685.38,0.54,3.35,15.728,15.072,15.049,241384.68,187809.46,215065.46,11.41
2015-11-17,16.7,16.91,16.42,16.2,316649.47,-0.24,-1.44,16.04,15.346,15.055,275670.09,210149.71,213990.1,11.55
2015-11-18,16.28,16.68,15.92,15.75,221884.05,-0.5,-3.04,16.1,15.506,15.118,278473.16,220797.0,206873.95,8.09
2015-11-19,15.77,15.95,15.75,15.15,210693.25,-0.17,-1.07,16.174,15.653,15.16,276778.57,228559.28,204707.47,7.69
2015-11-20,15.75,15.92,15.75,15.55,141060.77,0.0,0.0,16.1,15.758,15.188,240594.58,229375.44,200493.9,5.15
2015-11-23,15.6,15.95,15.5,15.23,131176.94,-0.25,-1.59,15.868,15.798,15.212,204292.9,222838.79,196379.01,4.79
2015-11-24,15.6,16.1,16.06,15.5,169705.53,0.56,3.61,15.796,15.918,15.269,174904.11,225287.1,195655.6,6.19
2015-11-25,15.96,16.3,16.19,15.65,174129.12,0.13,0.81,15.85,15.975,15.294,165353.12,221913.14,187403.32,6.35
2015-11-26,16.3,16.3,15.53,15.51,143773.95,-0.66,-4.08,15.806,15.99,15.314,151969.26,214373.91,182514.88,5.24
2015-11-27,15.2,15.4,13.98,13.98,176264.3,-1.55,-9.98,15.452,15.776,15.285,159009.97,199802.28,184133.41,6.43
2015-11-30,13.86,14.11,13.78,12.6,125672.22,-0.2,-1.43,15.108,15.488,15.28,157909.02,181100.96,184455.21,4.58
2015-12-01,13.6,14.5,14.07,13.4,108074.95,0.29,2.1,14.71,15.253,15.3,145582.91,160243.51,185196.61,3.94
2015-12-02,14.04,14.19,13.69,13.13,69880.05,-0.38,-2.7,14.21,15.03,15.268,124733.09,145043.11,182920.05,2.55
2015-12-03,13.68,14.21,14.04,13.68,61408.49,0.35,2.56,13.912,14.859,15.256,108260.0,130114.63,179336.95,2.24
2015-12-04,13.9,14.3,14.09,13.8,71029.92,0.05,0.36,13.934,14.693,15.226,87213.13,123111.55,176243.49,2.59
2015-12-07,14.18,15.2,14.99,14.1,119889.78,0.9,6.39,14.176,14.642,15.22,86056.64,121982.83,172410.81,4.37
2015-12-08,15.02,15.02,14.33,14.32,104785.69,-0.66,-4.4,14.228,14.469,15.194,85398.79,115490.85,170388.97,3.82
2015-12-09,14.04,14.26,13.84,13.71,80991.85,-0.49,-3.42,14.258,14.234,15.105,87621.15,106177.12,164045.13,2.95
2015-12-10,13.82,14.35,13.91,13.72,74733.49,0.07,0.51,14.232,14.072,15.031,90286.15,99273.07,156823.49,2.73
2015-12-11,14.04,14.44,14.0,14.0,65113.62,0.09,0.65,14.214,14.074,14.925,89102.89,88158.01,143980.14,2.38
2015-12-14,13.86,14.18,14.12,13.63,53422.73,0.12,0.86,14.04,14.108,14.798,75809.48,80933.06,131017.01,1.95
2015-12-15,14.16,14.82,14.46,14.16,79034.23,0.34,2.41,14.066,14.147,14.7,70659.18,78028.99,119136.25,2.88
2015-12-16,14.46,14.79,14.6,14.37,76301.58,0.14,0.97,14.218,14.238,14.634,69721.13,78671.14,111857.12,2.78
2015-12-17,14.76,14.96,14.87,14.65,102860.7,0.27,1.85,14.41,14.321,14.59,75346.57,82816.36,106465.5,3.75
2015-12-18,14.85,14.96,14.7,14.53,77926.61,-0.17,-1.14,14.55,14.382,14.538,77909.17,83506.03,103308.79,2.84
2015-12-21,14.87,15.77,15.48,14.85,177376.16,0.78,5.31,14.822,14.431,14.537,102699.86,89254.67,105618.75,6.47
2015-12-22,15.56,15.68,15.51,15.15,110286.19,0.03,0.19,15.032,14.549,14.509,108950.25,89804.72,102647.78,4.02
2015-12-23,15.57,16.67,15.86,15.32,187406.36,0.35,2.26,15.284,14.751,14.493,131171.2,100446.17,103311.64,6.84
2015-12-24,15.68,16.0,15.37,15.2,112496.71,-0.49,-3.09,15.384,14.897,14.485,133098.41,104222.49,101747.78,4.1
2015-12-25,15.29,15.81,15.49,15.29,74542.78,0.12,0.78,15.542,15.046,14.56,132421.64,105165.4,96661.71,2.72
2015-12-28,15.57,15.67,14.85,14.79,111043.7,-0.64,-4.13,15.416,15.119,14.614,119155.15,110927.5,95930.28,4.05
2015-12-29,14.84,15.18,15.1,14.76,64592.17,0.25,1.68,15.334,15.183,14.665,110016.34,109483.3,93756.14,2.36
2015-12-30,15.11,15.5,15.35,15.11,69354.84,0.25,1.66,15.232,15.258,14.748,86406.04,108788.62,93729.88,2.53
2015-12-31,15.38,15.75,15.21,15.2,75234.44,-0.14,-0.91,15.2,15.292,14.807,78953.59,106026.0,94421.18,2.74
2016-01-04,15.15,15.17,13.69,13.69,82305.89,-1.52,-9.99,14.84,15.191,14.787,80506.21,106463.92,94984.98,3.0
2016-01-05,12.7,13.52,12.8,12.34,120325.45,-0.89,-6.5,14.43,14.923,14.677,82362.56,100758.85,95006.76,4.39
2016-01-06,12.9,13.35,13.25,12.8,71100.2,0.45,3.52,14.06,14.697,14.623,83664.16,96840.25,93322.49,2.59
2016-01-07,13.0,13.0,11.93,11.93,20590.0,-1.32,-9.96,13.376,14.304,14.528,73911.2,80158.62,90302.39,0.75
2016-01-08,12.25,12.25,11.75,11.0,89107.97,-0.18,-1.51,12.684,13.942,14.42,76685.9,77819.74,91021.12,3.25
2016-01-11,11.48,11.48,10.58,10.58,81886.97,-1.17,-9.96,12.062,13.451,14.249,76602.12,78554.16,91859.78,2.99
2016-01-12,10.4,10.81,10.61,10.01,55573.6,0.03,0.28,11.624,13.027,14.073,63651.75,73007.15,91967.33,2.03
2016-01-13,10.66,10.8,10.0,10.0,50417.35,-0.61,-5.75,10.974,12.517,13.85,59515.18,71589.67,90536.48,1.84
2016-01-14,9.53,10.44,10.38,9.53,54372.17,0.38,3.8,10.664,12.02,13.639,66271.61,70091.4,89440.01,1.98
2016-01-15,10.31,10.48,10.16,10.11,47607.89,-0.22,-2.12,10.346,11.515,13.404,57971.6,67328.75,86677.37,1.74
2016-01-18,9.85,10.58,10.38,9.8,38493.12,0.22,2.17,10.306,11.184,13.188,49292.83,62947.47,84705.7,1.4
2016-01-19,10.29,10.74,10.7,10.15,53555.64,0.32,3.08,10.324,10.974,12.949,48889.23,56270.49,78514.67,1.95
2016-01-20,10.56,10.85,10.43,10.42,52849.35,-0.27,-2.52,10.41,10.692,12.695,49375.63,54445.41,75642.83,1.93
2016-01-21,10.29,10.48,9.97,9.95,61439.39,-0.46,-4.41,10.328,10.496,12.4,50789.08,58530.34,69344.48,2.24
2016-01-22,10.07,10.21,10.11,9.89,36791.2,0.14,1.4,10.318,10.332,12.137,48625.74,53298.67,65559.21,1.34
2016-01-25,10.17,10.37,10.22,10.14,29476.93,0.11,1.09,10.286,10.296,11.874,46822.5,48057.66,63305.91,1.08
2016-01-26,10.08,10.1,9.41,9.25,63756.33,-0.81,-7.93,10.028,10.176,11.602,48862.64,48875.94,60941.55,2.33
2016-01-27,9.41,9.59,9.38,9.0,48040.67,-0.03,-0.32,9.818,10.114,11.316,47900.9,48638.27,60113.97,1.75
2016-01-28,9.04,9.4,9.08,9.02,28251.28,-0.3,-3.2,9.64,9.984,11.002,41263.28,46026.18,58058.79,1.03
2016-01-29,9.13,9.55,9.41,9.13,27296.19,0.33,3.63,9.5,9.909,10.712,39364.28,43995.01,55661.88,1.0
2016-02-01,9.42,9.53,9.39,9.3,26462.43,-0.02,-0.21,9.334,9.81,10.497,38761.38,42791.94,52869.71,0.97
2016-02-02,9.4,9.84,9.81,9.26,31931.49,0.42,4.47,9.414,9.721,10.348,32396.41,40629.53,48450.01,1.17
2016-02-03,9.82,10.13,10.06,9.63,38670.19,0.25,2.55,9.55,9.684,10.188,30522.32,39211.61,46828.51,1.41
2016-02-04,10.07,10.25,10.14,10.01,39548.45,0.08,0.8,9.762,9.701,10.099,32781.75,37022.52,47776.43,1.44
2016-02-05,10.14,10.36,9.98,9.98,27301.89,-0.16,-1.58,9.876,9.688,10.01,32782.89,36073.59,44686.13,1.0
2016-02-15,9.6,9.95,9.86,9.54,18657.15,-0.12,-1.2,9.97,9.652,9.974,31221.83,34991.61,41524.64,0.68
2016-02-16,10.03,10.33,10.33,9.98,40589.03,0.47,4.77,10.074,9.744,9.96,32953.34,32674.88,40775.41,1.48
2016-02-17,10.26,10.54,10.45,10.16,44074.53,0.12,1.16,10.152,9.851,9.983,34034.21,32278.26,40458.27,1.61
2016-02-18,10.85,11.5,11.5,10.65,159300.48,1.05,10.05,10.424,10.093,10.039,57984.62,45383.18,45704.68,5.81
2016-02-19,11.18,11.45,11.19,11.09,123694.55,-0.31,-2.7,10.666,10.271,10.09,77263.15,55023.02,49509.01,4.51
2016-02-22,11.39,11.49,11.45,11.2,72097.63,0.26,2.32,10.984,10.477,10.144,87951.24,59586.54,51189.24,2.63
2016-02-23,11.43,11.47,11.22,11.1,58373.43,-0.23,-2.01,11.162,10.618,10.17,91508.12,62230.73,51430.13,2.13
2016-02-24,11.3,11.46,11.14,10.87,61076.51,-0.08,-0.71,11.3,10.726,10.205,94908.52,64471.37,51841.49,2.23
2016-02-25,11.1,11.1,10.03,10.03,71313.21,-1.11,-9.96,11.006,10.715,10.208,77311.07,67647.84,52335.18,2.6
2016-02-26,10.03,10.26,10.03,9.66,51598.55,0.0,0.0,10.774,10.72,10.204,62891.87,70077.51,53075.55,1.88
2016-02-29,10.06,10.3,9.43,9.21,54458.58,-0.6,-5.98,10.37,10.677,10.165,59364.06,73657.65,54324.63,1.99
2016-03-01,9.48,9.98,9.84,9.43,50857.44,0.41,4.35,10.094,10.628,10.186,57860.86,74684.49,53679.68,1.86
2016-03-02,9.8,10.57,10.52,9.71,87601.72,0.68,6.91,9.97,10.635,10.243,63165.9,79037.21,55657.74,3.2
2016-03-03,10.49,10.65,10.48,10.38,89845.74,-0.04,-0.38,10.06,10.533,10.313,66872.41,72091.74,58737.46,3.28
2016-03-04,10.4,10.4,9.87,9.75,68634.24,-0.61,-5.82,10.028,10.401,10.336,70279.54,66585.71,60804.36,2.5
2016-03-07,9.8,10.18,10.1,9.8,34455.36,0.23,2.33,10.162,10.266,10.372,66278.9,62821.48,61204.01,1.26
2016-03-08,10.11,10.19,10.11,9.64,52940.53,0.01,0.1,10.216,10.155,10.387,66695.52,62278.19,62254.46,1.93
2016-03-09,9.81,10.09,9.97,9.73,26565.27,-0.14,-1.39,10.106,10.038,10.382,54488.23,58827.06,61649.21,0.97
2016-03-10,9.89,10.08,9.75,9.71,25642.44,-0.22,-2.21,9.96,10.01,10.363,41647.57,54259.99,60953.91,0.94
2016-03-11,9.66,9.82,9.76,9.61,20762.8,0.01,0.1,9.938,9.983,10.352,32073.28,51176.41,60626.96,0.76
2016-03-14,9.87,10.22,10.06,9.85,40287.09,0.3,3.07,9.93,10.046,10.362,33239.63,49759.26,61708.46,1.47
2016-03-15,10.02,10.25,10.06,10.0,30536.64,0.0,0.0,9.92,10.068,10.348,28758.85,47727.18,61205.84,1.11
2016-03-16,10.26,10.52,10.17,10.14,59577.04,0.11,1.09,9.96,10.033,10.334,35361.2,44924.72,61980.96,2.17
2016-03-17,10.19,10.78,10.52,10.07,62596.2,0.35,3.44,10.114,10.037,10.285,42751.95,42199.76,57145.75,2.28
2016-03-18,10.55,10.98,10.75,10.45,115643.27,0.23,2.19,10.312,10.125,10.263,61728.05,46900.66,56743.18,4.22
2016-03-21,10.83,11.08,10.9,10.72,103477.84,0.15,1.4,10.48,10.205,10.236,74366.2,53802.91,58312.19,3.78
2016-03-22,10.78,11.06,10.98,10.68,80072.64,0.08,0.73,10.664,10.292,10.224,84273.4,56516.12,59397.16,2.92
2016-03-23,10.88,11.08,10.97,10.79,57944.76,-0.01,-0.09,10.824,10.392,10.215,83946.94,59654.07,59240.57,2.11
2016-03-24,10.97,11.29,10.98,10.71,99687.01,0.01,0.09,10.916,10.515,10.263,91365.1,67058.53,60659.26,3.64
2016-03-25,10.93,11.46,11.33,10.86,91420.02,0.35,3.19,11.032,10.672,10.328,86520.45,74124.25,62650.33,3.34
2016-03-28,11.32,11.45,11.01,10.98,75275.52,-0.32,-2.82,11.054,10.767,10.407,80879.99,77623.09,63691.18,2.75
2016-03-29,11.01,11.08,10.72,10.55,54512.69,-0.29,-2.63,11.002,10.833,10.451,75768.0,80020.7,63873.94,1.99
2016-03-30,10.82,11.14,11.12,10.77,67539.56,0.4,3.73,11.032,10.928,10.481,77686.96,80816.95,62870.83,2.46
2016-03-31,11.18,11.44,11.21,11.12,71004.84,0.09,0.81,11.078,10.997,10.517,71950.53,81657.82,61928.79,2.59
2016-04-01,11.13,11.29,11.08,10.82,52779.56,-0.13,-1.16,11.028,11.03,10.578,64222.43,75371.44,61136.05,1.93
2016-04-05,11.05,11.65,11.58,11.05,96585.32,0.5,4.51,11.142,11.098,10.652,68484.39,74682.19,64242.55,3.52
2016-04-06,11.48,11.75,11.68,11.39,71257.91,0.1,0.86,11.334,11.168,10.73,71833.44,73800.72,65158.42,2.6
2016-04-07,11.8,11.96,11.6,11.48,77886.43,-0.08,-0.69,11.43,11.231,10.812,73902.81,75794.89,67724.48,2.84
2016-04-08,11.5,11.58,11.45,11.27,61306.01,-0.15,-1.29,11.478,11.278,10.897,71963.05,71956.79,69507.66,2.24
2016-04-11,11.75,12.37,12.07,11.56,92851.86,0.62,5.42,11.676,11.352,11.012,79977.51,72099.97,73112.11,3.39
2016-04-12,11.91,12.45,12.34,11.91,92390.84,0.27,2.24,11.828,11.485,11.126,79138.61,73811.5,75717.3,3.37
2016-04-13,12.45,12.58,12.33,12.17,106171.91,-0.01,-0.08,11.958,11.646,11.24,86121.41,78977.42,79499.06,3.87
2016-04-14,12.4,13.34,13.34,12.31,152360.41,1.01,8.19,12.306,11.868,11.398,101016.21,87459.51,84138.23,5.56
2016-04-15,13.3,13.3,13.18,12.91,99036.47,-0.16,-1.2,12.652,12.065,11.531,108562.3,90262.67,85960.24,3.61
2016-04-18,13.54,13.54,13.05,12.9,96859.49,-0.13,-0.99,12.848,12.262,11.646,109363.82,94670.67,85021.05,3.53
2016-04-19,13.25,13.28,12.79,12.69,90490.57,-0.26,-1.99,12.938,12.383,11.741,108983.77,94061.19,84371.69,3.3
2016-04-20,12.93,13.36,12.69,12.01,138274.83,-0.1,-0.78,13.01,12.484,11.826,115404.35,100762.88,87281.8,5.04
2016-04-21,12.56,13.28,12.62,12.48,107900.67,-0.07,-0.55,12.866,12.586,11.909,106512.41,103764.31,89779.6,3.94
2016-04-22,12.58,13.25,13.13,12.58,85948.26,0.51,4.04,12.856,12.754,12.016,103894.76,106228.53,89092.66,3.14
2016-04-25,12.83,13.77,13.47,12.71,91979.11,0.34,2.59,12.94,12.894,12.123,102918.69,106141.26,89120.61,3.36
2016-04-26,13.42,13.66,13.5,13.16,63882.18,0.03,0.22,13.082,13.01,12.248,97597.01,103290.39,88550.95,2.33
2016-04-27,13.4,13.71,13.3,13.22,59938.82,-0.2,-1.48,13.204,13.107,12.377,81929.81,98667.08,88822.25,2.19
2016-04-28,13.08,13.28,12.95,12.68,56467.69,-0.35,-2.63,13.27,13.068,12.468,71643.21,89077.81,88268.66,2.06
2016-04-29,12.8,13.36,13.15,12.8,43728.96,0.2,1.54,13.274,13.065,12.565,63199.35,83547.06,86904.87,1.6
2016-05-03,13.15,13.54,13.45,13.05,63947.82,0.3,2.28,13.27,13.105,12.684,57593.09,80255.89,87463.28,2.33
2016-05-04,13.42,13.84,13.56,13.36,83890.25,0.11,0.82,13.282,13.182,12.783,61594.71,79595.86,86828.52,3.06
2016-05-05,13.3,13.69,13.42,13.3,50358.15,-0.14,-1.03,13.306,13.255,12.87,59678.57,70804.19,85783.54,1.84
2016-05-06,13.33,13.5,12.38,12.35,90326.99,-1.04,-7.75,13.192,13.231,12.909,66450.43,69046.82,86405.56,3.3
2016-05-09,12.02,12.3,11.71,11.71,59916.2,-0.67,-5.41,12.904,13.089,12.922,69687.88,66443.62,86336.07,2.19
2016-05-10,11.85,11.85,11.28,11.12,51361.04,-0.43,-3.67,12.47,12.87,12.882,67170.53,62381.81,84261.53,1.87
2016-05-11,11.41,11.5,11.12,10.95,52811.78,-0.16,-1.42,11.982,12.632,12.821,60954.83,61274.77,82282.58,1.93
2016-05-12,10.81,10.85,10.8,10.01,57097.39,-0.32,-2.88,11.458,12.382,12.745,62302.68,60990.63,79828.85,2.08
2016-05-13,10.7,10.99,10.72,10.6,25014.11,-0.08,-0.74,11.126,12.159,12.614,49240.1,57845.27,73461.54,0.91
2016-05-16,10.94,11.09,11.06,10.6,27326.39,0.34,3.17,10.996,11.95,12.508,42722.14,56205.01,69876.04,1.0
2016-05-17,11.03,11.17,11.03,10.86,23422.51,-0.03,-0.27,10.946,11.708,12.407,37134.44,52152.48,66204.19,0.85
2016-05-18,10.85,10.95,10.37,10.25,36570.11,-0.66,-5.98,10.796,11.389,12.286,33886.1,47420.47,63508.16,1.33
2016-05-19,10.44,10.68,10.49,10.2,26201.85,0.12,1.16,10.734,11.096,12.176,27706.99,45004.84,57904.51,0.96
2016-05-20,10.48,10.85,10.8,10.3,21783.74,0.31,2.96,10.75,10.938,12.085,27060.92,38150.51,53598.67,0.79
2016-05-23,10.81,11.15,11.02,10.8,25043.74,0.22,2.04,10.742,10.869,11.979,26604.39,34663.27,50553.44,0.91
2016-05-24,11.04,11.37,11.11,11.02,34201.9,0.09,0.82,10.758,10.852,11.861,28760.27,32947.35,47664.58,1.25
2016-05-25,11.13,11.29,11.0,10.93,22209.21,-0.11,-0.99,10.884,10.84,11.736,25888.09,29887.1,45580.93,0.81
2016-05-26,10.96,11.12,11.09,10.72,22838.72,0.09,0.82,11.004,10.869,11.626,25215.46,26461.23,43725.93,0.83
2016-05-27,11.0,11.19,11.09,11.0,14100.85,0.0,0.0,11.062,10.906,11.533,23678.88,25369.9,41607.59,0.51
2016-05-30,11.07,11.29,11.08,10.9,21275.53,-0.01,-0.09,11.074,10.908,11.429,22925.24,24764.82,40484.91,0.78
2016-05-31,11.11,11.5,11.5,11.08,49967.47,0.42,3.79,11.152,10.955,11.332,26078.36,27419.31,39785.9,1.82
2016-06-01,11.5,11.79,11.57,11.43,49338.82,0.07,0.61,11.266,11.075,11.232,31504.28,28696.18,38058.32,1.8
2016-06-02,11.51,11.74,11.7,11.47,26451.9,0.13,1.12,11.388,11.196,11.146,32226.91,28721.19,36863.01,0.97
2016-06-03,11.74,11.74,11.61,11.5,32212.72,-0.09,-0.77,11.492,11.277,11.108,35849.29,29764.09,33957.3,1.18
2016-06-06,11.6,11.73,11.73,11.51,43944.95,0.12,1.03,11.622,11.348,11.109,40383.17,31654.21,33158.74,1.6
2016-06-07,11.8,12.9,12.9,11.8,166862.81,1.17,9.97,11.902,11.527,11.19,63762.24,44920.3,38933.83,6.09
2016-06-08,12.72,13.15,12.93,12.3,150932.45,0.03,0.23,12.174,11.72,11.28,84080.97,57792.62,43839.86,5.51
2016-06-13,12.71,12.85,12.37,12.37,85550.91,-0.56,-4.33,12.308,11.848,11.359,95900.77,64063.84,45262.53,3.12
2016-06-14,12.37,12.64,12.15,11.98,63208.89,-0.22,-1.78,12.416,11.954,11.43,102100.0,68974.64,47172.27,2.31
2016-06-15,12.01,13.24,13.06,12.01,107293.47,0.91,7.49,12.682,12.152,11.53,114769.71,77576.44,51170.63,3.91
2016-06-16,13.03,13.08,13.02,12.7,61528.69,-0.04,-0.31,12.706,12.304,11.63,93702.88,78732.56,53075.94,2.24
2016-06-17,13.0,13.55,12.75,12.5,80944.21,-0.27,-2.07,12.67,12.422,11.749,79705.23,81893.1,55294.64,2.95
2016-06-20,12.45,12.78,12.69,12.0,79876.2,-0.06,-0.47,12.734,12.521,11.859,78570.29,87235.53,57978.36,2.91
2016-06-21,12.59,12.92,12.34,12.25,52111.38,-0.35,-2.76,12.772,12.594,11.936,76350.79,89225.4,59494.74,1.9
2016-06-22,12.31,12.75,12.61,12.2,29545.91,0.27,2.19,12.682,12.682,12.015,60801.28,87785.49,59719.85,1.08
2016-06-23,12.51,12.64,12.36,12.24,27828.47,-0.25,-1.98,12.55,12.628,12.078,54061.23,73882.06,59401.18,1.02
2016-06-24,12.44,12.96,12.85,12.06,69710.53,0.49,3.96,12.57,12.62,12.17,51814.5,65759.87,61776.24,2.54
2016-06-27,12.71,13.17,13.02,12.68,61024.99,0.17,1.32,12.636,12.685,12.267,48044.26,63307.27,63685.56,2.23
2016-06-28,13.03,13.17,13.05,12.76,51774.46,0.03,0.23,12.778,12.775,12.365,47976.87,62163.83,65569.24,1.89
2016-06-29,13.18,13.2,13.1,12.95,40370.82,0.05,0.38,12.876,12.779,12.466,50141.85,55471.57,66524.0,1.47
2016-06-30,13.03,13.09,12.83,12.68,37979.71,-0.27,-2.06,12.97,12.76,12.532,52172.1,53116.67,65924.61,1.39
2016-07-01,12.87,13.0,12.75,12.73,22520.51,-0.08,-0.62,12.95,12.76,12.591,42734.1,47274.3,64583.7,0.82
2016-07-04,12.69,12.96,12.9,12.54,32712.64,0.15,1.18,12.926,12.781,12.651,37071.63,42557.94,64896.74,1.2
2016-07-05,12.92,13.4,13.35,12.82,68740.09,0.45,3.49,12.986,12.882,12.738,40464.75,44220.81,66723.1,2.51
2016-07-06,13.29,13.39,13.1,12.99,48196.57,-0.25,-1.87,12.986,12.931,12.807,42029.9,46085.88,66935.69,1.76
2016-07-07,13.09,13.18,13.06,12.9,31591.86,-0.04,-0.3,13.032,13.001,12.815,40752.33,46462.22,60172.14,1.15
2016-07-08,13.0,13.57,13.48,12.96,75724.9,0.42,3.22,13.178,13.064,12.842,51393.21,47063.66,56411.76,2.84
2016-07-11,13.4,14.2,14.05,13.4,99522.23,0.57,4.23,13.408,13.167,12.926,64755.13,50913.38,57110.33,3.74
2016-07-12,14.0,14.17,13.96,13.53,56611.55,-0.09,-0.64,13.53,13.258,13.017,62329.42,51397.09,56780.46,2.12
2016-07-13,14.06,14.88,14.1,14.04,79437.82,0.14,1.0,13.73,13.358,13.069,68577.67,55303.79,55387.68,2.98
2016-07-14,14.04,14.4,14.21,13.8,39946.69,0.11,0.78,13.96,13.496,13.128,70248.64,55500.49,54308.58,1.5
2016-07-15,14.49,15.26,14.85,14.45,106626.93,0.64,4.5,14.234,13.706,13.233,76429.04,63911.13,55592.71,4.0
2016-07-18,14.62,15.26,14.97,14.59,61185.06,0.12,0.81,14.418,13.913,13.347,68761.61,66758.37,54658.16,2.3
2016-07-19,14.77,15.24,15.1,14.64,51466.53,0.13,0.87,14.646,14.088,13.485,67732.61,65031.01,54625.91,1.93
2016-07-20,15.12,15.2,14.89,14.82,31584.7,-0.21,-1.39,14.804,14.267,13.599,58161.98,63369.83,54727.85,1.19
2016-07-21,14.81,14.88,14.63,14.43,65084.79,-0.26,-1.75,14.888,14.424,13.713,63189.6,66719.12,56590.67,2.44
2016-07-22,14.6,14.72,14.44,14.33,29767.89,-0.19,-1.3,14.806,14.52,13.792,47817.79,62123.42,54593.54,1.12
2016-07-25,14.33,14.54,14.25,14.21,29401.43,-0.19,-1.32,14.662,14.54,13.854,41461.07,55111.34,53012.36,1.1
2016-07-26,14.25,14.79,14.75,14.25,30928.12,0.5,3.51,14.592,14.619,13.939,37353.39,52543.0,51970.04,1.16
2016-07-27,14.75,14.75,13.88,13.61,49553.31,-0.87,-5.9,14.39,14.597,13.978,40947.11,49554.55,52429.17,1.86
2016-07-28,13.89,14.19,14.04,13.77,32406.79,0.16,1.15,14.272,14.58,14.038,34411.51,48800.55,52150.52,1.22
2016-07-29,14.06,14.37,13.4,13.1,49352.04,-0.64,-4.56,14.064,14.435,14.071,38328.34,43073.07,53492.1,1.85
2016-08-01,13.5,13.5,12.94,12.86,43655.81,-0.46,-3.43,13.802,14.232,14.073,41179.21,41320.14,54039.26,1.64
2016-08-02,13.0,13.2,13.08,12.75,61205.91,0.14,1.08,13.468,14.03,14.059,47234.77,42294.08,53662.55,2.3
2016-08-03,13.08,13.25,13.12,12.84,37978.88,0.04,0.31,13.316,13.853,14.06,44919.89,42933.5,53151.66,1.43
2016-08-04,13.11,13.38,13.32,13.02,27447.11,0.2,1.52,13.172,13.722,14.073,43927.95,39169.73,52944.42,1.03
2016-08-05,13.25,13.64,13.41,13.2,36464.19,0.09,0.68,13.174,13.619,14.07,41350.38,39839.36,50981.39,1.37
2016-08-08,13.35,13.81,13.67,13.15,40179.96,0.26,1.94,13.32,13.561,14.051,40655.21,40917.21,48014.28,1.51
2016-08-09,13.61,13.79,13.66,13.48,27886.81,-0.01,-0.07,13.436,13.452,14.036,33991.39,40613.08,46578.04,1.05
2016-08-10,13.6,13.77,13.55,13.48,20073.96,-0.11,-0.81,13.522,13.419,14.008,30410.41,37665.15,43609.85,0.75
2016-08-11,13.55,13.62,13.39,13.3,20138.4,-0.16,-1.18,13.536,13.354,13.967,28948.66,36438.31,42619.43,0.76
2016-08-12,13.4,13.78,13.64,13.26,43890.96,0.25,1.87,13.582,13.378,13.907,30434.02,35892.2,39482.63,1.65
2016-08-15,13.61,14.13,14.03,13.6,58858.46,0.39,2.86,13.654,13.487,13.86,34169.72,37412.46,39366.3,2.21
2016-08-16,14.04,14.25,14.13,13.9,59722.83,0.1,0.71,13.748,13.592,13.811,40536.92,37264.16,39779.12,2.24
2016-08-17,14.1,14.12,13.71,13.6,94737.77,-0.42,-2.97,13.78,13.651,13.752,55469.68,42940.05,42936.77,3.56
2016-08-18,13.72,14.09,13.95,13.6,61679.79,0.24,1.75,13.892,13.714,13.718,63777.96,46363.31,42766.52,2.32
2016-08-19,14.01,14.01,13.87,13.75,41296.28,-0.08,-0.57,13.938,13.76,13.69,63259.03,46846.52,43342.94,1.55
2016-08-22,13.93,14.26,13.83,13.77,53196.97,-0.04,-0.29,13.898,13.776,13.669,62126.73,48148.22,44532.72,2.0
2016-08-23,13.83,14.01,13.78,13.52,36457.73,-0.05,-0.36,13.828,13.788,13.62,57473.71,49005.32,44809.2,1.37
2016-08-24,13.77,14.23,14.0,13.68,59774.91,0.22,1.6,13.886,13.833,13.626,50481.14,52975.41,45320.28,2.24
2016-08-25,13.9,13.98,13.81,13.47,52047.99,-0.19,-1.36,13.858,13.875,13.615,48554.78,56166.37,46302.34,1.95
2016-08-26,13.81,14.18,13.9,13.78,48635.08,0.09,0.65,13.864,13.901,13.64,50022.54,56640.78,46266.49,1.83
2016-08-29,13.95,14.33,14.33,13.9,56220.87,0.43,3.09,13.964,13.931,13.709,50627.32,56377.02,46894.74,2.11
2016-08-30,14.34,14.38,14.18,14.09,46906.29,-0.15,-1.05,14.044,13.936,13.764,52717.03,55095.37,46179.76,1.76
2016-08-31,14.08,14.4,14.29,14.05,44995.86,0.11,0.78,14.102,13.994,13.823,49761.22,50121.18,46530.61,1.69
2016-09-01,14.3,14.99,14.53,14.22,80832.67,0.24,1.68,14.246,14.052,13.883,55518.15,52036.47,49199.89,3.03
2016-09-02,14.68,14.75,14.5,14.16,69536.33,-0.03,-0.21,14.366,14.115,13.938,59698.4,54860.47,50853.5,2.61
2016-09-05,14.55,14.58,14.2,14.0,66288.46,-0.3,-2.07,14.34,14.152,13.964,61711.92,56169.62,52158.92,2.49
2016-09-06,14.16,14.26,14.2,13.69,60359.33,0.0,0.0,14.344,14.194,13.991,64402.53,58559.78,53782.55,2.27
2016-09-07,14.21,14.25,14.06,14.02,40363.05,-0.14,-0.99,14.298,14.2,14.017,63475.97,56618.59,54797.0,1.52
2016-09-08,14.09,14.26,14.2,13.91,33185.32,0.14,1.0,14.232,14.239,14.057,53946.5,54732.33,55449.35,1.25
2016-09-09,14.19,14.26,14.04,14.0,32585.53,-0.16,-1.13,14.14,14.253,14.077,46556.34,53127.37,54884.08,1.22
2016-09-12,13.79,13.89,13.3,13.28,48105.82,-0.74,-5.27,13.96,14.15,14.041,42919.81,52315.87,54346.44,1.81
2016-09-13,13.4,13.55,13.42,13.2,30290.75,0.12,0.9,13.804,14.074,14.005,36906.09,50654.31,52874.84,1.14
2016-09-14,13.42,13.58,13.54,13.3,23590.7,0.12,0.89,13.7,13.999,13.997,33551.62,48513.8,49317.49,0.89
2016-09-19,13.52,13.89,13.8,13.5,31182.65,0.26,1.92,13.62,13.926,13.989,33151.09,43548.79,47792.63,1.17
2016-09-20,13.8,14.01,13.76,13.73,34732.47,-0.04,-0.29,13.564,13.852,13.984,33580.48,40068.41,47464.44,1.3
2016-09-21,13.84,13.99,13.95,13.83,20776.65,0.19,1.38,13.694,13.827,13.99,28114.64,35517.23,45843.42,0.78
2016-09-22,14.0,14.17,14.0,13.9,31249.84,0.05,0.36,13.81,13.807,14.001,28306.46,32606.28,45583.03,1.17
2016-09-23,14.0,14.48,14.31,14.0,73181.27,0.31,2.21,13.964,13.832,14.016,38224.58,35888.1,46253.35,2.75
2016-11-22,15.74,15.74,15.74,15.74,53473.01,1.43,9.99,14.352,13.986,14.113,42682.65,37916.87,46324.6,2.01
2016-11-23,16.5,17.31,17.31,16.01,308045.12,1.57,9.97,15.062,14.313,14.283,97345.18,65462.83,59295.1,11.56
2016-11-24,18.88,19.04,18.83,17.82,650669.5,1.52,8.78,16.038,14.866,14.508,223323.75,125719.2,89017.53,24.42
2016-11-25,18.72,19.73,18.45,18.15,527773.69,-0.38,-2.02,16.928,15.369,14.722,322628.52,175467.49,113060.9,19.81
2016-11-28,18.1,18.18,16.66,16.66,493930.62,-1.79,-9.7,17.398,15.681,14.84,406778.39,222501.48,135507.64,18.54
2016-11-29,16.7,16.97,16.75,16.21,374027.28,0.09,0.54,17.6,15.976,14.951,470889.24,256785.94,150167.37,14.04
2016-11-30,16.35,17.15,16.6,16.06,260076.95,-0.15,-0.9,17.458,16.26,15.056,461295.61,279320.39,159694.4,9.76
2016-12-01,16.51,16.69,16.14,15.98,208133.8,-0.46,-2.77,16.92,16.479,15.153,372788.47,298056.11,166786.67,7.81
2016-12-02,16.01,16.05,15.35,15.21,216513.56,-0.79,-4.89,16.3,16.614,15.211,310536.44,316582.48,174594.38,8.13
2016-12-05,15.02,15.44,15.3,15.01,98721.35,-0.05,-0.33,16.028,16.713,15.273,231494.59,319136.49,177512.29,3.71
2016-12-06,15.31,15.65,15.31,15.25,111194.0,0.01,0.07,15.74,16.67,15.328,178927.93,324908.59,181412.73,4.17
2016-12-07,15.39,16.23,16.11,15.2,204896.48,0.8,5.22,15.642,16.55,15.432,167891.84,314593.72,190028.28,7.69
2016-12-08,15.95,16.86,16.33,15.84,212919.06,0.22,1.37,15.68,16.3,15.583,168848.89,270818.68,198268.94,7.99
2016-12-09,16.1,16.66,16.45,15.8,154797.44,0.12,0.73,15.9,16.1,15.735,156505.67,233521.05,204494.27,5.81
2016-12-12,16.33,17.78,17.01,16.21,329684.62,0.56,3.4,16.242,16.135,15.908,202698.32,217096.45,219798.97,12.37
2016-12-13,16.4,18.0,17.79,16.28,300318.75,0.78,4.59,16.738,16.239,16.108,240523.27,209725.6,233255.77,11.27
2016-12-14,18.29,18.29,17.16,17.03,310035.97,-0.63,-3.54,16.948,16.295,16.278,261551.17,214721.5,247020.95,11.64
2016-12-15,16.81,18.69,18.17,16.58,326460.31,1.01,5.89,17.316,16.498,16.489,284259.42,226554.15,262305.13,12.25
2016-12-16,17.99,18.57,17.76,17.55,258539.05,-0.41,-2.26,17.578,16.739,16.677,305007.74,230756.7,273669.59,9.7
2016-12-19,17.46,17.55,17.36,16.98,175833.12,-0.4,-2.25,17.648,16.945,16.829,274237.44,238467.88,278802.18,6.6
2016-12-20,17.24,17.79,17.73,16.7,149372.16,0.37,2.13,17.636,17.187,16.929,244048.12,242285.7,283597.14,5.61
2016-12-21,17.53,18.27,17.91,17.45,178783.95,0.18,1.01,17.786,17.367,16.959,217797.72,239674.44,277134.08,6.71
2016-12-22,17.68,17.81,17.06,17.03,116213.66,-0.85,-4.75,17.564,17.44,16.87,175748.39,230003.9,250411.29,4.36
2016-12-23,16.92,17.05,16.77,16.48,97024.82,-0.29,-1.7,17.366,17.472,16.786,143445.54,224226.64,228873.85,3.64
2016-12-26,16.55,16.74,16.02,15.51,146823.2,-0.75,-4.47,17.098,17.373,16.754,137643.56,205940.5,211518.48,5.51
2016-12-27,16.03,16.59,16.17,15.85,106102.4,0.15,0.94,16.786,17.211,16.725,128989.61,186518.86,198122.23,3.98
2016-12-28,16.25,16.77,16.42,16.06,94491.2,0.25,1.55,16.488,17.137,16.716,112131.06,164964.39,189842.95,3.55
2016-12-29,16.3,16.55,16.03,16.03,88683.21,-0.39,-2.38,16.282,16.923,16.711,106624.97,141186.68,183870.42,3.33
2016-12-30,16.0,16.44,15.95,15.78,73243.6,-0.08,-0.5,16.118,16.742,16.741,101868.72,122657.13,176706.92,2.75
2017-01-03,16.01,16.23,16.08,15.8,60158.87,0.13,0.81,16.13,16.614,16.78,84535.86,111089.71,174778.79,2.26
2017-01-04,16.09,16.36,16.27,15.99,86313.45,0.19,1.18,16.15,16.468,16.828,80578.07,104783.84,173534.77,3.24
2017-01-05,16.27,16.58,16.52,16.17,97414.17,0.25,1.54,16.17,16.329,16.848,81162.66,96646.86,168160.65,3.66
2017-01-06,16.31,17.16,17.02,16.3,181648.3,0.5,3.03,16.368,16.325,16.883,99755.68,103190.32,166597.11,6.82
2017-01-09,17.0,17.28,16.89,16.78,118940.36,-0.13,-0.76,16.556,16.337,16.905,108895.03,105381.88,164804.26,4.46
2017-01-10,16.8,17.15,17.09,16.53,83607.45,0.2,1.18,16.758,16.444,16.909,113584.75,99060.3,152500.4,3.14
2017-01-11,17.03,17.78,17.52,16.99,199692.66,0.43,2.52,17.008,16.579,16.895,136260.59,108419.33,147469.1,7.5
2017-01-12,17.58,17.87,17.66,17.32,167391.16,0.14,0.8,17.236,16.703,16.92,150255.99,115709.32,140336.85,6.28
2017-01-13,17.43,17.65,17.5,16.83,127190.34,-0.16,-0.91,17.332,16.85,16.887,139364.39,119560.04,130373.36,4.77
2017-01-16,17.31,17.8,17.0,16.1,131233.91,-0.5,-2.86,17.354,16.955,16.849,141823.1,125359.07,124008.1,4.93
2017-01-17,16.8,18.49,17.83,16.73,134032.56,0.83,4.88,17.502,17.13,16.872,151908.13,132746.44,121918.07,5.03
2017-01-18,17.57,18.07,17.81,17.55,99618.81,-0.02,-0.11,17.56,17.284,16.876,131893.36,134076.97,119430.4,3.74
2017-01-19,17.6,17.84,17.34,17.11,79483.6,-0.47,-2.64,17.496,17.366,16.848,114311.84,132283.92,114465.39,2.98
2017-01-20,17.28,17.7,17.51,17.11,58912.76,0.17,0.98,17.498,17.415,16.87,100656.33,120010.36,111600.34,2.21
2017-01-23,17.36,18.3,18.18,17.26,137783.05,0.67,3.83,17.734,17.544,16.941,101966.16,121894.63,113638.25,5.17
2017-01-24,17.6,17.69,17.32,16.98,128719.37,-0.86,-4.73,17.632,17.567,17.006,100903.52,126405.82,112733.06,4.83
2017-01-25,17.19,17.32,16.98,16.98,64625.12,-0.34,-1.96,17.466,17.513,17.046,93904.78,112899.07,110659.2,2.43
2017-01-26,17.06,17.3,17.02,16.65,62599.25,0.04,0.24,17.402,17.449,17.076,90527.91,102419.88,109064.6,2.35
2017-02-02,17.02,17.02,17.02,17.02,2.0,0.0,0.0,17.304,17.401,17.126,78745.76,89701.04,104630.54,0.0
2017-02-03,17.02,17.02,16.64,16.5,50957.53,-0.38,-2.23,16.996,17.365,17.16,61380.65,81673.41,103516.24,1.91
2017-02-06,16.69,17.02,17.0,16.5,45318.92,0.36,2.16,16.932,17.282,17.206,44700.56,72802.04,102774.24,1.7
2017-02-07,16.9,17.15,17.04,16.84,43179.78,0.04,0.23,16.944,17.205,17.245,40411.5,67158.14,100617.56,1.62
2017-02-08,17.04,17.32,17.28,16.86,54135.81,0.24,1.41,16.996,17.199,17.283,38718.81,64623.36,98453.64,2.03
2017-02-09,17.2,17.77,17.57,17.17,90354.81,0.29,1.68,17.106,17.205,17.31,56789.37,67767.56,93888.96,3.39
2017-02-10,17.57,18.05,17.44,17.36,89242.98,-0.13,-0.74,17.266,17.131,17.338,64446.46,62913.56,92404.09,3.35
2017-02-13,17.21,17.46,17.33,17.04,50580.05,-0.11,-0.63,17.332,17.132,17.35,65498.69,55099.63,90752.72,1.9
2017-02-14,17.34,18.44,18.15,17.33,175491.84,0.82,4.73,17.554,17.249,17.381,91961.1,66186.3,89542.68,6.59
2017-02-15,18.0,19.05,18.7,18.0,221021.06,0.55,3.03,17.838,17.417,17.433,125338.15,82028.48,92224.18,8.3
2017-02-16,18.4,19.27,18.97,18.38,138977.48,0.27,1.44,18.118,17.612,17.507,135062.68,95926.03,92813.53,5.22
2017-02-17,18.75,19.13,18.6,18.41,100336.84,-0.37,-1.95,18.35,17.808,17.587,137281.45,100863.96,91268.68,3.77
2017-02-20,18.3,18.49,18.33,17.65,95305.24,-0.27,-1.45,18.55,17.941,17.612,146226.49,105862.59,89332.32,3.58
2017-02-21,18.18,18.66,18.46,18.0,69649.12,0.13,0.71,18.612,18.083,17.644,125057.95,108509.52,87833.83,2.61
2017-02-22,18.26,18.74,18.38,18.26,62071.3,-0.08,-0.43,18.548,18.193,17.696,93268.0,109303.07,86963.22,2.33
2017-02-23,18.3,19.49,19.32,18.1,137278.55,0.94,5.11,18.618,18.368,17.787,92928.21,113995.45,90881.5,5.15
2017-02-24,19.3,19.53,19.2,18.96,73436.6,-0.12,-0.62,18.738,18.544,17.838,87548.16,112414.81,87664.18,2.76
2017-02-27,19.06,19.77,18.93,18.81,77559.3,-0.27,-1.41,18.858,18.704,17.918,83998.97,115112.73,85106.18,2.91
2017-02-28,18.98,19.22,18.92,18.6,57452.89,-0.01,-0.05,18.95,18.781,18.015,81559.73,103308.84,84747.57,2.16
2017-03-01,18.82,19.15,18.94,18.7,53666.7,0.02,0.11,19.062,18.805,18.111,79878.81,86573.4,84300.94,2.01
2017-03-02,18.9,18.94,18.44,18.24,51521.12,-0.5,-2.64,18.886,18.752,18.182,62727.32,77827.77,86876.9,1.93
2017-03-03,18.44,18.7,18.64,18.35,25995.93,0.2,1.08,18.774,18.756,18.282,53239.19,70393.68,85628.82,0.98
2017-03-06,18.67,18.97,18.9,18.6,33995.34,0.26,1.4,18.768,18.813,18.377,44526.4,64262.69,85062.64,1.28
2017-03-07,18.97,20.48,20.18,18.97,165922.62,1.28,6.77,19.02,18.985,18.534,66220.34,73890.04,91199.78,6.23
2017-03-08,20.04,20.88,20.21,19.74,135887.97,0.03,0.15,19.274,19.168,18.681,82664.6,81271.7,95287.39,5.1
2017-03-09,20.28,20.75,20.11,19.98,81169.43,-0.1,-0.49,19.608,19.247,18.808,88594.26,75660.79,94828.12,3.05
2017-03-10,20.08,20.35,20.1,19.76,58024.46,-0.01,-0.05,19.9,19.337,18.941,94999.96,74119.58,93267.19,2.18
2017-03-13,20.05,20.09,19.89,19.5,35987.93,-0.21,-1.04,20.098,19.433,19.069,95398.48,69962.44,92537.59,1.35
2017-03-14,20.06,20.86,20.54,19.89,82878.97,0.65,3.27,20.17,19.595,19.188,78789.75,72505.05,87906.94,3.11
2017-03-15,20.39,20.44,20.18,19.83,59845.18,-0.36,-1.75,20.164,19.719,19.262,63581.19,73122.89,79848.15,2.25
2017-03-16,20.05,20.56,20.53,19.97,50557.92,0.35,1.73,20.248,19.928,19.34,57458.89,73026.58,75427.17,1.9
2017-03-17,20.53,20.8,20.35,20.24,50217.94,-0.18,-0.88,20.298,20.099,19.428,55897.59,75448.78,72921.23,1.88
2017-03-20,20.24,20.48,19.97,19.78,40882.14,-0.38,-1.87,20.314,20.206,19.51,56876.43,76137.46,70200.07,1.53
2017-03-21,20.0,20.16,20.12,19.76,32025.24,0.15,0.75,20.23,20.2,19.593,46705.68,62747.72,68318.88,1.2
2017-03-22,19.98,19.98,19.25,19.2,74224.13,-0.87,-4.32,20.044,20.104,19.636,49581.47,56581.33,68926.52,2.79
2017-03-23,19.22,19.44,18.69,18.39,88322.95,-0.56,-2.91,19.676,19.962,19.605,57134.48,57296.69,66478.74,3.32
2017-03-24,18.58,18.96,18.85,18.58,37451.96,0.16,0.86,19.376,19.837,19.587,54581.28,55239.44,64679.51,1.41
2017-03-27,18.85,19.08,18.44,18.44,39066.56,-0.41,-2.17,19.07,19.692,19.563,54218.17,55547.3,62754.87,1.47
2017-03-28,18.6,18.6,18.55,18.21,36600.69,0.11,0.6,18.756,19.493,19.544,55133.26,50919.47,61712.26,1.37
2017-03-29,18.57,18.84,18.67,18.22,41517.67,0.12,0.65,18.64,19.342,19.531,48591.97,49086.72,61104.81,1.56
2017-03-30,18.66,18.66,17.85,17.56,57354.11,-0.82,-4.39,18.472,19.074,19.501,42398.2,49766.34,61396.46,2.15
2017-03-31,17.61,17.97,17.51,17.36,28830.63,-0.34,-1.91,18.204,18.79,19.445,40673.93,47627.61,61538.19,1.08
2017-04-05,18.1,18.13,17.98,17.6,30047.5,0.47,2.68,18.112,18.591,19.399,38870.12,46544.14,61340.8,1.13
2017-04-06,17.89,18.04,17.66,17.45,46804.2,-0.32,-1.78,17.934,18.345,19.273,40910.82,48022.04,55384.88,1.76
2017-04-07,17.6,18.2,18.09,17.05,58056.49,0.43,2.44,17.818,18.229,19.167,44218.59,46405.28,51493.31,2.18
2017-04-10,17.9,18.14,17.68,17.64,36239.79,-0.41,-2.27,17.784,18.128,19.045,39995.72,41196.96,49246.82,1.36
2017-04-11,17.5,17.75,17.51,17.11,33087.62,-0.17,-0.96,17.784,17.994,18.916,40847.12,40760.53,47999.98,1.24
2017-04-12,17.35,17.65,17.4,17.26,22074.26,-0.11,-0.63,17.668,17.89,18.791,39252.47,39061.3,47304.3,0.83
2017-04-13,17.33,17.52,17.25,17.17,18521.21,-0.15,-0.86,17.586,17.76,18.627,33595.87,37253.35,44086.41,0.7
2017-04-14,17.33,17.46,17.12,17.07,15651.31,-0.13,-0.75,17.392,17.605,18.474,25114.84,34666.71,41876.72,0.59
2017-04-17,17.0,17.01,16.6,16.51,31501.32,-0.52,-3.04,17.176,17.48,18.277,24167.14,32081.43,40923.89,1.18
2017-04-18,16.58,16.88,15.94,15.94,40895.04,-0.66,-3.98,16.862,17.323,18.057,25728.63,33287.87,40457.74,1.53
2017-04-19,15.9,16.09,15.38,14.68,39521.0,-0.56,-3.51,16.458,17.063,17.827,29217.98,34235.22,40389.68,1.48
2017-04-20,15.29,15.75,15.42,15.07,34702.48,0.04,0.26,16.092,16.839,17.592,32454.23,33025.05,40523.55,1.3
2017-04-21,15.53,15.83,15.57,15.42,24166.44,0.15,0.97,15.782,16.587,17.408,34157.26,29636.05,38020.66,0.91
2017-04-24,15.67,15.67,15.07,15.0,15943.5,-0.5,-3.21,15.476,16.326,17.227,31045.69,27606.42,34401.69,0.6
2017-04-25,15.09,15.3,14.79,14.76,21016.99,-0.28,-1.86,15.246,16.054,17.024,27070.08,26399.36,33579.94,0.79
2017-04-26,15.08,16.27,16.04,14.87,57083.06,1.25,8.45,15.378,15.918,16.904,30582.49,29900.24,34480.77,2.14
2017-04-27,15.98,16.45,16.3,15.68,45241.5,0.26,1.62,15.554,15.823,16.792,32690.3,32572.26,34912.81,1.7
2017-04-28,16.18,16.35,16.23,16.01,20258.02,-0.07,-0.43,15.686,15.734,16.67,31908.61,33032.94,33849.82,0.76
2017-05-02,16.23,16.25,16.25,15.93,13359.06,0.02,0.12,15.922,15.699,16.59,31391.73,31218.71,31650.07,0.5
2017-05-03,16.28,16.59,16.5,16.2,24068.62,0.25,1.54,16.264,15.755,16.539,32002.05,29536.07,31411.97,0.9
2017-05-04,16.4,16.43,16.25,16.05,19856.81,-0.25,-1.51,16.306,15.842,16.453,24556.8,27569.65,30902.44,0.75
2017-05-05,16.16,16.3,15.98,15.94,13768.15,-0.27,-1.66,16.242,15.898,16.369,18262.13,25476.22,29250.63,0.52
2017-05-08,15.76,15.87,15.15,15.11,21349.34,-0.83,-5.19,16.026,15.856,16.222,18480.4,25194.5,27415.28,0.8
2017-05-09,15.2,15.54,15.52,15.1,24632.23,0.37,2.44,15.88,15.901,16.114,20735.03,26063.38,26834.9,0.92
2017-05-10,15.5,15.85,15.45,15.18,34606.28,-0.07,-0.45,15.67,15.967,16.011,22842.56,27422.31,26910.83,1.3
2017-05-11,15.39,15.65,15.59,15.0,25965.07,0.14,0.91,15.538,15.922,15.92,24064.21,24310.51,27105.37,0.97
2017-05-12,15.59,15.67,15.46,15.25,21942.92,-0.13,-0.83,15.434,15.838,15.831,25699.17,21980.65,27276.46,0.82
2017-05-15,15.45,15.52,15.46,15.22,11617.33,0.0,0.0,15.496,15.761,15.748,23752.77,21116.58,27074.76,0.44
2017-05-16,15.45,15.65,15.64,15.2,16746.87,0.18,1.16,15.52,15.7,15.7,22175.69,21455.36,26337.04,0.63
2017-05-17,15.64,16.25,15.97,15.5,20666.58,0.33,2.11,15.624,15.647,15.701,19387.75,21115.16,25325.61,0.78
2017-05-18,15.77,16.12,15.97,15.71,12991.65,0.0,0.0,15.7,15.619,15.731,16793.07,20428.64,23999.14,0.49
2017-05-19,16.0,16.08,15.95,15.7,17665.91,-0.02,-0.12,15.798,15.616,15.757,15937.67,20818.42,23147.32,0.66
2017-05-22,15.95,15.98,15.52,15.51,25733.26,-0.43,-2.7,15.81,15.653,15.755,18760.85,21256.81,23225.66,0.97
2017-05-23,15.45,15.54,14.3,14.12,48660.79,-1.22,-7.86,15.542,15.531,15.716,25143.64,23659.67,24861.52,1.83
2017-05-24,14.35,14.49,13.9,13.38,24040.84,-0.4,-2.8,15.128,15.376,15.672,25818.49,22603.12,25012.71,0.9
2017-05-25,13.77,13.95,13.87,13.58,31103.0,-0.03,-0.22,14.708,15.204,15.563,29440.76,23116.91,23713.71,1.17
2017-05-26,14.0,14.14,13.91,13.85,11781.01,0.04,0.29,14.3,15.049,15.444,28263.78,22100.72,22040.69,0.44
2017-05-31,14.2,14.26,13.63,13.6,12570.23,-0.28,-2.01,13.922,14.866,15.314,25631.17,22196.01,21656.3,0.47
2017-06-01,13.8,13.8,13.64,13.35,13692.05,0.01,0.07,13.79,14.666,15.183,18637.43,21890.53,21672.95,0.51
2017-06-02,13.55,13.85,13.8,13.41,12103.29,0.16,1.17,13.77,14.449,15.048,16249.92,21034.2,21074.68,0.45
2017-06-05,13.97,13.97,13.88,13.78,10260.65,0.08,0.58,13.772,14.24,14.93,12081.45,20761.1,20594.87,0.39
2017-06-06,13.93,14.88,14.4,13.71,18885.36,0.52,3.75,13.87,14.085,14.851,13502.32,20883.05,20850.73,0.71
2017-06-07,14.32,14.7,14.6,14.05,19298.5,0.2,1.39,14.064,13.993,14.823,14847.97,20239.57,20748.19,0.72
2017-06-08,14.6,14.85,14.79,14.41,14996.69,0.19,1.3,14.294,14.042,14.787,15108.9,16873.16,20266.41,0.56
2017-06-09,14.79,15.0,14.66,14.61,14017.17,-0.13,-0.88,14.466,14.118,14.747,15491.67,15870.8,19236.96,0.53
2017-06-12,14.66,14.92,14.8,14.42,17454.64,0.14,0.95,14.65,14.211,14.708,16930.47,14505.96,18811.44,0.66
2017-06-13,14.7,14.99,14.79,14.68,13659.7,-0.01,-0.07,14.728,14.299,14.674,15885.34,14693.83,18397.28,0.51
2017-06-14,14.65,14.86,14.67,14.62,21111.37,-0.12,-0.81,14.742,14.403,14.635,16247.91,15547.94,18871.98,0.79
2017-06-15,14.85,14.85,14.76,14.65,40136.92,0.09,0.61,14.736,14.515,14.591,21275.96,18192.43,20041.48,1.51
2017-06-16,14.76,14.84,14.65,14.62,13088.02,-0.11,-0.74,14.734,14.6,14.525,21090.13,18290.9,19662.55,0.49
2017-06-19,14.56,14.8,14.71,14.56,11471.51,0.06,0.41,14.716,14.683,14.462,19893.5,18411.99,19586.55,0.43
2017-06-20,14.74,15.08,14.92,14.65,16017.96,0.21,1.43,14.742,14.735,14.41,20365.16,18125.25,19504.15,0.6
2017-06-21,14.82,15.05,14.97,14.82,34136.08,0.05,0.34,14.802,14.772,14.383,22970.1,19609.01,19924.29,1.28
2017-06-22,14.9,15.45,14.84,14.8,29525.74,-0.13,-0.87,14.818,14.777,14.41,20847.86,21061.91,18967.54,1.11
2017-06-23,14.84,15.0,14.8,14.65,11909.33,-0.04,-0.27,14.848,14.791,14.455,20612.12,20851.13,18360.96,0.44
2017-06-26,14.8,15.22,15.18,14.8,19158.74,0.38,2.57,14.942,14.829,14.52,22149.57,21021.54,17763.75,0.71
2017-06-27,15.15,15.3,15.25,14.91,30575.25,0.07,0.46,15.008,14.875,14.587,25061.03,22713.09,18703.46,1.14
2017-06-28,15.2,15.2,15.04,15.0,11439.95,-0.21,-1.38,15.022,14.912,14.658,20521.8,21745.95,18646.95,0.42
2017-06-29,15.03,15.18,15.13,14.9,28460.89,0.09,0.6,15.08,14.949,14.732,20308.83,20578.35,19385.39,1.06
2017-06-30,15.0,15.12,14.88,14.85,24061.06,-0.25,-1.65,15.096,14.972,14.786,22739.18,21675.65,19983.28,0.89
