,date,open,close,high,low,volume,code
0,2014-11-10,4.5,4.56,4.77,4.46,659920.0,000875
1,2014-11-11,4.58,4.31,4.61,4.25,412278.0,000875
2,2014-11-12,4.3,4.38,4.47,4.22,314434.0,000875
3,2014-11-13,4.36,4.24,4.37,4.23,233012.0,000875
4,2014-11-14,4.18,4.18,4.26,4.13,190460.0,000875
5,2014-11-17,4.18,4.23,4.26,4.17,105120.0,000875
6,2014-11-18,4.22,4.21,4.24,4.16,108062.0,000875
7,2014-11-19,4.2,4.36,4.4,4.18,261955.0,000875
8,2014-11-20,4.32,4.41,4.52,4.29,275710.0,000875
9,2014-11-21,4.39,4.43,4.45,4.27,217212.0,000875
10,2014-11-24,4.45,4.44,4.54,4.37,245655.0,000875
11,2014-11-25,4.43,4.59,4.67,4.4,374403.0,000875
12,2014-11-26,4.57,4.59,4.79,4.5,382536.0,000875
13,2014-11-27,4.61,4.5,4.64,4.44,273006.0,000875
14,2014-11-28,4.5,4.45,4.5,4.41,166533.0,000875
15,2014-12-01,4.45,4.42,4.5,4.4,167131.0,000875
16,2014-12-02,4.42,4.44,4.47,4.41,171433.0,000875
17,2014-12-03,4.45,4.56,4.56,4.43,268278.0,000875
18,2014-12-04,4.59,4.74,4.76,4.52,467394.0,000875
19,2014-12-05,4.75,4.45,4.77,4.33,410928.0,000875
20,2014-12-08,4.45,4.59,4.64,4.36,347254.0,000875
21,2014-12-09,4.54,4.3,4.74,4.3,656365.0,000875
22,2014-12-10,4.22,4.37,4.39,4.22,227786.0,000875
23,2014-12-11,4.37,4.43,4.48,4.32,224951.0,000875
24,2014-12-12,4.45,4.55,4.65,4.44,436805.0,000875
25,2014-12-15,4.53,4.59,4.61,4.51,243122.0,000875
26,2014-12-16,4.61,4.73,4.8,4.5,501531.0,000875
27,2014-12-17,4.72,4.68,4.78,4.55,388774.0,000875
28,2014-12-18,4.62,4.56,4.65,4.55,243917.0,000875
29,2014-12-19,4.55,4.64,4.74,4.41,379552.0,000875
30,2014-12-22,4.72,5.1,5.1,4.71,1234653.0,000875
31,2014-12-23,5.0,4.63,5.04,4.59,755273.0,000875
32,2014-12-24,4.63,4.72,4.92,4.59,491910.0,000875
33,2014-12-25,4.64,4.95,4.95,4.56,512303.0,000875
34,2014-12-26,4.92,5.16,5.2,4.81,733731.0,000875
35,2014-12-29,5.02,5.07,5.28,5.01,652847.0,000875
36,2014-12-30,5.04,4.8,5.1,4.75,379288.0,000875
37,2014-12-31,4.76,4.96,5.03,4.75,316384.0,000875
38,2015-01-05,4.95,5.15,5.16,4.91,449207.0,000875
39,2015-01-06,5.07,4.97,5.09,4.95,386702.0,000875
40,2015-01-07,4.96,5.11,5.18,4.82,769302.0,000875
41,2015-01-08,5.06,4.89,5.11,4.87,409000.0,000875
42,2015-01-09,4.9,4.77,4.94,4.76,306023.0,000875
43,2015-01-12,4.77,4.56,4.77,4.54,245363.0,000875
44,2015-01-13,4.55,4.56,4.63,4.5,183748.0,000875
45,2015-01-14,4.59,4.48,4.79,4.36,602877.0,000875
46,2015-01-15,4.42,4.49,4.58,4.35,476522.0,000875
47,2015-01-16,4.49,4.43,4.56,4.4,683848.0,000875
48,2015-01-19,4.29,4.03,4.31,3.99,440053.0,000875
49,2015-01-20,4.03,4.1,4.13,4.03,248561.0,000875
50,2015-01-21,4.1,4.28,4.35,4.09,362089.0,000875
51,2015-01-22,4.3,4.3,4.33,4.24,237344.0,000875
52,2015-01-23,4.32,4.24,4.32,4.23,223649.0,000875
53,2015-01-26,4.24,4.32,4.34,4.2,323084.0,000875
54,2015-01-27,4.31,4.35,4.39,4.26,312064.0,000875
55,2015-01-28,4.35,4.39,4.45,4.31,382251.0,000875
56,2015-01-29,4.52,4.83,4.83,4.51,1125662.0,000875
57,2015-01-30,5.1,5.26,5.31,4.83,4294461.0,000875
58,2015-02-02,4.88,4.78,5.05,4.73,1972821.0,000875
59,2015-02-03,4.76,4.8,5.03,4.73,1289995.0,000875
60,2015-02-04,5.28,5.28,5.28,5.14,1788635.0,000875
61,2015-02-05,5.5,5.81,5.81,5.33,2164642.0,000875
62,2015-02-06,5.89,5.76,6.24,5.61,3444963.0,000875
63,2015-02-09,5.52,5.33,5.69,5.19,1628675.0,000875
64,2015-02-10,5.34,5.86,5.86,5.26,1603034.0,000875
65,2015-02-11,5.98,5.82,6.16,5.75,1609036.0,000875
66,2015-02-12,5.7,5.94,6.08,5.53,1379935.0,000875
67,2015-02-13,5.85,5.95,6.18,5.78,1871566.0,000875
68,2015-02-16,6.07,5.87,6.14,5.85,1651006.0,000875
69,2015-02-17,5.87,5.78,5.87,5.7,829911.0,000875
70,2015-02-25,5.77,5.7,5.84,5.58,822776.0,000875
71,2015-02-26,5.64,5.72,5.75,5.6,703314.0,000875
72,2015-02-27,5.76,5.81,5.99,5.71,1149049.0,000875
73,2015-03-02,5.81,5.86,5.93,5.64,1097618.0,000875
74,2015-03-03,5.77,5.79,5.94,5.71,1120396.0,000875
75,2015-03-04,5.79,5.91,5.95,5.74,1084218.0,000875
76,2015-03-05,5.9,5.74,5.9,5.7,853600.0,000875
77,2015-03-06,5.7,5.54,5.78,5.54,769017.0,000875
78,2015-03-09,5.5,5.57,5.57,5.38,570275.0,000875
79,2015-03-10,5.6,5.58,5.65,5.54,433935.0,000875
80,2015-03-11,5.6,5.48,5.6,5.45,511922.0,000875
81,2015-03-12,5.51,5.52,5.59,5.42,477500.0,000875
82,2015-03-13,5.55,5.55,5.58,5.49,436939.0,000875
83,2015-03-16,5.57,5.73,5.75,5.54,779238.0,000875
84,2015-03-17,5.71,5.87,5.98,5.68,1335922.0,000875
85,2015-03-18,5.84,5.94,5.94,5.8,1101475.0,000875
86,2015-03-19,5.94,6.53,6.53,5.86,2250660.0,000875
87,2015-03-20,6.84,6.68,6.98,6.58,2653430.0,000875
88,2015-03-23,6.78,7.35,7.35,6.58,2192234.0,000875
89,2015-03-24,7.5,8.01,8.09,7.16,3281888.0,000875
90,2015-03-25,7.89,7.71,7.89,7.6,1846765.0,000875
91,2015-03-26,7.75,7.65,8.07,7.52,1289424.0,000875
92,2015-03-27,7.7,7.69,7.95,7.6,817569.01,000875
93,2015-03-30,7.69,7.77,8.0,7.5,1478065.0,000875
94,2015-03-31,7.74,7.46,7.74,7.43,1193115.0,000875
95,2015-04-01,7.4,7.51,7.61,7.4,715338.0,000875
96,2015-04-02,7.51,7.6,7.69,7.4,936583.0,000875
97,2015-04-03,7.49,7.57,7.65,7.45,709032.0,000875
98,2015-04-07,7.56,7.83,7.99,7.56,1321870.0,000875
99,2015-04-08,7.9,7.64,7.94,7.52,964504.0,000875
100,2015-04-09,7.65,7.41,7.69,7.07,853342.0,000875
101,2015-04-10,7.38,7.48,7.57,7.22,583509.0,000875
102,2015-04-13,7.53,7.71,7.78,7.53,958580.0,000875
103,2015-04-14,7.71,8.48,8.48,7.62,1936381.0,000875
104,2015-04-15,8.55,8.38,8.85,8.26,2032242.0,000875
105,2015-04-16,8.38,9.22,9.22,8.06,2109917.0,000875
106,2015-04-17,9.68,9.6,10.14,9.13,2537395.0,000875
107,2015-04-20,9.4,9.61,10.1,9.07,1911118.0,000875
108,2015-04-21,9.61,9.52,9.81,9.21,1092174.0,000875
109,2015-04-22,9.68,9.73,9.99,9.65,1161391.0,000875
110,2015-04-23,9.76,9.47,9.8,9.4,1092259.0,000875
111,2015-04-24,9.28,9.38,9.65,9.2,778702.0,000875
112,2015-04-27,9.55,10.32,10.32,9.37,1514620.0,000875
113,2015-04-28,10.88,11.35,11.35,10.5,2957113.0,000875
114,2015-04-29,11.7,12.49,12.49,11.0,2380207.0,000875
115,2015-04-30,13.0,13.74,13.74,12.7,643997.0,000875
116,2015-05-04,15.11,15.11,15.11,14.5,313775.0,000875
117,2015-05-05,16.62,13.9,16.62,13.9,3177800.0,000875
118,2015-05-06,13.68,15.02,15.29,13.32,2889692.0,000875
119,2015-06-05,16.52,16.52,16.52,16.52,10328.0,000875
120,2015-06-08,18.17,18.17,18.17,18.17,29247.0,000875
121,2015-06-09,18.0,19.01,19.95,16.35,2933350.0,000875
122,2015-06-10,17.7,17.48,18.5,17.2,1553512.0,000875
123,2015-06-11,16.98,16.39,17.2,16.3,1529219.0,000875
124,2015-06-12,16.35,16.16,16.79,16.08,1304572.0,000875
125,2015-06-15,16.0,15.99,16.7,15.03,1845050.0,000875
126,2015-06-16,15.55,14.54,15.88,14.5,1050361.0,000875
127,2015-06-17,14.1,15.1,15.2,13.42,1413648.0,000875
128,2015-06-18,14.74,13.99,14.95,13.76,1045616.0,000875
129,2015-06-19,13.65,12.59,13.8,12.59,889850.0,000875
130,2015-06-23,12.35,12.16,12.68,11.33,1183760.0,000875
131,2015-06-24,12.4,13.38,13.38,12.26,1928859.0,000875
132,2015-06-25,13.6,14.1,14.68,13.31,2450542.0,000875
133,2015-06-26,13.38,12.69,13.77,12.69,1149703.0,000875
134,2015-06-29,13.11,12.3,13.39,11.42,1528275.0,000875
135,2015-06-30,12.0,12.7,12.8,11.07,1472901.0,000875
136,2015-07-01,12.3,11.66,13.32,11.49,1291599.0,000875
137,2015-07-02,11.55,10.49,11.87,10.49,899306.0,000875
138,2015-07-03,9.58,9.44,10.44,9.44,760833.0,000875
139,2015-07-06,10.34,9.07,10.34,8.5,1380912.0,000875
140,2015-07-07,8.51,8.16,8.8,8.16,556867.0,000875
141,2015-07-08,7.34,7.34,7.34,7.34,34544.0,000875
142,2015-07-09,6.61,8.07,8.07,6.61,1831960.0,000875
143,2015-07-10,8.2,8.88,8.88,8.02,1061119.0,000875
144,2015-07-13,9.5,9.77,9.77,9.05,1481927.0,000875
145,2015-07-14,10.01,9.9,10.68,9.53,2109951.0,000875
146,2015-07-15,9.51,8.91,9.78,8.91,907884.0,000875
147,2015-07-16,8.07,8.83,9.34,8.07,1112983.0,000875
148,2015-07-17,8.94,9.53,9.7,8.94,1091067.0,000875
149,2015-07-20,9.59,10.16,10.18,9.28,1470030.0,000875
150,2015-07-21,9.97,10.22,10.64,9.7,1453268.0,000875
151,2015-07-22,10.01,10.9,11.22,9.67,2018560.0,000875
152,2015-07-23,10.88,11.59,11.8,10.66,2018106.0,000875
153,2015-07-24,11.63,11.15,12.13,10.8,2122435.0,000875
154,2015-07-27,10.55,10.04,11.44,10.04,1564826.0,000875
155,2015-07-28,9.19,9.31,10.24,9.04,1327150.0,000875
156,2015-07-29,9.6,10.24,10.24,9.3,1247017.0,000875
157,2015-07-30,10.5,10.76,11.26,10.36,2257405.0,000875
158,2015-07-31,10.5,10.13,10.8,9.8,1444788.0,000875
159,2015-08-03,9.8,9.12,10.0,9.12,1082163.0,000875
160,2015-08-04,9.25,10.03,10.03,9.25,1121219.0,000875
161,2015-08-05,10.2,10.11,10.66,9.82,1508718.0,000875
162,2015-08-06,9.7,10.13,10.4,9.59,978045.0,000875
163,2015-08-07,10.28,10.95,10.99,10.28,1715490.0,000875
164,2015-08-10,11.3,12.05,12.05,11.25,2130601.0,000875
165,2015-08-11,12.6,12.05,12.6,11.88,2993443.0,000875
166,2015-08-12,11.7,12.16,12.38,11.67,1820849.0,000875
167,2015-08-13,12.29,13.38,13.38,12.29,2412638.0,000875
168,2015-08-14,13.6,13.25,13.78,13.05,2398618.0,000875
169,2015-08-17,13.15,14.58,14.58,12.93,1714172.0,000875
170,2015-08-18,15.31,13.12,15.58,13.12,3314089.0,000875
171,2015-08-19,12.4,14.43,14.43,12.4,2890662.0,000875
172,2015-08-20,14.4,13.27,14.89,13.2,2560697.0,000875
173,2015-08-21,12.94,12.8,13.77,12.77,882379.0,000875
174,2015-08-28,11.52,13.63,13.98,11.52,1751501.0,000875
175,2015-08-31,13.0,12.4,13.89,12.27,1622213.0,000875
176,2015-09-01,11.8,11.16,12.19,11.16,914839.0,000875
177,2015-09-02,10.05,10.04,11.4,10.04,1141552.0,000875
178,2015-09-07,10.08,9.32,10.65,9.11,1104279.0,000875
179,2015-09-08,9.33,9.39,9.78,8.4,1260946.0,000875
180,2015-09-09,9.43,10.33,10.33,9.42,1527788.0,000875
181,2015-09-10,10.36,10.31,10.75,10.15,1587724.0,000875
182,2015-09-11,10.19,10.13,10.45,9.93,899594.0,000875
183,2015-09-14,10.45,9.12,10.59,9.12,1213688.0,000875
184,2015-09-15,8.5,8.21,8.95,8.21,844307.0,000875
185,2015-09-16,8.23,9.03,9.03,8.01,1069721.0,000875
186,2015-09-17,9.05,8.63,9.54,8.61,1334872.0,000875
187,2015-09-18,8.79,8.64,8.95,8.33,841373.0,000875
188,2015-09-21,8.52,9.05,9.14,8.38,852807.0,000875
189,2015-09-22,9.09,9.01,9.24,8.85,982072.0,000875
190,2015-09-23,8.78,8.87,9.2,8.51,867887.0,000875
191,2015-09-24,8.85,9.41,9.61,8.85,1225374.0,000875
192,2015-09-25,9.3,8.76,9.48,8.68,939140.0,000875
193,2015-09-28,8.79,8.87,9.0,8.63,432009.0,000875
194,2015-09-29,8.68,8.41,8.8,8.3,503392.0,000875
195,2015-09-30,8.55,8.45,8.65,8.25,346549.0,000875
196,2015-10-08,8.81,9.0,9.28,8.66,685206.0,000875
197,2015-10-09,9.07,9.06,9.25,8.84,763206.0,000875
198,2015-10-12,9.1,9.53,9.67,9.01,1042690.0,000875
199,2015-10-13,9.4,9.61,9.78,9.35,980158.0,000875
200,2015-10-14,9.86,9.61,10.22,9.56,1280724.0,000875
201,2015-10-15,9.42,10.57,10.57,9.4,2068814.0,000875
202,2015-10-16,10.57,10.7,10.79,10.26,2029479.0,000875
203,2015-10-19,10.62,10.37,10.88,10.21,1412530.0,000875
204,2015-10-20,10.37,10.71,10.95,10.28,1250276.0,000875
205,2015-10-21,10.71,9.64,10.85,9.64,1346506.0,000875
206,2015-10-22,9.56,9.91,10.03,9.16,1066827.0,000875
207,2015-10-23,9.8,9.88,9.98,9.55,976526.0,000875
208,2015-10-26,10.01,10.07,10.39,9.7,1049999.0,000875
209,2015-10-27,9.98,9.9,9.98,9.36,834329.0,000875
210,2015-10-28,9.88,9.81,10.3,9.7,988436.0,000875
211,2015-10-29,9.95,9.85,10.0,9.71,650111.0,000875
212,2015-10-30,9.8,9.65,9.98,9.51,623539.0,000875
213,2015-11-02,9.4,9.19,9.62,9.16,588770.0,000875
214,2015-11-03,9.2,9.02,9.34,8.92,463500.0,000875
215,2015-11-04,9.05,9.49,9.49,9.05,609382.0,000875
216,2015-11-05,9.55,9.7,10.08,9.41,1161339.0,000875
217,2015-11-06,9.68,9.82,10.0,9.61,885652.0,000875
218,2015-11-09,9.68,9.92,10.08,9.5,1052993.0,000875
219,2015-11-10,9.81,9.88,9.97,9.7,757902.0,000875
220,2015-11-11,9.89,10.42,10.53,9.86,1487570.0,000875
221,2015-11-12,10.4,10.21,10.48,10.08,1272755.0,000875
222,2015-11-13,10.15,10.1,10.49,10.07,1158132.0,000875
223,2015-11-16,9.78,9.95,9.96,9.74,688660.0,000875
224,2015-11-17,10.08,9.93,10.25,9.82,753565.0,000875
225,2015-11-18,9.93,9.59,9.97,9.55,603673.0,000875
226,2015-11-19,9.56,9.68,9.75,9.48,453733.0,000875
227,2015-11-20,9.69,9.76,9.87,9.58,606454.0,000875
228,2015-11-23,9.71,9.7,9.93,9.62,584393.0,000875
229,2015-11-24,9.7,9.77,9.87,9.65,398980.0,000875
230,2015-11-25,9.7,9.82,9.85,9.65,563273.0,000875
231,2015-11-26,9.82,9.81,9.94,9.72,716763.0,000875
232,2015-11-27,9.75,9.78,10.27,9.63,1596694.0,000875
233,2015-11-30,9.95,10.52,10.69,9.95,1937279.0,000875
234,2015-12-01,10.46,10.12,10.46,10.01,1177558.0,000875
235,2015-12-02,10.11,9.92,10.36,9.48,880287.0,000875
236,2015-12-03,9.88,10.01,10.04,9.71,669906.0,000875
237,2015-12-04,9.95,9.81,9.96,9.75,573677.0,000875
238,2015-12-07,9.81,9.84,9.86,9.68,411034.0,000875
239,2015-12-08,9.81,9.42,9.81,9.36,578974.0,000875
240,2015-12-09,9.35,9.21,9.41,9.11,437266.0,000875
241,2015-12-10,9.21,9.26,9.45,9.2,336264.0,000875
242,2015-12-11,9.28,9.14,9.28,9.12,268498.0,000875
243,2015-12-14,9.18,9.53,9.69,9.16,407053.0,000875
244,2015-12-15,9.53,9.44,9.53,9.34,339187.0,000875
245,2015-12-16,9.47,9.37,9.52,9.32,297515.0,000875
246,2015-12-17,9.45,9.63,9.73,9.4,508338.0,000875
247,2015-12-18,9.62,9.52,9.63,9.47,357868.0,000875
248,2015-12-21,9.46,9.58,9.59,9.38,407405.0,000875
249,2015-12-22,9.6,9.53,9.62,9.45,329712.0,000875
250,2015-12-23,9.55,9.38,9.58,9.35,370795.0,000875
251,2015-12-24,9.3,9.26,9.36,9.21,302738.0,000875
252,2015-12-25,9.3,9.32,9.35,9.25,191495.0,000875
253,2015-12-28,9.33,9.12,9.34,9.11,345705.0,000875
254,2015-12-29,9.15,9.27,9.29,9.11,213221.0,000875
255,2015-12-30,9.28,9.2,9.3,9.16,193021.0,000875
256,2015-12-31,9.23,9.19,9.27,9.12,253559.0,000875
257,2016-01-04,9.18,8.28,9.19,8.27,291911.0,000875
258,2016-01-05,7.79,7.89,8.3,7.5,394926.0,000875
259,2016-01-06,8.0,8.2,8.23,7.93,325304.0,000875
260,2016-01-07,8.1,7.39,8.1,7.38,84823.0,000875
261,2016-01-08,7.68,7.42,7.75,6.79,376195.0,000875
262,2016-01-11,7.25,6.69,7.3,6.68,386214.0,000875
263,2016-01-12,6.69,6.97,7.14,6.41,414350.0,000875
264,2016-01-13,6.99,6.67,7.05,6.65,267122.0,000875
265,2016-01-14,6.45,6.82,6.89,6.35,254921.0,000875
266,2016-01-15,6.82,6.62,7.02,6.55,284242.0,000875
267,2016-01-18,6.41,6.7,6.85,6.41,198188.0,000875
268,2016-01-19,6.68,6.93,6.97,6.61,310056.0,000875
269,2016-01-20,6.86,7.62,7.62,6.83,895905.0,000875
270,2016-01-21,7.4,6.9,7.55,6.9,775009.0,000875
271,2016-01-22,6.97,7.07,7.2,6.76,382364.0,000875
272,2016-01-25,7.1,7.1,7.25,6.99,315229.0,000875
273,2016-01-26,7.0,6.5,7.24,6.41,443212.0,000875
274,2016-01-27,6.55,6.3,6.6,5.9,370050.0,000875
275,2016-01-28,6.2,5.75,6.26,5.71,294711.0,000875
276,2016-01-29,5.78,5.96,6.04,5.72,265360.0,000875
277,2016-02-01,5.95,5.8,6.01,5.7,193190.0,000875
278,2016-02-02,5.82,6.09,6.35,5.82,259805.0,000875
279,2016-02-03,6.0,6.06,6.1,5.91,178717.0,000875
280,2016-02-04,6.1,6.15,6.25,6.07,242243.0,000875
281,2016-02-05,6.17,6.21,6.58,6.15,301662.0,000875
282,2016-02-15,5.88,6.05,6.12,5.82,186668.0,000875
283,2016-02-16,6.15,6.38,6.52,6.09,419105.0,000875
284,2016-02-17,6.4,6.7,6.78,6.31,794224.0,000875
285,2016-02-18,6.68,6.56,6.68,6.49,501764.0,000875
286,2016-02-19,6.57,6.47,6.59,6.36,448511.0,000875
287,2016-02-22,6.55,6.57,6.64,6.48,511056.0,000875
288,2016-02-23,6.61,6.54,6.7,6.48,519566.0,000875
289,2016-02-24,6.48,6.86,6.96,6.47,1079283.0,000875
290,2016-02-25,6.8,6.17,6.8,6.17,922887.0,000875
291,2016-02-26,6.25,6.29,6.45,6.02,480466.0,000875
292,2016-02-29,6.24,5.83,6.24,5.7,399130.0,000875
293,2016-03-01,5.88,5.92,5.99,5.75,265817.0,000875
294,2016-03-02,5.94,6.19,6.24,5.91,462472.0,000875
295,2016-03-03,6.19,6.28,6.49,6.16,708037.0,000875
296,2016-03-04,6.22,6.09,6.42,5.97,537289.0,000875
297,2016-03-07,6.14,6.2,6.26,6.13,276711.0,000875
298,2016-03-08,6.18,6.15,6.18,5.9,304026.0,000875
299,2016-03-09,6.01,6.02,6.09,5.95,207295.0,000875
300,2016-03-10,6.04,5.94,6.08,5.91,151827.0,000875
301,2016-03-11,5.9,5.91,5.97,5.83,122305.0,000875
302,2016-03-14,5.99,6.09,6.15,5.97,255358.0,000875
303,2016-03-15,6.06,6.02,6.11,5.96,214630.0,000875
304,2016-03-16,6.03,6.04,6.24,5.99,297962.0,000875
305,2016-03-17,6.02,6.14,6.16,6.01,359805.0,000875
306,2016-03-18,6.13,6.31,6.4,6.12,603646.0,000875
307,2016-03-21,6.36,6.52,6.55,6.31,737845.0,000875
308,2016-03-22,6.45,6.48,6.62,6.36,537135.0,000875
309,2016-03-23,6.41,6.44,6.51,6.37,359341.0,000875
310,2016-03-24,6.43,6.36,6.64,6.32,477334.0,000875
311,2016-03-25,6.38,6.38,6.43,6.3,279415.0,000875
312,2016-03-28,6.4,6.35,6.47,6.3,283648.0,000875
313,2016-03-29,6.35,6.15,6.37,6.11,282500.0,000875
314,2016-03-30,6.2,6.31,6.32,6.19,258743.0,000875
315,2016-03-31,6.35,6.34,6.44,6.28,337447.0,000875
316,2016-04-01,6.3,6.28,6.35,6.18,266762.0,000875
317,2016-04-05,6.27,6.46,6.5,6.26,543811.0,000875
318,2016-04-06,6.44,6.43,6.49,6.36,390953.0,000875
319,2016-04-07,6.46,6.47,6.58,6.41,687452.0,000875
320,2016-04-08,6.38,6.35,6.41,6.27,362941.0,000875
321,2016-04-11,6.41,6.46,6.49,6.39,381397.0,000875
322,2016-04-12,6.45,6.37,6.45,6.32,262850.0,000875
323,2016-04-13,6.4,6.62,6.85,6.4,1079227.0,000875
324,2016-04-14,6.59,6.6,6.62,6.5,551085.0,000875
325,2016-04-15,6.63,6.55,6.63,6.51,317142.0,000875
326,2016-04-18,6.55,6.42,6.56,6.42,283287.0,000875
327,2016-04-19,6.46,6.44,6.47,6.39,198791.0,000875
328,2016-04-20,6.46,6.05,6.46,5.9,511690.0,000875
329,2016-04-21,6.06,5.99,6.08,5.98,256422.0,000875
330,2016-04-22,5.95,6.0,6.01,5.92,185749.0,000875
331,2016-04-25,6.0,5.92,6.0,5.84,172768.0,000875
332,2016-04-26,5.93,5.97,5.97,5.89,126277.0,000875
333,2016-04-27,6.01,5.95,6.04,5.92,151508.0,000875
334,2016-04-28,5.96,5.91,5.98,5.82,162151.0,000875
335,2016-04-29,5.89,5.9,5.93,5.86,95138.0,000875
336,2016-05-03,5.9,6.04,6.04,5.88,188341.0,000875
337,2016-05-04,6.03,6.04,6.09,6.0,192799.0,000875
338,2016-05-05,6.01,6.05,6.09,6.01,165697.0,000875
339,2016-05-06,6.08,5.86,6.09,5.85,261839.0,000875
340,2016-05-09,5.8,5.67,5.82,5.65,219173.0,000875
341,2016-05-10,5.67,5.71,5.76,5.66,114409.0,000875
342,2016-05-11,5.73,5.69,5.76,5.65,116881.0,000875
343,2016-05-12,5.65,5.86,5.95,5.52,382595.0,000875
344,2016-05-13,5.79,5.73,5.86,5.7,213831.0,000875
345,2016-05-16,5.73,5.76,5.77,5.67,123795.0,000875
346,2016-05-17,5.76,5.72,5.79,5.7,126133.0,000875
347,2016-05-18,5.69,5.57,5.69,5.53,152508.0,000875
348,2016-05-19,5.57,5.56,5.66,5.55,105462.0,000875
349,2016-05-20,5.56,5.6,5.6,5.5,113219.0,000875
350,2016-05-23,5.6,5.63,5.64,5.59,112701.0,000875
351,2016-05-24,5.6,5.56,5.63,5.53,103450.0,000875
352,2016-05-25,5.61,5.56,5.64,5.54,94085.0,000875
353,2016-05-26,5.55,5.55,5.6,5.47,114046.0,000875
354,2016-05-27,5.54,5.55,5.57,5.52,92575.0,000875
355,2016-05-30,5.54,5.51,5.55,5.47,69996.0,000875
356,2016-05-31,5.58,5.69,5.7,5.58,252660.0,000875
357,2016-06-01,5.71,5.69,5.75,5.66,226705.0,000875
358,2016-06-02,5.69,5.7,5.73,5.66,156225.0,000875
359,2016-06-03,5.7,5.71,5.73,5.66,172491.0,000875
360,2016-06-06,5.7,5.73,5.74,5.67,158287.0,000875
361,2016-06-07,5.7,5.68,5.72,5.66,117155.0,000875
362,2016-06-08,5.68,5.7,5.78,5.61,201346.0,000875
363,2016-06-13,5.7,5.46,5.7,5.45,194423.0,000875
364,2016-06-14,5.48,5.45,5.5,5.43,126600.0,000875
365,2016-06-15,5.43,5.54,5.56,5.39,156941.0,000875
366,2016-06-16,5.54,5.59,5.68,5.51,223779.0,000875
367,2016-06-17,5.57,5.55,5.62,5.53,163942.0,000875
368,2016-06-20,5.55,5.51,5.55,5.46,128451.0,000875
369,2016-06-21,5.53,5.48,5.57,5.46,136743.0,000875
370,2016-06-22,5.48,5.51,5.52,5.45,90337.0,000875
371,2016-06-23,5.52,5.46,5.52,5.45,107945.0,000875
372,2016-06-24,5.46,5.33,5.5,5.2,208982.0,000875
373,2016-06-27,5.28,5.39,5.42,5.27,125970.0,000875
374,2016-06-28,5.38,5.46,5.49,5.36,200262.0,000875
375,2016-06-29,5.49,5.62,5.64,5.44,377357.0,000875
376,2016-06-30,5.6,5.61,5.67,5.55,241473.0,000875
377,2016-07-01,5.67,5.56,5.7,5.55,154082.0,000875
378,2016-07-04,5.55,5.62,5.64,5.52,206118.0,000875
379,2016-07-05,5.64,5.77,5.97,5.64,539468.0,000875
380,2016-07-06,5.75,5.71,5.76,5.67,256853.0,000875
381,2016-07-07,5.7,5.66,5.72,5.58,242591.0,000875
382,2016-07-08,5.66,5.66,5.69,5.64,148203.0,000875
383,2016-07-11,5.65,5.64,5.72,5.63,179643.0,000875
384,2016-07-12,5.67,5.84,5.92,5.61,447155.0,000875
385,2016-07-13,5.85,5.83,5.98,5.81,418945.0,000875
386,2016-07-14,5.81,5.83,5.87,5.77,205369.0,000875
387,2016-07-15,5.92,5.85,5.98,5.84,254403.0,000875
388,2016-07-18,5.87,5.94,5.98,5.81,368205.0,000875
389,2016-07-19,6.01,6.38,6.53,5.98,1489085.0,000875
390,2016-07-20,6.22,6.19,6.27,6.16,796802.0,000875
391,2016-07-21,6.18,6.14,6.23,6.11,392799.0,000875
392,2016-07-22,6.14,6.07,6.19,6.07,306256.0,000875
393,2016-07-25,6.09,6.19,6.19,6.03,324052.0,000875
394,2016-07-26,6.2,6.17,6.21,6.12,210912.0,000875
395,2016-07-27,6.15,5.91,6.28,5.79,491676.0,000875
396,2016-07-28,5.88,5.93,5.97,5.8,260316.0,000875
397,2016-07-29,5.93,5.92,5.99,5.88,209969.0,000875
398,2016-08-01,5.91,5.87,5.99,5.72,264988.0,000875
399,2016-08-02,5.84,5.92,5.95,5.8,181368.0,000875
400,2016-08-03,5.88,5.99,6.04,5.87,248669.0,000875
401,2016-08-04,5.95,5.93,5.98,5.89,170722.0,000875
402,2016-08-05,5.92,5.84,5.94,5.83,169442.0,000875
403,2016-08-08,5.83,5.88,5.89,5.78,156605.0,000875
404,2016-08-09,5.88,5.91,5.91,5.85,160195.0,000875
405,2016-08-10,5.91,5.87,5.95,5.86,137556.0,000875
406,2016-08-11,5.85,5.85,5.97,5.82,198383.0,000875
407,2016-08-12,5.83,5.91,5.93,5.83,138184.0,000875
408,2016-08-15,5.95,6.04,6.07,5.91,318920.0,000875
409,2016-08-16,6.04,6.06,6.1,6.03,261590.0,000875
410,2016-08-17,6.05,6.1,6.14,6.02,221672.0,000875
411,2016-08-18,6.08,6.05,6.11,6.03,176135.0,000875
412,2016-08-19,6.07,6.03,6.08,5.98,161577.0,000875
413,2016-08-22,6.01,5.96,6.06,5.95,177228.0,000875
414,2016-08-23,5.95,6.0,6.03,5.94,164661.0,000875
415,2016-08-24,6.05,6.08,6.18,6.05,405356.0,000875
416,2016-08-25,6.0,5.97,6.02,5.88,265567.0,000875
417,2016-08-26,5.97,6.1,6.11,5.97,390267.0,000875
418,2016-08-29,6.07,6.08,6.14,6.04,191361.0,000875
419,2016-08-30,6.08,6.03,6.1,6.02,133248.0,000875
420,2016-08-31,6.01,5.97,6.04,5.94,188185.0,000875
421,2016-09-01,5.98,5.94,6.03,5.94,121694.0,000875
422,2016-09-02,5.82,5.87,5.92,5.82,168830.0,000875
423,2016-09-05,5.9,5.89,5.94,5.86,92711.0,000875
424,2016-09-06,5.92,5.94,5.95,5.87,103347.0,000875
425,2016-09-07,5.97,6.0,6.05,5.95,180855.0,000875
426,2016-09-08,6.01,6.09,6.15,5.95,352164.0,000875
427,2016-09-09,6.05,6.01,6.11,6.0,187630.0,000875
428,2016-09-12,5.95,6.09,6.26,5.95,705531.0,000875
429,2016-09-13,6.14,6.39,6.6,6.09,1171504.0,000875
430,2016-09-14,6.37,6.22,6.37,6.16,449179.0,000875
431,2016-09-19,6.2,6.25,6.33,6.2,341329.0,000875
432,2016-09-20,6.26,6.27,6.27,6.12,342097.0,000875
433,2016-09-21,6.21,6.47,6.53,6.21,675441.0,000875
434,2016-09-22,6.52,6.48,6.56,6.39,411001.0,000875
435,2016-09-23,6.45,6.58,6.65,6.42,510207.0,000875
436,2016-09-26,6.69,6.65,6.7,6.43,490848.0,000875
437,2016-09-27,6.52,6.57,6.65,6.41,354246.0,000875
438,2016-09-28,6.55,6.6,6.66,6.47,297886.0,000875
439,2016-09-29,6.59,6.33,6.65,6.32,378288.0,000875
440,2016-09-30,6.34,6.38,6.42,6.22,390461.0,000875
441,2016-10-10,6.4,6.32,6.42,6.19,354342.0,000875
442,2016-10-11,6.32,6.37,6.37,6.29,226370.0,000875
443,2016-10-12,6.36,6.26,6.36,6.15,483310.0,000875
444,2016-10-13,6.21,6.3,6.3,6.17,261700.0,000875
445,2016-10-14,6.35,6.31,6.39,6.26,322044.0,000875
446,2016-10-17,6.3,6.19,6.3,6.18,222877.0,000875
447,2016-10-18,6.18,6.33,6.42,6.18,330044.0,000875
448,2016-10-19,6.36,6.43,6.47,6.34,465138.0,000875
449,2016-10-20,6.4,6.34,6.42,6.33,221499.0,000875
450,2016-10-21,6.33,6.29,6.36,6.25,211823.0,000875
451,2016-10-24,6.32,6.32,6.39,6.25,238644.0,000875
452,2016-10-25,6.31,6.28,6.31,6.22,180171.0,000875
453,2016-10-26,6.26,6.25,6.3,6.21,198212.0,000875
454,2016-10-27,6.24,6.27,6.28,6.21,124864.0,000875
455,2016-10-28,6.26,6.11,6.27,6.1,291826.0,000875
456,2016-10-31,6.07,6.04,6.08,5.98,183182.0,000875
457,2016-11-01,6.06,6.12,6.13,6.05,126596.0,000875
458,2016-11-02,6.12,6.06,6.12,6.0,161327.0,000875
459,2016-11-03,6.28,6.21,6.44,6.16,546298.0,000875
460,2016-11-04,6.17,6.1,6.2,6.06,287974.0,000875
461,2016-11-07,6.1,6.09,6.12,6.03,190364.0,000875
462,2016-11-08,6.1,6.1,6.13,6.07,147219.0,000875
463,2016-11-09,6.1,6.03,6.1,5.98,174885.0,000875
464,2016-11-10,6.06,6.12,6.13,6.06,182850.0,000875
465,2016-11-11,6.1,6.16,6.17,6.1,282564.0,000875
466,2016-11-14,6.15,6.23,6.25,6.13,273574.0,000875
467,2016-11-15,6.24,6.22,6.27,6.19,207631.0,000875
468,2016-11-16,6.22,6.24,6.34,6.18,309173.0,000875
469,2016-11-17,6.21,6.28,6.3,6.2,250129.0,000875
470,2016-11-18,6.29,6.2,6.3,6.2,190948.0,000875
471,2016-11-21,6.17,6.29,6.34,6.16,331127.0,000875
472,2016-11-22,6.27,6.29,6.32,6.23,296427.0,000875
473,2016-11-23,6.28,6.2,6.29,6.19,261086.0,000875
474,2016-11-24,6.19,6.19,6.24,6.13,208985.0,000875
475,2016-11-25,6.2,6.19,6.2,6.05,192710.0,000875
476,2016-11-28,6.18,6.17,6.2,6.12,168430.0,000875
477,2016-11-29,6.16,6.2,6.25,6.12,295454.0,000875
478,2016-11-30,6.27,6.2,6.33,6.18,406333.0,000875
479,2016-12-01,6.16,6.35,6.38,6.14,574742.0,000875
480,2016-12-02,6.4,6.4,6.44,6.22,580703.0,000875
481,2016-12-05,6.31,6.54,6.56,6.28,764008.0,000875
482,2016-12-06,6.48,6.42,6.52,6.4,395262.0,000875
483,2016-12-07,6.4,6.55,6.55,6.3,504256.0,000875
484,2016-12-08,6.51,6.49,6.54,6.43,369283.0,000875
485,2016-12-09,6.45,6.48,6.52,6.36,329629.0,000875
486,2016-12-12,6.48,6.39,6.48,6.25,429913.0,000875
487,2016-12-13,6.34,6.68,6.85,6.26,941619.0,000875
488,2016-12-14,6.59,6.57,6.78,6.57,678317.0,000875
489,2016-12-15,6.53,6.71,6.85,6.51,721056.0,000875
490,2016-12-16,6.7,6.63,6.94,6.61,822782.0,000875
491,2016-12-19,6.58,6.51,6.69,6.5,447975.0,000875
492,2016-12-20,6.48,6.51,6.58,6.46,279622.0,000875
493,2016-12-21,6.54,6.72,6.79,6.48,650519.0,000875
494,2016-12-22,6.66,6.7,6.85,6.65,616785.0,000875
495,2016-12-23,6.74,6.78,6.92,6.63,750003.0,000875
496,2016-12-26,6.75,7.05,7.15,6.72,1139091.0,000875
497,2016-12-27,6.98,6.92,7.04,6.89,627654.0,000875
498,2016-12-28,6.91,6.83,6.92,6.76,495105.0,000875
499,2016-12-29,6.81,6.83,6.86,6.77,293441.0,000875
500,2016-12-30,6.83,6.57,6.95,6.56,513243.0,000875
501,2017-01-03,6.5,6.54,6.55,6.43,432458.0,000875
502,2017-01-04,6.52,6.56,6.6,6.46,298334.0,000875
503,2017-01-05,6.55,6.6,6.63,6.51,348989.0,000875
504,2017-01-06,6.58,6.65,6.77,6.56,440972.0,000875
505,2017-01-09,6.64,6.8,6.83,6.53,518005.0,000875
506,2017-01-10,6.75,6.65,6.85,6.65,347003.0,000875
507,2017-01-11,6.61,6.55,6.72,6.53,286571.0,000875
508,2017-01-12,6.54,6.46,6.58,6.45,205004.0,000875
509,2017-01-13,6.46,6.44,6.54,6.41,162773.0,000875
510,2017-01-16,6.42,6.14,6.47,5.86,304411.0,000875
511,2017-01-17,6.1,6.17,6.19,5.99,167870.0,000875
512,2017-01-18,6.16,6.13,6.18,6.1,108353.0,000875
513,2017-01-19,6.09,6.06,6.11,5.99,112237.0,000875
514,2017-01-20,6.06,6.11,6.13,6.02,103608.0,000875
515,2017-01-23,6.1,6.16,6.19,6.09,110672.0,000875
516,2017-01-24,6.17,6.13,6.19,6.13,75163.0,000875
517,2017-01-25,6.12,6.1,6.15,6.09,95822.0,000875
518,2017-01-26,6.08,6.09,6.11,6.05,119543.0,000875
519,2017-02-03,6.09,6.1,6.12,6.07,63582.0,000875
520,2017-02-06,6.1,6.15,6.15,6.07,106424.0,000875
521,2017-02-07,6.14,6.17,6.19,6.12,107967.0,000875
522,2017-02-08,6.15,6.23,6.24,6.15,136427.0,000875
523,2017-02-09,6.21,6.22,6.23,6.19,131632.0,000875
524,2017-02-10,6.21,6.26,6.26,6.21,168075.0,000875
525,2017-02-13,6.23,6.25,6.25,6.2,140276.0,000875
526,2017-02-14,6.25,6.21,6.27,6.18,176791.0,000875
527,2017-02-15,6.22,6.28,6.5,6.16,442274.0,000875
528,2017-02-16,6.24,6.28,6.3,6.19,240310.0,000875
529,2017-02-17,6.27,6.22,6.32,6.21,191601.0,000875
530,2017-02-20,6.2,6.27,6.27,6.19,181693.0,000875
531,2017-02-21,6.26,6.3,6.3,6.25,183387.0,000875
532,2017-02-22,6.31,6.33,6.39,6.29,202542.0,000875
533,2017-02-23,6.33,6.27,6.33,6.24,152375.0,000875
534,2017-02-24,6.27,6.28,6.29,6.23,114284.0,000875
535,2017-02-27,6.29,6.19,6.33,6.17,176884.0,000875
536,2017-02-28,6.2,6.19,6.22,6.14,132823.0,000875
537,2017-03-01,6.21,6.18,6.21,6.17,132319.0,000875
538,2017-03-02,6.18,6.13,6.21,6.12,130263.0,000875
539,2017-03-03,6.11,6.1,6.13,6.05,167476.0,000875
540,2017-03-06,6.12,6.17,6.18,6.1,107700.0,000875
541,2017-03-07,6.17,6.16,6.18,6.12,88789.0,000875
542,2017-03-08,6.18,6.13,6.18,6.11,87175.0,000875
543,2017-03-09,6.13,6.06,6.13,6.04,133167.0,000875
544,2017-03-10,6.06,6.05,6.09,6.03,85576.0,000875
545,2017-03-13,6.05,6.08,6.09,6.01,82805.0,000875
546,2017-03-14,6.07,6.05,6.09,6.04,79305.0,000875
547,2017-03-15,6.04,6.03,6.05,6.0,95662.0,000875
548,2017-03-16,6.03,6.07,6.08,6.03,95669.0,000875
549,2017-03-17,6.08,6.06,6.11,6.05,132315.0,000875
550,2017-03-20,6.06,6.05,6.07,6.02,92764.0,000875
551,2017-03-21,6.06,6.08,6.09,6.03,119224.0,000875
552,2017-03-22,6.06,5.98,6.06,5.97,175108.0,000875
553,2017-03-23,5.97,5.9,6.0,5.85,164499.0,000875
554,2017-03-24,5.88,5.92,5.94,5.86,129772.0,000875
555,2017-03-27,5.92,5.88,5.92,5.87,79916.0,000875
556,2017-03-28,5.88,5.9,5.93,5.85,89229.0,000875
557,2017-03-29,5.89,5.85,5.91,5.85,97737.0,000875
558,2017-03-30,5.87,5.95,6.15,5.73,436605.0,000875
559,2017-03-31,5.9,5.95,6.06,5.81,249131.0,000875
560,2017-04-05,5.89,6.12,6.13,5.87,351630.0,000875
561,2017-04-06,6.13,6.07,6.16,6.03,343573.0,000875
562,2017-04-07,6.05,6.05,6.09,6.0,223021.0,000875
563,2017-04-10,6.05,5.94,6.05,5.93,189749.0,000875
564,2017-04-11,5.95,5.95,5.98,5.81,220879.0,000875
565,2017-04-12,5.94,5.98,6.04,5.87,228822.0,000875
566,2017-04-13,5.94,6.0,6.07,5.92,186100.0,000875
567,2017-04-14,5.98,5.9,6.01,5.88,152215.0,000875
568,2017-04-17,5.87,5.81,5.88,5.79,129615.0,000875
569,2017-04-18,5.81,5.72,5.84,5.72,95152.0,000875
570,2017-04-19,5.71,5.61,5.71,5.52,141019.0,000875
571,2017-04-20,5.6,5.52,5.63,5.47,120200.0,000875
572,2017-04-21,5.53,5.51,5.55,5.49,68219.0,000875
573,2017-04-24,5.5,5.3,5.51,5.29,124056.0,000875
574,2017-04-25,5.3,5.32,5.38,5.27,57754.0,000875
575,2017-04-26,5.34,5.26,5.35,5.25,60537.0,000875
576,2017-04-27,5.27,5.14,5.27,4.9,197361.0,000875
577,2017-04-28,5.13,5.15,5.19,5.08,70147.0,000875
578,2017-05-02,5.17,5.13,5.18,5.12,53023.0,000875
579,2017-05-03,5.09,5.11,5.14,5.07,64747.0,000875
580,2017-05-04,5.1,5.07,5.12,5.05,63458.0,000875
581,2017-05-05,5.07,4.95,5.07,4.95,94263.0,000875
582,2017-05-08,4.93,4.9,4.97,4.9,65909.0,000875
583,2017-05-09,4.9,5.02,5.08,4.88,140828.0,000875
584,2017-05-10,4.99,4.94,5.04,4.92,83948.0,000875
585,2017-05-11,4.92,5.02,5.04,4.87,114291.0,000875
586,2017-05-12,5.0,5.0,5.04,4.96,63931.0,000875
587,2017-05-15,5.01,5.03,5.06,5.0,50098.0,000875
588,2017-05-16,5.03,5.08,5.08,4.98,93694.0,000875
589,2017-05-17,5.07,5.06,5.1,5.04,87452.0,000875
590,2017-05-18,5.01,5.0,5.05,4.99,67367.0,000875
591,2017-05-19,5.0,5.5,5.5,4.98,316469.0,000875
592,2017-05-22,5.5,5.37,5.59,5.32,452877.0,000875
593,2017-05-23,5.28,5.08,5.35,5.05,269045.0,000875
594,2017-05-24,5.0,5.2,5.3,4.97,279700.0,000875
595,2017-05-25,5.11,5.33,5.4,5.07,355340.0,000875
596,2017-05-26,5.26,5.22,5.34,5.21,223498.0,000875
597,2017-05-31,5.27,5.15,5.29,5.15,139314.0,000875
598,2017-06-01,5.19,5.07,5.25,5.06,120446.0,000875
599,2017-06-02,5.02,5.21,5.22,5.01,149867.0,000875
600,2017-06-05,5.28,5.2,5.31,5.17,115021.0,000875
601,2017-06-06,5.17,5.23,5.23,5.14,82246.0,000875
602,2017-06-07,5.22,5.29,5.29,5.21,156285.0,000875
603,2017-06-08,5.27,5.25,5.29,5.23,105228.0,000875
604,2017-06-09,5.25,5.23,5.27,5.19,92541.0,000875
605,2017-06-12,5.2,5.12,5.22,5.12,84692.0,000875
606,2017-06-13,5.11,5.16,5.18,5.1,53079.0,000875
607,2017-06-14,5.14,5.14,5.18,5.12,64879.0,000875
608,2017-06-15,5.13,5.17,5.18,5.12,71041.0,000875
609,2017-06-16,5.14,5.19,5.24,5.14,73650.0,000875
610,2017-06-19,5.18,5.25,5.28,5.18,88329.0,000875
611,2017-06-20,5.26,5.23,5.28,5.21,69314.0,000875
612,2017-06-21,5.23,5.19,5.25,5.16,71555.0,000875
613,2017-06-22,5.21,5.15,5.24,5.14,87754.0,000875
614,2017-06-23,5.13,5.12,5.16,5.07,84845.0,000875
615,2017-06-26,5.12,5.15,5.16,5.09,75498.0,000875
616,2017-06-27,5.14,5.17,5.19,5.12,77484.0,000875
617,2017-06-28,5.16,5.12,5.16,5.11,58292.0,000875
618,2017-06-29,5.1,5.06,5.13,5.05,134854.0,000875
619,2017-06-30,5.04,5.05,5.06,5.01,80428.0,000875
620,2017-07-03,5.05,5.07,5.07,5.03,58269.0,000875
621,2017-07-04,5.07,5.05,5.09,5.04,69941.0,000875
622,2017-07-05,5.04,5.07,5.08,5.03,77165.0,000875
623,2017-07-06,5.13,5.16,5.26,5.13,248375.0,000875
624,2017-07-07,5.12,5.15,5.16,5.1,101438.0,000875
625,2017-07-10,5.16,5.17,5.19,5.13,95861.0,000875
626,2017-07-11,5.17,5.11,5.17,5.1,90887.0,000875
627,2017-07-12,5.11,5.06,5.12,5.02,136032.0,000875
628,2017-07-13,5.05,5.07,5.1,5.04,72627.0,000875
629,2017-07-14,5.08,5.05,5.1,5.03,79754.0,000875
630,2017-07-17,5.0,4.78,5.03,4.75,174084.0,000875
631,2017-07-18,4.77,4.82,4.82,4.76,88785.0,000875
632,2017-07-19,4.81,4.88,4.89,4.79,94550.0,000875
633,2017-07-20,4.88,5.01,5.11,4.87,211530.0,000875
634,2017-07-21,4.97,4.95,4.99,4.93,97652.0,000875
635,2017-07-24,4.95,4.97,4.98,4.93,78896.0,000875
636,2017-07-25,4.97,4.98,5.0,4.93,74986.0,000875
637,2017-07-26,4.97,4.95,4.98,4.92,61310.0,000875
638,2017-07-27,4.96,4.96,4.97,4.9,79378.0,000875
639,2017-07-28,4.96,4.97,5.04,4.93,109447.0,000875
640,2017-07-31,4.96,4.98,4.99,4.94,71186.52,000875
641,2017-08-01,4.98,4.98,5.0,4.96,68898.35,000875
642,2017-08-02,4.98,5.02,5.03,4.97,110855.74,000875
643,2017-08-03,5.02,5.03,5.09,4.99,109531.31,000875
644,2017-08-07,5.03,5.18,5.31,5.03,260261.66,000875
645,2017-08-08,5.14,5.12,5.17,5.11,167599.9,000875
646,2017-08-09,5.14,5.12,5.16,5.11,86461.01,000875
647,2017-08-10,5.13,5.06,5.13,5.03,101605.0,000875
648,2017-08-11,5.03,4.97,5.05,4.96,98941.51,000875
649,2017-08-14,4.97,5.03,5.03,4.96,49120.3,000875
650,2017-08-15,5.01,5.04,5.08,5.01,47371.0,000875
651,2017-08-16,5.04,5.07,5.08,5.04,81937.17,000875
652,2017-08-17,5.07,5.11,5.13,5.06,111727.26,000875
653,2017-08-18,5.09,5.15,5.28,5.06,196363.88,000875
