,date,open,close,high,low,volume,code
0,2014-09-22,17.076,17.212,17.695,17.031,174484.0,002030
1,2014-09-23,17.137,17.461,17.469,17.016,144230.0,002030
2,2014-09-24,17.386,17.589,17.605,17.31,145478.0,002030
3,2014-09-25,17.688,17.295,17.771,17.28,136079.0,002030
4,2014-09-26,17.295,17.529,17.725,17.28,148700.0,002030
5,2014-09-29,17.552,17.333,17.74,17.303,150016.0,002030
6,2014-09-30,17.295,17.265,17.408,17.084,116472.0,002030
7,2014-10-08,18.005,17.808,18.216,17.612,303582.0,002030
8,2014-10-09,17.891,18.926,19.303,17.673,492934.0,002030
9,2014-10-10,18.858,19.046,19.59,18.578,396814.0,002030
10,2014-10-13,19.152,19.054,19.907,19.039,362540.0,002030
11,2014-10-14,18.873,19.749,20.269,18.526,479355.0,002030
12,2014-10-15,19.847,21.424,21.651,19.643,661804.0,002030
13,2014-10-16,21.138,20.745,22.632,20.647,655744.0,002030
14,2014-10-17,20.685,19.718,20.692,19.356,392870.0,002030
15,2014-10-20,19.915,20.149,20.745,19.703,282374.0,002030
16,2014-10-21,19.703,19.031,19.703,18.541,324458.0,002030
17,2014-10-22,19.024,18.722,19.258,18.646,173089.0,002030
18,2014-10-23,18.578,18.903,19.092,18.193,223787.0,002030
19,2014-10-24,18.82,18.941,19.213,18.571,132460.0,002030
20,2014-10-27,18.775,18.941,19.099,18.239,133808.0,002030
21,2014-10-28,18.948,19.296,19.356,18.699,162922.0,002030
22,2014-10-29,19.386,19.424,19.53,19.024,203921.0,002030
23,2014-10-30,19.431,19.93,20.292,19.311,245431.0,002030
24,2014-10-31,19.854,19.371,20.058,19.175,176782.0,002030
25,2014-11-03,19.273,19.016,19.273,18.745,163174.0,002030
26,2014-11-04,18.895,18.405,19.009,18.382,165756.0,002030
27,2014-11-05,18.344,18.526,18.76,18.118,106840.0,002030
28,2014-11-06,20.375,19.175,20.375,19.099,245104.0,002030
29,2014-11-07,19.326,18.594,19.552,18.495,170883.0,002030
30,2014-11-10,18.601,18.375,18.722,18.141,104250.0,002030
31,2014-11-11,18.51,17.522,18.654,17.363,164720.0,002030
32,2014-11-12,17.597,18.012,18.058,17.288,130695.0,002030
33,2014-11-13,17.824,17.363,17.944,17.348,110868.0,002030
34,2014-11-14,17.325,17.242,17.597,17.099,71417.0,002030
35,2014-11-17,17.288,17.325,17.544,17.22,64955.0,002030
36,2014-11-18,17.423,17.771,17.793,17.25,109509.0,002030
37,2014-11-19,17.854,18.133,18.299,17.808,141017.0,002030
38,2014-11-20,17.967,17.688,18.02,17.665,83523.0,002030
39,2014-11-21,17.597,17.484,17.605,17.159,132423.0,002030
40,2014-11-24,17.589,17.295,17.589,16.827,187991.0,002030
41,2014-11-25,17.204,17.491,17.506,17.167,153185.0,002030
42,2014-11-26,17.559,17.484,17.635,17.25,120542.0,002030
43,2014-11-27,17.582,18.193,18.322,17.484,267255.0,002030
44,2014-11-28,18.307,17.907,18.344,17.771,162865.0,002030
45,2014-12-01,18.533,18.08,18.563,17.959,171508.0,002030
46,2014-12-02,18.08,17.914,18.103,17.771,137867.0,002030
47,2014-12-03,17.861,17.657,17.861,17.25,202941.0,002030
48,2014-12-04,17.71,18.224,18.314,17.635,243493.0,002030
49,2014-12-05,18.209,17.831,18.246,17.272,175350.0,002030
50,2014-12-08,17.763,18.337,18.616,17.627,331164.0,002030
51,2014-12-09,18.118,16.978,18.118,16.948,265509.0,002030
52,2014-12-10,16.903,17.408,17.627,16.835,117849.0,002030
53,2014-12-11,17.318,17.552,17.612,16.97,134569.0,002030
54,2014-12-12,17.439,17.386,17.537,17.25,96359.0,002030
55,2014-12-15,17.363,17.808,18.012,17.212,157212.0,002030
56,2014-12-16,17.74,17.959,17.99,17.476,139927.0,002030
57,2014-12-17,17.891,17.589,17.899,17.506,112931.0,002030
58,2014-12-18,17.582,17.325,17.665,17.212,113340.0,002030
59,2014-12-19,17.454,17.121,17.476,16.835,102489.0,002030
60,2014-12-22,17.061,15.408,17.061,15.408,178331.0,002030
61,2014-12-23,15.408,14.223,15.672,13.898,202096.0,002030
62,2014-12-24,14.268,14.819,14.857,14.041,137464.0,002030
63,2014-12-25,14.819,15.03,15.317,14.577,100532.0,002030
64,2014-12-26,14.947,14.834,14.978,14.63,85338.0,002030
65,2014-12-29,14.91,14.608,14.94,14.117,129910.0,002030
66,2014-12-30,14.925,14.947,15.468,14.721,195365.0,002030
67,2014-12-31,14.796,15.151,15.325,14.57,141636.0,002030
68,2015-01-05,15.325,15.008,15.347,14.721,94372.0,002030
69,2015-01-06,14.985,15.551,15.815,14.721,164443.0,002030
70,2015-01-07,15.551,15.31,15.627,15.121,87232.0,002030
71,2015-01-08,15.287,15.264,15.619,15.159,84713.0,002030
72,2015-01-09,15.249,15.015,15.446,14.947,94842.0,002030
73,2015-01-12,15.068,15.008,15.212,14.872,52328.0,002030
74,2015-01-13,15.023,16.51,16.51,15.023,354998.0,002030
75,2015-01-14,16.518,17.023,17.363,16.344,411142.0,002030
76,2015-01-15,16.684,16.434,16.759,16.321,165372.0,002030
77,2015-01-16,16.291,16.797,17.001,16.253,151598.0,002030
78,2015-01-19,16.608,17.355,18.05,16.54,343843.0,002030
79,2015-01-20,17.522,18.209,18.42,17.159,362615.0,002030
80,2015-01-21,18.005,18.42,19.001,17.967,345447.0,002030
81,2015-01-22,18.571,18.48,18.858,18.224,217553.0,002030
82,2015-01-23,18.843,18.722,18.986,18.178,286310.0,002030
83,2015-01-26,18.722,18.329,18.722,18.269,182087.0,002030
84,2015-01-27,18.292,17.959,18.292,17.74,158817.0,002030
85,2015-01-28,17.884,18.005,18.367,17.884,127231.0,002030
86,2015-01-29,18.08,17.363,18.08,17.295,126428.0,002030
87,2015-01-30,17.363,17.461,17.627,17.121,101361.0,002030
88,2015-02-02,17.506,17.922,18.292,17.378,145336.0,002030
89,2015-02-03,17.967,17.854,18.08,17.665,96941.0,002030
90,2015-02-04,17.861,17.884,18.02,17.733,79668.0,002030
91,2015-02-05,17.899,18.284,18.609,17.824,212349.0,002030
92,2015-02-06,18.299,17.439,18.495,17.265,156217.0,002030
93,2015-02-09,17.514,16.88,17.514,16.835,93755.0,002030
94,2015-02-10,16.986,17.363,17.431,16.842,76070.0,002030
95,2015-02-11,17.378,17.589,17.695,17.227,59502.0,002030
96,2015-02-12,17.589,17.567,17.688,17.28,57731.0,002030
97,2015-02-13,17.657,19.326,19.326,17.635,267254.0,002030
98,2015-02-16,20.307,19.983,20.307,19.235,412978.0,002030
99,2015-02-17,20.005,21.349,21.983,19.937,608617.0,002030
100,2015-02-25,21.364,20.602,21.968,20.428,434824.0,002030
101,2015-02-26,20.737,20.692,21.326,19.99,241549.0,002030
102,2015-02-27,20.647,21.394,21.689,20.473,267258.0,002030
103,2015-03-02,21.334,22.813,23.214,20.987,349031.0,002030
104,2015-03-03,22.527,24.588,25.093,22.421,498435.0,002030
105,2015-03-04,24.588,27.049,27.049,24.187,360960.0,002030
106,2015-03-05,28.762,27.449,29.223,27.139,460533.0,002030
107,2015-03-06,27.177,25.252,27.698,24.942,390109.0,002030
108,2015-03-09,25.214,27.781,27.781,25.071,479628.0,002030
109,2015-03-10,27.924,29.185,30.468,26.807,397695.0,002030
110,2015-03-11,28.77,27.917,29.766,27.449,288330.0,002030
111,2015-03-12,28.105,26.86,28.105,25.124,308320.0,002030
112,2015-03-13,26.43,26.89,27.486,25.818,212587.0,002030
113,2015-03-16,27.449,29.577,29.577,27.449,404535.0,002030
114,2015-03-17,29.577,30.672,31.253,28.536,405388.0,002030
115,2015-03-18,30.121,30.264,31.087,29.698,180035.0,002030
116,2015-03-19,29.895,29.102,30.197,28.875,218324.0,002030
117,2015-03-20,29.328,29.525,31.291,29.026,268822.0,002030
118,2015-03-23,29.525,30.083,30.785,28.762,219386.0,002030
119,2015-03-24,30.046,29.479,30.083,28.762,217354.0,002030
120,2015-03-25,29.14,29.2,29.872,28.309,292378.0,002030
121,2015-03-26,28.611,28.053,29.728,27.781,211074.0,002030
122,2015-03-27,28.377,29.419,30.076,28.377,278503.34,002030
123,2015-03-30,29.608,29.442,30.295,29.125,237742.0,002030
124,2015-03-31,29.442,32.386,32.386,29.185,462884.0,002030
125,2015-04-01,33.209,33.428,34.401,32.461,347560.0,002030
126,2015-04-02,34.039,33.495,34.047,32.627,233464.0,002030
127,2015-04-03,33.065,35.232,36.394,32.522,262391.0,002030
128,2015-04-07,35.239,35.994,37.897,33.903,212206.0,002030
129,2015-04-08,36.387,33.873,36.417,32.748,298640.0,002030
130,2015-04-09,33.548,34.552,35.217,31.404,277480.0,002030
131,2015-04-10,34.099,38.01,38.01,34.099,305352.0,002030
132,2015-04-13,40.161,40.539,41.807,39.482,315873.0,002030
133,2015-04-14,40.773,42.645,43.709,38.501,304291.0,002030
134,2015-04-15,40.992,39.935,42.275,39.701,216530.0,002030
135,2015-04-16,39.391,41.384,43.785,38.199,288924.0,002030
136,2015-04-17,40.305,40.312,42.185,39.406,202652.0,002030
137,2015-04-20,39.255,37.655,41.89,37.368,216181.0,002030
138,2015-04-21,37.648,39.135,39.648,36.84,207518.0,002030
139,2015-04-22,39.255,39.557,40.524,38.742,163794.0,002030
140,2015-04-23,39.746,41.505,42.992,38.916,341155.0,002030
141,2015-04-24,41.52,40.259,42.336,39.776,217721.0,002030
142,2015-04-27,41.407,40.048,41.43,39.761,177961.0,002030
143,2015-04-28,40.448,37.814,40.758,37.262,193945.0,002030
144,2015-04-29,37.368,37.821,38.946,36.613,203214.0,002030
145,2015-04-30,37.829,37.527,39.006,36.991,175490.0,002030
146,2015-05-04,37.481,37.67,38.274,35.481,172587.0,002030
147,2015-05-05,37.821,36.764,38.501,36.764,150430.0,002030
148,2015-05-06,36.991,39.18,40.01,36.319,325967.0,002030
149,2015-05-07,39.097,39.165,41.105,38.689,285931.0,002030
150,2015-05-08,39.905,41.384,41.513,38.297,321680.0,002030
151,2015-05-11,41.89,43.0,43.407,40.222,526797.0,002030
152,2015-05-12,41.898,41.331,43.015,41.014,372739.0,002030
153,2015-05-13,41.369,41.354,42.698,40.35,290199.0,002030
154,2015-05-14,41.52,40.373,41.558,39.859,233604.0,002030
155,2015-05-15,40.584,39.708,40.584,38.727,201548.0,002030
156,2015-05-18,40.146,40.931,41.49,39.633,273055.0,002030
157,2015-05-19,41.558,40.373,41.898,39.92,209357.0,002030
158,2015-05-20,40.463,41.052,42.124,40.146,271662.0,002030
159,2015-05-21,41.52,45.159,45.159,40.448,225294.0,002030
160,2015-05-22,49.062,47.476,49.069,45.68,420074.0,002030
161,2015-05-25,46.571,47.371,48.012,45.159,220886.0,002030
162,2015-05-26,47.227,48.918,50.202,46.805,281463.0,002030
163,2015-05-27,48.322,48.692,51.281,47.937,265228.0,002030
164,2015-05-28,48.088,46.805,50.934,46.05,279416.0,002030
165,2015-05-29,48.314,48.239,49.447,45.182,244994.0,002030
166,2015-06-01,51.334,53.063,53.063,50.579,344665.0,002030
167,2015-06-02,54.346,53.131,55.109,51.334,306633.0,002030
168,2015-06-03,52.844,58.445,58.445,50.141,310890.0,002030
169,2015-06-04,56.618,60.393,61.903,54.482,311709.0,002030
170,2015-06-05,60.763,60.37,64.266,58.981,264989.0,002030
171,2015-06-08,59.646,54.958,59.865,54.354,253254.0,002030
172,2015-06-09,54.354,54.943,56.52,53.282,130411.0,002030
173,2015-06-10,54.429,55.041,56.43,52.474,172481.0,002030
174,2015-06-11,55.335,58.113,60.0,55.335,183279.0,002030
175,2015-06-12,58.053,56.03,58.053,55.728,144148.0,002030
176,2015-06-15,55.109,52.731,55.29,52.391,160817.0,002030
177,2015-06-16,50.692,49.318,52.731,48.058,166168.0,002030
178,2015-06-17,50.769,51.222,51.63,48.847,148501.0,002030
179,2015-06-18,51.131,49.953,52.401,49.064,147740.0,002030
180,2015-06-19,48.502,46.961,49.137,45.873,159020.0,002030
181,2015-06-23,45.964,49.88,50.043,45.964,178876.0,002030
182,2015-06-24,50.587,49.01,51.295,48.049,145366.0,002030
183,2015-06-25,49.019,47.596,50.315,47.188,155840.0,002030
184,2015-06-26,46.19,42.836,47.414,42.836,129118.0,002030
185,2015-06-29,43.153,38.557,43.861,38.557,158487.0,002030
186,2015-06-30,34.768,40.162,41.25,34.704,290354.0,002030
187,2015-07-01,39.89,36.146,41.404,36.146,273145.0,002030
188,2015-07-02,34.713,32.528,35.012,32.528,240264.0,002030
189,2015-07-03,29.917,29.274,33.081,29.274,240270.0,002030
190,2015-07-06,32.184,26.345,32.184,26.345,395378.0,002030
191,2015-07-07,24.025,23.707,24.396,23.707,198608.0,002030
192,2015-07-08,21.341,24.025,25.62,21.341,1251210.0,002030
193,2015-07-09,23.118,26.427,26.427,23.118,383522.0,002030
194,2015-07-10,29.074,29.074,29.074,28.43,92909.0,002030
195,2015-07-13,31.984,31.984,31.984,31.984,17139.0,002030
196,2015-07-14,35.185,35.185,35.185,35.185,23480.0,002030
197,2015-07-15,38.693,32.891,38.693,32.329,544020.0,002030
198,2015-07-16,31.631,36.182,36.182,29.899,383033.0,002030
199,2015-07-17,37.17,39.799,39.799,36.182,331425.0,002030
200,2015-10-14,35.901,40.443,43.779,35.901,599262.0,002030
201,2015-10-15,39.164,40.207,40.914,38.077,383681.0,002030
202,2015-10-16,40.207,40.932,42.546,39.174,298294.0,002030
203,2015-10-19,41.422,38.512,41.63,37.333,295686.0,002030
204,2015-10-20,38.611,39.056,39.672,38.602,153403.0,002030
205,2015-10-21,39.092,41.966,42.963,39.092,613467.0,002030
206,2015-10-22,42.972,45.483,45.873,40.805,550079.0,002030
207,2015-10-23,47.142,44.749,48.937,44.151,595421.0,002030
208,2015-10-26,44.749,43.326,44.758,41.295,360825.0,002030
209,2015-10-27,42.473,43.987,44.468,40.796,230516.0,002030
210,2015-10-28,43.697,40.978,43.697,40.071,224449.0,002030
211,2015-10-29,41.241,40.597,41.884,39.708,163175.0,002030
212,2015-10-30,41.34,40.833,42.056,39.445,166596.0,002030
213,2015-11-02,39.436,37.904,40.688,37.823,182365.0,002030
214,2015-11-03,38.485,37.306,38.983,36.998,132812.0,002030
215,2015-11-04,37.261,41.041,41.041,37.261,290994.0,002030
216,2015-11-05,41.522,39.999,42.165,39.572,268756.0,002030
217,2015-11-06,40.234,41.34,42.02,40.008,218282.0,002030
218,2015-11-09,41.195,42.782,43.969,40.932,348607.0,002030
219,2015-11-10,42.519,42.374,43.153,41.476,244342.0,002030
220,2015-11-11,42.374,44.477,45.492,42.374,312749.0,002030
221,2015-11-12,44.885,43.326,45.211,42.446,318136.0,002030
222,2015-11-13,43.108,41.594,43.117,41.123,222996.0,002030
223,2015-11-16,40.089,41.531,41.667,39.89,151702.0,002030
224,2015-11-17,41.957,40.116,42.519,40.044,259125.0,002030
225,2015-11-18,40.252,38.675,40.597,38.62,182451.0,002030
226,2015-11-19,38.095,39.962,39.971,38.095,119197.0,002030
227,2015-11-20,39.971,39.636,40.978,39.436,197011.0,002030
228,2015-11-23,40.071,39.545,41.05,39.309,183139.0,002030
229,2015-11-24,38.974,39.174,39.436,38.358,124692.0,002030
230,2015-11-25,39.609,42.337,42.791,39.128,336579.0,002030
231,2015-11-26,42.501,40.796,42.682,40.706,234776.0,002030
232,2015-11-27,40.425,37.27,40.425,37.17,218006.0,002030
233,2015-11-30,37.261,37.469,38.077,35.248,168106.0,002030
234,2015-12-01,38.058,38.439,39.627,37.569,176348.0,002030
235,2015-12-02,37.986,37.043,37.986,35.946,140885.0,002030
236,2015-12-03,37.623,37.986,38.258,37.134,103405.0,002030
237,2015-12-04,38.231,38.557,39.5,37.904,168798.0,002030
238,2015-12-07,38.847,39.155,39.21,37.895,139446.0,002030
239,2015-12-08,38.974,37.306,38.974,37.043,165977.0,002030
240,2015-12-09,36.961,36.671,37.487,36.445,108662.0,002030
241,2015-12-10,36.671,36.762,37.46,36.481,99683.0,002030
242,2015-12-11,36.671,35.629,36.671,35.475,116094.0,002030
243,2015-12-14,35.357,35.81,35.955,34.45,129211.0,002030
244,2015-12-15,35.973,36.49,37.36,35.765,145372.0,002030
245,2015-12-16,36.508,36.717,37.197,36.454,109644.0,002030
246,2015-12-17,37.143,37.088,37.524,36.807,174171.0,002030
247,2015-12-18,37.297,40.706,40.796,36.989,529249.0,002030
248,2015-12-21,42.564,41.531,43.924,41.186,602995.0,002030
249,2015-12-22,40.805,42.473,42.782,40.316,398417.0,002030
250,2015-12-23,41.703,40.334,41.948,39.899,274441.0,002030
251,2015-12-24,40.189,40.851,41.476,39.708,228537.0,002030
252,2015-12-25,40.95,41.449,42.011,40.397,240783.0,002030
253,2015-12-28,41.694,38.802,41.83,38.784,256249.0,002030
254,2015-12-29,39.074,38.321,39.246,37.714,173184.0,002030
255,2015-12-30,38.548,38.711,39.5,38.013,182835.0,002030
256,2015-12-31,38.756,37.333,39.246,37.27,138071.0,002030
257,2016-01-04,37.514,33.598,37.533,33.598,146096.0,002030
258,2016-01-05,30.878,32.184,34.278,30.878,245138.0,002030
259,2016-01-06,32.891,32.737,33.09,31.912,143453.0,002030
260,2016-01-07,32.184,29.473,32.32,29.464,54263.0,002030
261,2016-01-08,30.597,30.171,30.779,26.581,193349.0,002030
262,2016-01-11,29.736,27.297,31.096,27.179,211684.0,002030
263,2016-01-12,27.651,28.92,29.555,27.216,234679.0,002030
264,2016-01-13,29.011,27.633,29.446,27.47,164154.0,002030
265,2016-01-14,26.445,30.398,30.398,26.436,254423.0,002030
266,2016-01-15,30.461,29.79,31.322,29.455,256445.0,002030
267,2016-01-18,29.799,30.751,31.223,29.464,191727.0,002030
268,2016-01-19,30.434,31.703,31.83,29.99,203338.0,002030
269,2016-01-20,31.549,30.615,31.567,30.371,187938.0,002030
270,2016-01-21,29.917,29.627,31.377,29.627,186700.0,002030
271,2016-01-22,30.099,29.736,30.425,28.557,135859.0,002030
272,2016-01-25,30.371,29.663,30.371,29.192,100493.0,002030
273,2016-01-26,29.183,26.699,29.355,26.699,155439.0,002030
274,2016-01-27,27.016,25.656,27.025,24.034,200870.0,002030
275,2016-01-28,25.203,25.294,27.016,24.759,178227.0,002030
276,2016-01-29,25.094,26.264,26.626,24.859,155102.0,002030
277,2016-02-01,25.928,25.412,26.608,24.931,125415.0,002030
278,2016-02-02,25.702,26.953,27.551,25.566,179114.0,002030
279,2016-02-03,26.59,26.835,27.116,26.037,116819.0,002030
280,2016-02-04,27.007,27.442,27.687,26.926,153974.0,002030
281,2016-02-05,27.85,26.944,27.85,26.744,100219.0,002030
282,2016-02-15,25.756,26.409,26.735,25.566,83463.0,002030
283,2016-02-16,26.654,28.557,28.993,26.654,191200.0,002030
284,2016-02-17,28.485,28.866,29.518,28.177,205478.0,002030
285,2016-02-18,28.993,28.449,29.591,28.394,178584.0,002030
286,2016-02-19,28.44,28.566,28.739,28.086,114103.0,002030
287,2016-02-22,29.373,28.993,29.537,28.684,162781.0,002030
288,2016-02-23,29.002,30.507,30.507,28.204,292953.0,002030
289,2016-02-24,29.917,29.954,30.235,29.446,218935.0,002030
290,2016-02-25,29.899,26.962,29.899,26.962,210640.0,002030
291,2016-02-26,27.198,26.155,27.433,25.665,151989.0,002030
292,2016-02-29,25.566,23.553,25.738,23.544,164455.0,002030
293,2016-03-01,23.743,23.598,24.07,22.211,170046.0,002030
294,2016-03-02,23.617,24.886,25.076,23.372,176908.0,002030
295,2016-03-03,25.094,25.23,25.983,24.668,230667.0,002030
296,2016-03-04,25.257,24.296,25.883,24.088,213684.0,002030
297,2016-03-07,24.668,24.859,25.711,24.659,143421.0,002030
298,2016-03-08,24.641,24.541,24.659,22.918,155335.0,002030
299,2016-03-09,23.607,24.659,25.792,22.665,174866.0,002030
300,2016-03-10,24.432,23.734,24.886,23.617,113021.0,002030
301,2016-03-11,23.39,23.617,23.943,23.209,70875.0,002030
302,2016-03-14,24.015,24.759,25.203,23.97,157609.0,002030
303,2016-03-15,24.931,24.532,25.067,24.478,107735.0,002030
304,2016-03-16,24.641,23.97,25.004,23.916,102189.0,002030
305,2016-03-17,24.16,25.167,25.384,24.133,203631.0,002030
306,2016-03-18,25.384,26.635,26.998,25.149,282182.0,002030
307,2016-03-21,27.161,27.551,27.923,26.889,283280.0,002030
308,2016-03-22,27.016,28.304,28.829,26.844,296918.0,002030
309,2016-03-23,28.702,28.149,29.101,27.651,227149.0,002030
310,2016-03-24,27.832,27.279,28.104,27.179,177602.0,002030
311,2016-03-25,27.497,27.741,28.557,27.451,176256.0,002030
312,2016-03-28,27.796,27.062,28.249,26.935,158605.0,002030
313,2016-03-29,27.016,25.946,27.243,25.611,161819.0,002030
314,2016-03-30,26.2,27.016,27.08,26.128,128891.0,002030
315,2016-03-31,27.198,26.844,27.515,26.654,168805.0,002030
316,2016-04-01,26.499,26.345,26.835,25.838,138095.0,002030
317,2016-04-05,26.49,27.923,27.977,26.291,230689.0,002030
318,2016-04-06,27.56,27.85,27.959,27.315,189867.0,002030
319,2016-04-07,28.104,27.107,28.258,27.107,188089.0,002030
320,2016-04-08,26.735,26.327,26.835,25.838,185986.0,002030
321,2016-04-11,26.744,28.956,28.956,26.708,375694.0,002030
322,2016-04-12,29.691,30.053,30.262,28.938,710302.0,002030
323,2016-04-13,29.736,31.549,32.673,29.283,633123.0,002030
324,2016-04-14,30.915,30.933,31.413,30.643,343644.0,002030
325,2016-04-15,30.942,30.942,31.839,30.824,286895.0,002030
326,2016-04-18,30.488,29.564,30.507,29.464,250510.0,002030
327,2016-04-19,29.872,29.772,30.28,29.12,262649.0,002030
328,2016-04-20,29.836,27.651,29.872,27.207,340879.0,002030
329,2016-04-21,27.451,27.451,28.059,27.37,187515.0,002030
330,2016-04-22,27.424,28.576,28.739,27.179,252516.0,002030
331,2016-04-25,28.467,28.576,28.793,27.524,172536.0,002030
332,2016-04-26,28.376,28.639,28.811,27.995,155837.0,002030
333,2016-04-27,29.283,28.032,29.283,28.013,187898.0,002030
334,2016-04-28,27.732,27.769,27.968,27.016,187814.0,002030
335,2016-04-29,27.696,27.288,27.905,27.243,116662.0,002030
336,2016-05-03,26.291,27.741,27.796,26.2,226498.0,002030
337,2016-05-04,27.56,27.406,27.923,27.243,174982.0,002030
338,2016-05-05,27.107,27.37,27.46,26.935,117867.0,002030
339,2016-05-06,27.515,25.72,27.578,25.566,224304.0,002030
340,2016-05-09,25.403,24.206,25.448,24.043,168885.0,002030
341,2016-05-10,24.07,24.496,25.076,24.07,145606.0,002030
342,2016-05-11,24.768,24.324,24.886,24.115,115941.0,002030
343,2016-05-12,24.124,24.55,24.559,23.462,116178.0,002030
344,2016-05-13,24.487,24.278,24.75,24.061,95640.0,002030
345,2016-05-16,24.224,24.94,24.985,24.025,123960.0,002030
346,2016-05-17,25.022,25.421,26.255,24.487,201858.0,002030
347,2016-05-18,24.976,24.233,25.004,23.907,146700.0,002030
348,2016-05-19,24.233,24.396,24.931,24.233,113551.0,002030
349,2016-05-20,24.07,24.632,24.732,23.943,91142.0,002030
350,2016-05-23,24.859,24.913,25.103,24.723,113424.0,002030
351,2016-05-24,24.886,24.387,24.886,24.206,86199.0,002030
352,2016-05-25,24.641,24.342,24.795,24.151,77134.0,002030
353,2016-05-26,24.115,24.614,24.632,23.771,100628.0,002030
354,2016-05-27,24.568,24.324,24.614,24.224,68739.0,002030
355,2016-05-30,24.206,24.324,24.559,23.889,75900.0,002030
356,2016-05-31,24.296,25.674,25.729,24.206,208278.0,002030
357,2016-06-01,26.563,26.264,27.542,26.2,346370.0,002030
358,2016-06-02,25.956,26.209,26.418,25.856,150350.0,002030
359,2016-06-03,26.228,26.835,27.134,26.228,214198.0,002030
360,2016-06-06,27.052,26.454,27.052,26.318,147704.0,002030
361,2016-06-07,26.409,26.182,26.645,25.956,109005.0,002030
362,2016-06-08,26.3,26.182,26.427,26.019,94230.0,002030
363,2016-06-13,25.765,24.478,25.883,24.478,141605.0,002030
364,2016-06-14,24.296,24.46,24.659,24.233,78396.0,002030
365,2016-06-15,24.16,25.23,25.348,24.097,121235.0,002030
366,2016-06-16,25.203,24.831,25.321,24.723,92863.0,002030
367,2016-06-17,25.375,27.315,27.315,25.375,536556.0,002030
368,2016-06-20,27.161,26.708,27.161,26.237,382852.0,002030
369,2016-06-21,26.946,26.607,27.305,26.457,323288.0,002030
370,2016-06-22,26.627,27.126,27.216,26.627,214092.0,002030
371,2016-06-23,27.126,26.796,27.136,26.637,162323.0,002030
372,2016-06-24,26.806,26.307,26.996,24.95,222410.0,002030
373,2016-06-27,25.998,27.036,27.126,25.958,204481.0,002030
374,2016-06-28,26.946,27.705,28.533,26.846,376989.0,002030
375,2016-06-29,27.794,27.585,28.034,27.355,214483.0,002030
376,2016-06-30,27.605,27.744,27.934,27.365,170249.0,002030
377,2016-07-01,27.754,27.485,28.024,27.385,134564.0,002030
378,2016-07-04,27.255,28.014,28.194,27.066,222737.0,002030
379,2016-07-05,28.014,28.064,28.383,27.774,197996.0,002030
380,2016-07-06,27.944,28.343,28.363,27.794,190063.0,002030
381,2016-07-07,28.423,28.902,29.601,28.144,404013.0,002030
382,2016-07-08,29.042,28.363,29.042,28.343,229284.0,002030
383,2016-07-11,28.403,28.014,28.533,27.994,200206.0,002030
384,2016-07-12,28.024,28.453,28.493,27.595,221701.0,002030
385,2016-07-13,28.633,28.533,28.882,28.353,217395.0,002030
386,2016-07-14,28.623,28.603,28.742,28.124,171627.0,002030
387,2016-07-15,28.603,28.174,28.653,28.124,125777.0,002030
388,2016-07-18,27.974,28.174,28.543,27.904,134752.0,002030
389,2016-07-19,28.343,28.852,28.902,28.154,242751.0,002030
390,2016-07-20,28.942,28.533,28.942,28.483,144649.0,002030
391,2016-07-21,28.523,28.363,28.802,28.343,132670.0,002030
392,2016-07-22,28.204,28.493,28.613,28.204,134014.0,002030
393,2016-07-25,28.423,28.084,28.423,27.954,136471.0,002030
394,2016-07-26,28.094,28.353,28.473,27.994,101729.0,002030
395,2016-07-27,28.373,26.647,28.742,26.297,288760.0,002030
396,2016-07-28,26.707,26.437,27.136,26.008,187209.0,002030
397,2016-07-29,26.437,26.198,26.607,26.048,87662.0,002030
398,2016-08-01,26.138,25.818,26.148,25.519,96349.0,002030
399,2016-08-02,25.748,26.008,26.168,25.748,65775.0,002030
400,2016-08-03,25.948,26.028,26.128,25.848,62028.0,002030
401,2016-08-04,26.028,26.198,26.198,25.679,82707.0,002030
402,2016-08-05,26.148,25.798,26.198,25.798,80631.0,002030
403,2016-08-08,25.748,26.088,26.108,25.519,77640.0,002030
404,2016-08-09,26.347,26.876,27.126,26.347,197602.0,002030
405,2016-08-10,26.836,26.657,26.886,26.547,95652.0,002030
406,2016-08-11,26.746,26.247,26.826,26.247,77800.0,002030
407,2016-08-12,26.397,26.487,26.527,26.148,65546.0,002030
408,2016-08-15,26.746,27.166,27.285,26.367,171471.0,002030
409,2016-08-16,27.176,27.295,27.545,27.006,147429.0,002030
410,2016-08-17,27.295,27.126,27.385,26.886,118638.0,002030
411,2016-08-18,27.046,27.555,27.595,26.866,164286.0,002030
412,2016-08-19,27.385,27.126,27.495,27.086,87093.0,002030
413,2016-08-22,27.365,26.657,27.365,26.657,139680.0,002030
414,2016-08-23,26.627,26.697,26.896,26.497,64746.0,002030
415,2016-08-24,26.726,26.657,26.906,26.607,61939.0,002030
416,2016-08-25,26.547,26.347,26.637,26.068,83522.0,002030
417,2016-08-26,26.357,26.836,27.445,26.237,196655.0,002030
418,2016-08-29,27.076,27.136,27.505,26.976,158597.0,002030
419,2016-08-30,27.295,27.036,27.335,26.946,78970.0,002030
420,2016-08-31,27.036,26.816,27.046,26.657,81449.0,002030
421,2016-09-01,26.836,26.567,27.006,26.557,66371.0,002030
422,2016-09-02,26.547,27.066,27.216,26.447,154086.0,002030
423,2016-09-05,27.345,26.926,27.395,26.856,103170.0,002030
424,2016-09-06,27.006,27.495,27.495,26.567,163476.0,002030
425,2016-09-07,27.605,29.132,29.581,27.605,536374.0,002030
426,2016-09-08,28.553,28.423,29.102,28.353,354579.0,002030
427,2016-09-09,28.313,28.024,28.832,27.994,213552.0,002030
428,2016-09-12,27.475,26.746,27.475,26.697,220336.0,002030
429,2016-09-13,27.046,26.956,27.146,26.746,104198.0,002030
430,2016-09-14,26.756,26.906,27.325,26.467,112720.0,002030
431,2016-09-19,26.906,27.495,27.495,26.796,132946.0,002030
432,2016-09-20,27.445,27.026,27.505,26.976,98549.0,002030
433,2016-09-21,27.116,27.036,27.325,26.976,75536.0,002030
434,2016-09-22,27.285,27.116,27.335,27.026,78533.0,002030
435,2016-09-23,27.435,27.325,27.914,27.245,194488.0,002030
436,2016-09-26,27.455,26.667,27.475,26.647,141687.0,002030
437,2016-09-27,26.647,26.866,26.906,26.397,84723.0,002030
438,2016-09-28,26.836,26.527,26.836,26.497,53873.0,002030
439,2016-09-29,26.577,26.726,26.846,26.547,65094.0,002030
440,2016-09-30,26.657,26.697,26.846,26.557,69881.0,002030
441,2016-10-10,26.796,27.186,27.245,26.647,112990.0,002030
442,2016-10-11,27.176,27.136,27.176,26.896,104295.0,002030
443,2016-10-12,27.086,26.956,27.086,26.866,68486.0,002030
444,2016-10-13,27.016,27.245,27.535,26.976,155373.0,002030
445,2016-10-14,27.156,27.285,27.325,26.796,112996.0,002030
446,2016-10-17,27.096,27.006,27.335,26.976,82734.0,002030
447,2016-10-18,26.956,27.245,27.265,26.866,92653.0,002030
448,2016-10-19,27.335,27.315,27.445,27.116,113779.0,002030
449,2016-10-20,27.295,27.225,27.385,27.126,74502.0,002030
450,2016-10-21,27.255,26.976,27.345,26.816,94110.0,002030
451,2016-10-24,26.946,27.056,27.216,26.806,75095.0,002030
452,2016-10-25,27.056,27.126,27.176,26.986,63884.0,002030
453,2016-10-26,27.146,27.106,27.445,27.076,116770.0,002030
454,2016-10-27,27.076,26.956,27.076,26.866,65137.0,002030
455,2016-10-28,27.026,26.726,27.136,26.717,72643.0,002030
456,2016-10-31,26.726,26.377,26.776,26.227,93428.0,002030
457,2016-11-01,26.487,26.547,26.577,26.387,53123.0,002030
458,2016-11-02,26.667,26.347,26.707,26.317,60295.0,002030
459,2016-11-03,26.407,26.457,26.607,26.247,65954.0,002030
460,2016-11-04,26.457,26.746,26.796,26.247,107951.0,002030
461,2016-11-07,26.697,26.487,26.806,26.417,64181.0,002030
462,2016-11-08,26.597,26.477,26.697,26.447,50106.0,002030
463,2016-11-09,26.487,25.828,26.567,25.529,191048.0,002030
464,2016-11-10,26.048,25.948,26.138,25.838,106732.0,002030
465,2016-11-11,25.958,26.028,26.058,25.748,100973.0,002030
466,2016-11-14,26.108,26.417,26.467,25.948,120975.0,002030
467,2016-11-15,26.487,26.417,26.487,26.208,84957.0,002030
468,2016-11-16,26.407,26.497,26.647,26.357,93047.0,002030
469,2016-11-17,26.547,26.337,26.587,26.277,74038.0,002030
470,2016-11-18,26.347,26.277,26.427,26.208,63199.0,002030
471,2016-11-21,26.387,26.307,26.387,26.208,61295.0,002030
472,2016-11-22,26.367,26.507,26.627,26.237,84770.0,002030
473,2016-11-23,26.577,26.347,26.577,26.287,89978.0,002030
474,2016-11-24,26.327,26.038,26.347,25.988,88644.0,002030
475,2016-11-25,26.227,26.627,26.826,26.008,149543.0,002030
476,2016-11-28,26.647,26.477,26.697,26.397,103862.0,002030
477,2016-11-29,26.447,26.427,26.647,26.357,98710.0,002030
478,2016-11-30,26.587,26.377,26.597,26.327,62566.0,002030
479,2016-12-01,26.447,26.557,26.607,26.297,93902.0,002030
480,2016-12-02,26.517,25.948,26.537,25.938,108443.0,002030
481,2016-12-05,25.758,25.908,26.247,25.699,47136.0,002030
482,2016-12-06,26.138,25.858,26.138,25.798,36612.0,002030
483,2016-12-07,25.758,25.948,25.988,25.758,36422.0,002030
484,2016-12-08,25.958,25.569,26.008,25.549,71992.0,002030
485,2016-12-09,25.569,25.269,25.649,25.21,64736.0,002030
486,2016-12-12,25.279,23.243,25.319,22.754,147411.0,002030
487,2016-12-13,23.044,23.154,23.313,22.774,65197.0,002030
488,2016-12-14,23.154,22.804,23.224,22.725,49561.0,002030
489,2016-12-15,22.695,22.984,23.154,22.695,57502.0,002030
490,2016-12-16,23.134,23.243,23.313,22.934,47942.0,002030
491,2016-12-19,23.433,23.353,23.912,23.293,60145.0,002030
492,2016-12-20,23.353,23.443,23.693,23.144,52761.0,002030
493,2016-12-21,23.473,23.453,23.633,23.343,40467.0,002030
494,2016-12-22,23.553,23.413,23.593,23.323,39796.0,002030
495,2016-12-23,23.413,23.084,23.483,23.014,39141.0,002030
496,2016-12-26,23.014,23.004,23.054,22.635,46806.0,002030
497,2016-12-27,23.114,23.433,24.082,23.024,87100.0,002030
498,2016-12-28,23.433,23.373,23.633,23.273,47225.0,002030
499,2016-12-29,23.383,23.084,23.453,23.044,48237.0,002030
500,2016-12-30,23.184,23.154,23.393,23.094,34275.0,002030
501,2017-01-03,23.164,23.164,23.343,23.034,37830.0,002030
502,2017-01-04,23.283,23.373,23.403,23.064,57734.0,002030
503,2017-01-05,23.373,23.293,23.413,23.224,43900.0,002030
504,2017-01-06,23.313,22.924,23.323,22.864,64245.0,002030
505,2017-01-09,22.924,23.124,23.343,22.924,64585.0,002030
506,2017-01-10,23.154,23.194,23.253,22.994,41393.0,002030
507,2017-01-11,23.174,22.744,23.184,22.705,58356.0,002030
508,2017-01-12,22.974,22.535,22.984,22.535,46638.0,002030
509,2017-01-13,22.525,21.717,22.645,21.597,85030.0,002030
510,2017-01-16,21.617,20.23,21.637,19.661,91073.0,002030
511,2017-01-17,20.259,20.359,20.499,19.84,50874.0,002030
512,2017-01-18,20.379,20.13,20.509,20.11,39566.0,002030
513,2017-01-19,19.83,20.15,20.339,19.83,32021.0,002030
514,2017-01-20,20.15,20.589,20.838,20.04,55976.0,002030
515,2017-01-23,20.599,20.629,20.888,20.579,45328.0,002030
516,2017-01-24,20.559,20.539,20.738,20.519,28917.0,002030
517,2017-01-25,20.459,20.589,20.709,20.439,26195.0,002030
518,2017-01-26,20.609,20.729,20.748,20.609,30159.0,002030
519,2017-02-03,20.818,20.679,20.828,20.609,18296.0,002030
520,2017-02-06,20.669,20.858,20.938,20.629,30113.0,002030
521,2017-02-07,20.868,20.619,20.868,20.499,39446.0,002030
522,2017-02-08,20.659,21.208,21.577,20.659,121087.0,002030
523,2017-02-09,21.068,21.138,21.218,20.938,71080.0,002030
524,2017-02-10,21.267,21.078,21.397,21.018,58666.0,002030
525,2017-02-13,21.257,21.846,22.355,21.118,133796.0,002030
526,2017-02-14,21.796,21.766,22.076,21.577,76366.0,002030
527,2017-02-15,21.796,22.076,22.814,21.796,234390.0,002030
528,2017-02-16,22.156,22.505,22.695,21.886,179927.0,002030
529,2017-02-17,22.465,22.006,22.685,21.876,125101.0,002030
530,2017-02-20,22.056,22.006,22.176,21.766,77525.0,002030
531,2017-02-21,22.006,22.156,22.295,21.866,85941.0,002030
532,2017-02-22,22.305,22.136,22.335,21.886,78608.0,002030
533,2017-02-23,22.036,21.986,22.166,21.756,82534.0,002030
534,2017-02-24,22.076,22.146,22.295,22.016,89490.0,002030
535,2017-02-27,22.226,21.707,22.226,21.677,77976.0,002030
536,2017-02-28,21.657,21.866,22.126,21.627,61359.0,002030
537,2017-03-01,21.856,22.216,22.455,21.766,132705.0,002030
538,2017-03-02,22.156,21.896,22.176,21.856,70105.0,002030
539,2017-03-03,21.856,21.936,22.146,21.786,55242.0,002030
540,2017-03-06,21.956,22.156,22.226,21.956,65780.0,002030
541,2017-03-07,22.196,23.034,23.074,22.146,253144.0,002030
542,2017-03-08,23.034,22.715,23.034,22.505,126250.0,002030
543,2017-03-09,22.655,23.064,23.253,22.485,201053.0,002030
544,2017-03-10,22.874,22.725,23.134,22.695,92220.0,002030
545,2017-03-13,22.754,23.014,23.353,22.705,149753.0,002030
546,2017-03-14,22.854,22.774,23.124,22.635,120489.0,002030
547,2017-03-15,23.373,23.144,24.032,22.944,303592.0,002030
548,2017-03-16,23.054,23.613,23.842,22.954,305709.0,002030
549,2017-03-17,23.553,23.174,23.553,23.164,162140.0,002030
550,2017-03-20,23.204,23.134,23.483,22.974,121542.0,002030
551,2017-03-21,23.134,22.744,23.194,22.685,102236.0,002030
552,2017-03-22,22.665,22.635,22.904,22.405,81165.0,002030
553,2017-03-23,22.575,22.615,22.794,22.335,75614.0,002030
554,2017-03-24,22.625,22.505,22.635,22.335,66293.0,002030
555,2017-03-27,22.525,22.645,22.894,22.435,74846.0,002030
556,2017-03-28,22.595,22.345,22.675,22.335,56321.0,002030
557,2017-03-29,22.355,21.956,22.425,21.856,81775.0,002030
558,2017-03-30,22.116,21.257,22.116,20.968,105114.0,002030
559,2017-03-31,21.277,21.267,21.527,21.128,58053.0,002030
560,2017-04-05,21.277,21.567,21.637,21.168,58680.0,002030
561,2017-04-06,21.557,21.467,21.657,21.387,62200.0,002030
562,2017-04-07,21.457,21.467,21.587,21.337,47958.0,002030
563,2017-04-10,21.547,21.088,21.547,21.068,60854.0,002030
564,2017-04-11,20.988,21.118,21.178,20.699,67656.0,002030
565,2017-04-12,21.128,21.128,21.257,20.958,40747.0,002030
566,2017-04-13,21.138,21.327,21.437,21.098,51200.0,002030
567,2017-04-14,21.307,20.918,21.307,20.868,49993.0,002030
568,2017-04-17,20.858,20.679,21.098,20.619,41045.0,002030
569,2017-04-18,20.808,20.379,20.858,20.339,39586.0,002030
570,2017-04-19,20.349,20.12,20.359,19.8,53634.0,002030
571,2017-04-20,20.16,20.289,20.409,20.07,39585.0,002030
572,2017-04-21,20.279,20.259,20.479,20.21,32154.0,002030
573,2017-04-24,20.21,19.661,20.21,19.531,52226.0,002030
574,2017-04-25,19.551,19.621,19.8,19.551,33732.0,002030
575,2017-04-26,19.621,19.591,19.8,19.521,31970.0,002030
576,2017-04-27,19.671,19.86,19.89,19.361,55048.0,002030
577,2017-04-28,20.16,20.639,20.908,20.08,97967.0,002030
578,2017-05-02,20.639,20.519,20.699,20.419,42865.0,002030
579,2017-05-03,20.399,20.609,20.609,20.22,43640.0,002030
580,2017-05-04,20.609,20.409,20.758,20.369,38150.0,002030
581,2017-05-05,20.259,19.84,20.489,19.76,57462.0,002030
582,2017-05-08,19.641,19.132,19.76,19.062,59746.0,002030
583,2017-05-09,19.082,19.351,19.421,18.982,36600.0,002030
584,2017-05-10,19.311,18.713,19.431,18.663,44991.0,002030
585,2017-05-11,18.683,18.503,18.693,17.864,72097.0,002030
586,2017-05-12,18.513,18.234,18.513,18.084,47531.0,002030
587,2017-05-15,18.224,18.184,18.403,18.104,34956.0,002030
588,2017-05-16,18.164,18.543,18.543,17.844,64704.0,002030
589,2017-05-17,18.513,18.792,19.022,18.433,78458.0,002030
590,2017-05-18,18.613,18.683,18.952,18.363,35860.0,002030
591,2017-05-19,18.792,18.713,18.942,18.653,32513.0,002030
592,2017-05-22,19.76,19.251,20.339,19.112,158004.0,002030
593,2017-05-23,18.972,18.673,19.261,18.643,79614.0,002030
594,2017-05-24,18.593,19.082,19.082,17.974,64844.0,002030
595,2017-05-25,19.461,19.89,20.11,19.461,174625.0,002030
596,2017-05-26,19.74,19.91,20.259,19.601,123133.0,002030
597,2017-05-31,19.99,19.581,20.13,19.491,73487.0,002030
598,2017-06-01,19.451,18.862,19.461,18.772,67938.0,002030
599,2017-06-02,18.663,19.222,19.311,18.583,49569.0,002030
600,2017-06-05,19.421,19.212,19.421,19.162,37594.0,002030
601,2017-06-06,19.052,19.202,19.261,18.982,35976.0,002030
602,2017-06-07,19.142,19.661,19.81,19.142,67179.0,002030
603,2017-06-08,19.651,19.721,19.92,19.511,62531.0,002030
604,2017-06-09,19.611,19.89,19.91,19.481,56260.0,002030
605,2017-06-12,19.74,19.311,19.74,19.271,51469.0,002030
606,2017-06-13,19.241,19.551,19.721,19.241,45076.0,002030
607,2017-06-14,19.521,19.671,19.721,19.331,47965.0,002030
608,2017-06-15,19.641,19.96,20.09,19.461,73798.0,002030
609,2017-06-16,19.98,19.99,20.04,19.73,55301.0,002030
610,2017-06-19,19.84,19.87,19.96,19.71,42340.0,002030
611,2017-06-20,19.87,19.77,20.08,19.77,52383.0,002030
612,2017-06-21,19.87,20.22,20.29,19.76,94082.0,002030
613,2017-06-22,20.2,19.98,20.39,19.96,113166.0,002030
614,2017-06-23,19.82,20.3,20.3,19.75,102110.0,002030
615,2017-06-26,21.25,20.69,21.46,20.61,238939.0,002030
616,2017-06-27,20.63,21.81,22.67,20.58,331826.0,002030
617,2017-06-28,21.61,21.52,21.76,21.18,165758.0,002030
618,2017-06-29,21.47,21.87,21.95,21.23,177470.0,002030
619,2017-06-30,21.72,21.79,21.84,21.55,102461.0,002030
620,2017-07-03,22.38,22.09,22.55,21.81,135451.0,002030
621,2017-07-04,21.86,21.6,22.08,21.41,135293.0,002030
622,2017-07-05,21.53,21.6,21.78,21.39,109375.0,002030
623,2017-07-06,21.5,20.98,21.59,20.91,145711.0,002030
624,2017-07-07,20.9,21.16,21.38,20.81,98492.0,002030
625,2017-07-10,21.0,21.59,21.89,20.88,151963.0,002030
626,2017-07-11,21.51,22.24,22.49,21.49,278333.0,002030
627,2017-07-12,22.03,22.25,22.46,21.76,171754.0,002030
628,2017-07-13,22.45,23.99,24.38,22.34,459495.0,002030
629,2017-07-14,23.8,21.92,23.8,21.72,380718.0,002030
630,2017-07-17,21.84,19.99,21.84,19.95,285028.0,002030
631,2017-07-18,19.85,20.04,20.48,19.51,145776.0,002030
632,2017-07-19,20.04,20.06,20.2,19.55,131150.0,002030
633,2017-07-20,20.0,20.03,20.55,19.86,114214.0,002030
634,2017-07-21,20.12,19.82,20.2,19.76,89910.0,002030
635,2017-07-24,19.75,19.79,19.89,19.52,79674.0,002030
636,2017-07-25,19.75,20.19,20.39,19.75,100629.0,002030
637,2017-07-26,20.28,19.89,20.33,19.7,77614.0,002030
638,2017-07-27,19.87,20.0,20.26,19.6,113370.0,002030
639,2017-07-28,20.0,20.03,20.23,19.89,69315.0,002030
640,2017-07-31,19.86,19.8,20.0,19.63,77878.34,002030
641,2017-08-01,19.82,19.53,19.99,19.42,92525.03,002030
642,2017-08-02,19.61,19.53,19.76,19.43,67804.1,002030
643,2017-08-03,19.6,19.53,19.75,19.4,54852.28,002030
644,2017-08-07,19.86,20.49,20.55,19.81,230174.54,002030
645,2017-08-08,20.48,20.49,20.57,20.15,127439.54,002030
646,2017-08-09,20.55,20.11,20.59,20.01,109430.54,002030
647,2017-08-10,20.01,19.55,20.1,19.45,144951.3,002030
648,2017-08-11,19.39,19.17,19.49,19.17,78171.58,002030
649,2017-08-14,19.12,19.39,19.55,19.12,58452.51,002030
650,2017-08-15,19.45,19.34,19.5,19.22,44898.78,002030
651,2017-08-16,19.29,19.79,19.88,19.24,116000.25,002030
652,2017-08-17,19.69,19.89,20.22,19.54,104134.27,002030
653,2017-08-18,19.74,19.61,19.78,19.61,58884.4,002030
