,date,open,close,high,low,volume,code
0,2014-03-25,4.292,4.287,4.422,4.222,28885.0,600365
1,2014-03-26,4.272,4.192,4.282,4.187,15873.0,600365
2,2014-03-27,4.182,4.132,4.252,4.107,14026.0,600365
3,2014-03-28,4.107,4.037,4.187,4.027,14098.0,600365
4,2014-03-31,4.002,4.027,4.087,4.002,7111.0,600365
5,2014-04-01,4.027,4.032,4.052,3.977,10775.0,600365
6,2014-04-02,4.032,4.032,4.072,4.007,11153.0,600365
7,2014-04-03,4.042,4.062,4.077,4.022,10881.0,600365
8,2014-04-04,4.072,4.042,4.072,4.017,6423.0,600365
9,2014-04-08,4.042,4.067,4.107,3.977,14232.0,600365
10,2014-04-09,4.052,4.107,4.117,4.047,12739.0,600365
11,2014-04-10,4.107,4.082,4.117,4.067,10786.0,600365
12,2014-04-11,4.042,4.057,4.082,4.022,8161.0,600365
13,2014-04-14,4.022,4.062,4.077,4.002,10632.0,600365
14,2014-04-15,4.047,4.027,4.052,4.017,6135.0,600365
15,2014-04-16,4.022,4.102,4.112,4.012,20841.0,600365
16,2014-04-17,4.087,4.042,4.132,3.997,17359.0,600365
17,2014-04-18,4.042,4.037,4.072,4.007,6904.0,600365
18,2014-04-21,4.012,3.972,4.037,3.902,10604.0,600365
19,2014-04-22,3.972,3.937,3.992,3.867,7180.0,600365
20,2014-04-23,3.922,3.917,3.967,3.907,7136.0,600365
21,2014-04-24,3.897,3.857,3.912,3.842,4258.0,600365
22,2014-04-25,3.852,3.837,3.872,3.832,4682.0,600365
23,2014-04-28,3.827,3.732,3.862,3.727,6219.0,600365
24,2014-04-29,3.752,3.802,3.807,3.742,5251.0,600365
25,2014-04-30,3.797,3.862,3.872,3.767,6627.0,600365
26,2014-05-05,3.852,3.882,3.952,3.837,6716.0,600365
27,2014-05-06,3.902,3.877,3.912,3.862,4477.0,600365
28,2014-05-07,3.882,3.857,3.892,3.847,2780.0,600365
29,2014-05-08,3.852,3.872,3.927,3.837,3045.0,600365
30,2014-05-09,3.897,3.867,3.897,3.837,2070.0,600365
31,2014-05-12,3.872,3.927,3.937,3.852,9038.0,600365
32,2014-05-13,3.917,3.917,3.937,3.887,3911.0,600365
33,2014-05-14,3.922,3.882,3.922,3.877,3109.0,600365
34,2014-05-15,3.902,3.817,3.912,3.797,4236.0,600365
35,2014-05-16,3.772,3.787,3.837,3.747,5700.0,600365
36,2014-05-19,3.782,3.782,3.782,3.722,4847.0,600365
37,2014-05-20,3.792,3.777,3.792,3.752,2291.0,600365
38,2014-05-21,3.747,3.802,3.812,3.747,2468.0,600365
39,2014-05-22,3.822,3.802,3.867,3.797,4227.0,600365
40,2014-05-23,3.832,3.847,3.862,3.802,4253.0,600365
41,2014-05-26,3.847,3.867,3.887,3.827,4477.0,600365
42,2014-05-27,3.877,3.882,3.902,3.857,5368.0,600365
43,2014-05-28,3.902,3.922,3.927,3.872,4672.0,600365
44,2014-05-29,3.947,3.892,3.947,3.872,3701.0,600365
45,2014-05-30,3.892,3.902,3.927,3.862,4982.0,600365
46,2014-06-03,3.902,3.857,3.917,3.842,6404.0,600365
47,2014-06-04,3.847,3.852,3.877,3.792,4551.0,600365
48,2014-06-05,3.862,3.952,3.957,3.837,12359.0,600365
49,2014-06-06,3.942,3.957,3.967,3.902,5738.0,600365
50,2014-06-09,3.962,3.922,3.967,3.892,7021.0,600365
51,2014-06-10,3.902,3.922,3.927,3.822,9088.0,600365
52,2014-06-11,3.902,3.872,3.917,3.862,3761.0,600365
53,2014-06-12,3.867,3.882,3.887,3.852,3374.0,600365
54,2014-06-13,3.877,3.907,3.912,3.877,4947.0,600365
55,2014-06-16,3.907,3.932,3.967,3.892,6280.0,600365
56,2014-06-17,3.932,3.922,3.962,3.907,4234.0,600365
57,2014-06-18,3.907,3.917,3.952,3.882,5602.0,600365
58,2014-06-19,3.902,3.787,3.907,3.757,4740.0,600365
59,2014-06-20,3.787,3.787,3.817,3.752,4966.0,600365
60,2014-06-23,3.802,3.782,3.827,3.777,4749.0,600365
61,2014-06-24,3.782,3.817,3.842,3.782,3509.0,600365
62,2014-06-25,3.802,3.802,3.847,3.787,4435.0,600365
63,2014-06-26,3.802,3.902,3.932,3.787,11540.0,600365
64,2014-06-27,3.877,3.982,3.982,3.877,13955.0,600365
65,2014-06-30,3.972,3.977,3.977,3.902,13213.0,600365
66,2014-07-01,3.977,4.007,4.012,3.932,11621.0,600365
67,2014-07-02,4.037,4.057,4.072,3.992,11771.0,600365
68,2014-07-03,4.067,4.122,4.127,4.032,13049.0,600365
69,2014-07-04,4.117,4.077,4.137,4.027,19153.0,600365
70,2014-07-07,4.077,4.167,4.172,4.042,17642.0,600365
71,2014-07-08,4.152,4.187,4.197,4.112,6920.0,600365
72,2014-07-09,4.172,4.117,4.187,4.117,12662.0,600365
73,2014-07-10,4.102,4.147,4.177,4.077,7321.0,600365
74,2014-07-11,4.142,4.192,4.207,4.112,7107.0,600365
75,2014-07-14,4.167,4.212,4.267,4.157,50258.0,600365
76,2014-07-15,4.207,4.252,4.302,4.177,59777.0,600365
77,2014-07-16,4.252,4.207,4.297,4.162,86046.0,600365
78,2014-07-17,4.202,4.252,4.302,4.167,66328.0,600365
79,2014-07-18,4.232,4.302,4.387,4.197,73768.0,600365
80,2014-07-21,4.292,4.307,4.342,4.257,54910.0,600365
81,2014-07-22,4.197,4.272,4.367,4.197,62995.0,600365
82,2014-07-23,4.267,4.217,4.307,4.212,47006.0,600365
83,2014-07-24,4.217,4.192,4.272,4.172,43478.0,600365
84,2014-07-25,4.177,4.172,4.292,4.142,31908.0,600365
85,2014-07-28,4.182,4.187,4.212,4.117,30919.0,600365
86,2014-07-29,4.167,4.212,4.222,4.157,31079.0,600365
87,2014-07-30,4.202,4.252,4.282,4.197,27739.0,600365
88,2014-07-31,4.242,4.357,4.372,4.222,45324.0,600365
89,2014-08-01,4.377,4.322,4.402,4.307,31772.0,600365
90,2014-08-04,4.302,4.357,4.382,4.302,18708.0,600365
91,2014-08-05,4.372,4.362,4.372,4.327,13438.0,600365
92,2014-08-06,4.352,4.367,4.402,4.347,22899.0,600365
93,2014-08-07,4.357,4.367,4.477,4.357,29839.0,600365
94,2014-08-08,4.387,4.532,4.567,4.367,39690.0,600365
95,2014-08-11,4.527,4.502,4.552,4.462,26153.0,600365
96,2014-08-12,4.487,4.572,4.602,4.487,21600.0,600365
97,2014-08-13,4.567,4.617,4.662,4.537,19154.0,600365
98,2014-08-14,4.617,4.497,4.632,4.492,18131.0,600365
99,2014-08-15,4.512,4.562,4.572,4.512,11475.0,600365
100,2014-08-18,4.557,4.612,4.627,4.527,15969.0,600365
101,2014-08-19,4.637,4.607,4.642,4.577,9492.0,600365
102,2014-08-20,4.592,4.682,4.682,4.527,29777.0,600365
103,2014-08-21,4.687,4.597,4.752,4.552,15790.0,600365
104,2014-08-22,4.597,4.632,4.757,4.587,28011.0,600365
105,2014-08-25,4.632,4.637,4.677,4.592,16771.0,600365
106,2014-08-26,4.637,4.667,4.792,4.617,23138.0,600365
107,2014-08-27,4.657,4.777,4.787,4.642,36103.0,600365
108,2014-08-28,4.757,4.792,4.867,4.742,26647.0,600365
109,2014-08-29,4.792,4.997,5.022,4.767,49060.0,600365
110,2014-09-01,4.957,5.002,5.077,4.912,24344.0,600365
111,2014-09-02,5.002,4.957,5.092,4.922,42664.0,600365
112,2014-09-03,4.947,4.952,5.022,4.892,46115.0,600365
113,2014-09-04,4.932,4.997,5.052,4.902,23876.0,600365
114,2014-09-05,5.002,4.987,5.027,4.947,18899.0,600365
115,2014-09-09,5.002,5.157,5.237,4.977,32319.0,600365
116,2014-09-10,5.137,5.167,5.222,5.082,14888.0,600365
117,2014-09-11,5.167,5.267,5.312,5.167,32511.0,600365
118,2014-09-12,5.302,5.342,5.472,5.257,28148.0,600365
119,2014-09-15,5.327,5.362,5.397,5.292,21377.0,600365
120,2014-09-16,5.362,5.067,5.362,5.047,38238.0,600365
121,2014-09-17,5.062,5.157,5.162,4.982,21264.0,600365
122,2014-09-18,5.087,5.162,5.222,5.087,14782.0,600365
123,2014-09-19,5.162,5.372,5.427,5.157,30677.0,600365
124,2014-09-22,5.332,5.247,5.502,5.227,34489.0,600365
125,2014-09-23,5.247,5.297,5.347,5.217,21590.0,600365
126,2014-09-24,5.297,5.412,5.437,5.297,20296.0,600365
127,2014-09-25,5.422,5.392,5.507,5.357,23027.0,600365
128,2014-09-26,5.377,5.437,5.502,5.352,15294.0,600365
129,2014-09-29,5.447,5.472,5.522,5.417,17818.0,600365
130,2014-09-30,5.502,5.452,5.527,5.382,21432.0,600365
131,2014-10-08,5.462,5.407,5.467,5.332,22620.0,600365
132,2014-10-09,5.402,5.427,5.502,5.382,27607.0,600365
133,2014-10-10,5.402,5.372,5.452,5.312,17884.0,600365
134,2014-10-13,5.342,5.497,5.502,5.307,29923.0,600365
135,2014-10-14,5.517,5.632,5.702,5.502,37146.0,600365
136,2014-10-15,5.632,5.692,5.702,5.552,27526.0,600365
137,2015-02-17,5.452,5.627,6.002,5.452,68861.0,600365
138,2015-02-25,5.537,5.342,5.577,5.332,53030.0,600365
139,2015-02-26,5.317,5.357,5.427,5.292,35926.0,600365
140,2015-02-27,5.367,5.577,5.592,5.312,60010.0,600365
141,2015-03-02,5.637,5.542,5.637,5.467,51693.0,600365
142,2015-03-03,5.527,5.477,5.592,5.467,41908.0,600365
143,2015-03-04,5.502,5.527,5.542,5.422,30310.0,600365
144,2015-03-05,5.527,5.537,5.542,5.442,27793.0,600365
145,2015-03-06,5.537,5.807,5.932,5.532,62743.0,600365
146,2015-03-09,5.807,6.102,6.333,5.732,71457.0,600365
147,2015-03-10,6.127,6.388,6.443,6.127,61586.0,600365
148,2015-03-11,6.388,6.238,6.503,6.208,49731.0,600365
149,2015-03-12,6.258,6.173,6.338,6.077,36856.0,600365
150,2015-03-13,6.173,6.143,6.283,6.032,48770.0,600365
151,2015-03-16,6.148,6.263,6.343,6.143,37798.0,600365
152,2015-03-17,6.263,6.438,6.448,6.193,85381.0,600365
153,2015-03-18,6.443,6.658,6.733,6.333,90184.0,600365
154,2015-03-19,6.598,6.683,6.788,6.523,45399.0,600365
155,2015-03-20,6.773,6.668,6.818,6.583,42291.0,600365
156,2015-03-23,6.678,6.693,6.738,6.643,39328.0,600365
157,2015-03-24,6.698,6.523,6.748,6.453,54649.0,600365
158,2015-03-25,6.543,6.513,6.638,6.253,49130.0,600365
159,2015-03-26,6.458,6.608,6.718,6.428,58826.0,600365
160,2015-03-27,6.608,6.643,6.713,6.548,29322.98,600365
161,2015-03-30,6.643,6.693,6.753,6.608,38401.0,600365
162,2015-03-31,6.743,6.613,6.853,6.563,40866.0,600365
163,2015-04-01,6.553,6.733,6.743,6.513,53213.0,600365
164,2015-04-02,6.758,6.723,6.813,6.603,80035.0,600365
165,2015-04-03,6.698,7.003,7.098,6.608,86395.0,600365
166,2015-04-07,7.013,7.193,7.328,7.003,66012.0,600365
167,2015-04-08,7.218,7.298,7.323,6.968,82199.0,600365
168,2015-04-09,7.243,7.398,7.408,7.033,76970.0,600365
169,2015-04-10,7.398,7.443,7.553,7.288,52500.0,600365
170,2015-04-13,7.443,7.368,7.543,7.143,75269.0,600365
171,2015-04-14,7.323,7.503,7.533,7.263,78966.0,600365
172,2015-04-15,7.458,7.013,7.483,6.983,65006.0,600365
173,2015-04-16,7.003,7.008,7.198,6.778,44260.0,600365
174,2015-04-17,7.128,6.963,7.188,6.948,48879.0,600365
175,2015-04-20,6.878,7.003,7.098,6.753,69553.0,600365
176,2015-04-21,6.978,7.648,7.703,6.968,118771.0,600365
177,2015-04-22,7.658,8.218,8.413,7.628,133035.0,600365
178,2015-04-23,8.163,8.118,8.288,7.998,68061.0,600365
179,2015-04-24,7.958,7.958,8.103,7.903,52635.0,600365
180,2015-04-27,8.093,8.208,8.278,8.063,99660.0,600365
181,2015-04-28,8.208,8.008,8.248,7.703,62366.0,600365
182,2015-04-29,8.003,8.168,8.323,7.853,70163.0,600365
183,2015-04-30,8.203,8.623,8.654,8.113,104024.0,600365
184,2015-05-04,8.699,8.789,9.304,8.694,101051.0,600365
185,2015-05-05,8.694,8.283,8.789,8.258,64058.0,600365
186,2015-05-06,8.393,8.343,8.588,8.258,63370.0,600365
187,2015-05-07,8.303,8.308,8.583,8.083,63333.0,600365
188,2015-05-08,8.373,8.989,9.004,8.078,98439.0,600365
189,2015-05-11,9.044,9.354,9.389,8.939,94259.0,600365
190,2015-05-12,9.354,9.704,10.109,9.279,89904.0,600365
191,2015-05-13,9.479,9.604,9.944,9.309,67350.0,600365
192,2015-05-14,9.254,9.464,9.664,9.254,41159.0,600365
193,2015-05-15,9.254,9.669,9.689,9.254,51299.0,600365
194,2015-05-18,9.704,10.374,10.489,9.704,69909.0,600365
195,2015-05-19,10.444,10.244,10.479,10.114,48802.0,600365
196,2015-05-20,10.154,10.219,10.729,10.154,45524.0,600365
197,2015-05-21,10.129,10.339,10.434,10.084,47906.0,600365
198,2015-05-22,10.444,10.214,10.544,9.994,59904.0,600365
199,2015-05-25,10.199,11.235,11.235,10.019,115034.0,600365
200,2015-05-26,11.24,11.6,11.92,11.009,99912.0,600365
201,2015-05-27,11.615,12.76,12.76,11.415,88677.0,600365
202,2015-05-28,12.985,13.205,14.036,12.96,197092.0,600365
203,2015-05-29,13.03,14.056,14.156,12.405,136859.0,600365
204,2015-06-01,13.806,14.461,14.906,13.806,116865.0,600365
205,2015-06-02,14.406,14.461,14.836,13.956,119984.0,600365
206,2015-06-03,14.266,13.996,14.446,13.901,91634.0,600365
207,2015-06-04,13.981,13.205,13.981,12.595,93783.0,600365
208,2015-06-05,13.385,13.03,13.49,12.505,99161.0,600365
209,2015-06-08,13.005,13.956,14.001,12.505,111651.0,600365
210,2015-06-09,13.986,14.146,14.281,13.495,128423.0,600365
211,2015-06-10,14.131,14.096,14.366,13.686,69595.0,600365
212,2015-06-11,13.991,14.116,14.281,13.595,86713.0,600365
213,2015-06-12,14.106,14.566,14.911,14.006,129232.0,600365
214,2015-06-15,14.591,14.511,14.946,14.261,87544.0,600365
215,2015-06-16,14.456,15.051,15.506,14.256,114904.0,600365
216,2015-06-17,14.906,15.926,16.257,14.456,143780.0,600365
217,2015-06-18,15.926,15.901,16.347,15.196,148155.0,600365
218,2015-06-19,15.286,15.706,15.891,15.106,79507.0,600365
219,2015-06-23,15.856,16.307,16.507,14.136,130167.0,600365
220,2015-06-24,16.582,16.792,16.822,16.021,99203.0,600365
221,2015-06-25,16.822,16.987,17.607,16.537,120395.0,600365
222,2015-06-26,16.457,16.157,17.602,15.286,187278.0,600365
223,2015-06-29,16.347,15.476,17.132,14.541,182613.0,600365
224,2015-06-30,15.406,14.971,15.656,13.931,131074.0,600365
225,2015-07-01,15.006,13.475,15.026,13.475,109332.0,600365
226,2015-10-21,12.13,12.13,12.13,12.13,1553.0,600365
227,2015-10-22,10.919,10.919,10.919,10.919,12912.0,600365
228,2015-10-23,10.259,12.01,12.01,10.259,659295.0,600365
229,2015-10-26,11.77,12.53,13.21,11.58,496574.0,600365
230,2015-10-27,11.52,11.68,11.76,11.28,813392.0,600365
231,2015-10-28,11.3,10.73,11.48,10.55,499376.0,600365
232,2015-10-29,10.85,11.11,11.29,10.84,350566.0,600365
233,2015-10-30,11.08,10.78,11.13,10.58,242841.0,600365
234,2015-11-02,10.5,10.6,11.1,10.23,212454.0,600365
235,2015-11-03,10.55,11.24,11.25,10.55,315503.0,600365
236,2015-11-04,11.24,11.53,11.88,11.18,374676.0,600365
237,2015-11-05,11.35,11.28,11.68,11.09,304290.0,600365
238,2015-11-06,11.23,11.35,11.45,11.12,214364.0,600365
239,2015-11-09,11.27,11.41,11.59,11.16,216751.0,600365
240,2015-11-10,11.47,11.61,12.0,11.45,256153.0,600365
241,2015-11-11,11.61,12.54,12.58,11.43,351643.0,600365
242,2015-11-12,12.53,12.31,12.53,12.11,274571.0,600365
243,2015-11-13,12.02,12.0,12.48,11.88,204076.0,600365
244,2015-11-16,11.68,12.86,12.92,11.62,306122.0,600365
245,2015-11-17,12.95,12.59,13.11,12.47,264983.0,600365
246,2015-11-18,12.59,12.26,12.64,12.05,154768.0,600365
247,2015-11-19,12.47,12.41,12.48,12.09,148812.0,600365
248,2015-11-20,12.42,12.5,12.72,12.36,178256.0,600365
249,2015-11-23,12.54,13.02,13.35,12.39,333895.0,600365
250,2015-11-24,12.88,14.11,14.32,12.81,377234.0,600365
251,2015-11-25,13.9,14.64,14.88,13.8,357896.0,600365
252,2015-11-26,14.69,14.05,14.85,14.01,253100.0,600365
253,2015-11-27,14.0,13.12,14.5,12.74,257256.0,600365
254,2015-11-30,13.16,14.43,14.43,13.1,294360.0,600365
255,2015-12-01,14.6,14.81,15.2,14.26,255726.0,600365
256,2015-12-02,14.72,14.57,14.9,13.76,175934.0,600365
257,2015-12-03,14.59,15.2,15.38,14.28,214762.0,600365
258,2015-12-04,15.09,14.98,15.42,14.8,184903.0,600365
259,2015-12-07,15.02,15.16,15.42,15.01,149221.0,600365
260,2015-12-08,15.2,14.33,15.2,14.29,167409.0,600365
261,2015-12-09,14.37,14.02,14.5,13.93,97004.0,600365
262,2015-12-10,14.02,13.51,14.38,13.45,123414.0,600365
263,2015-12-11,13.65,13.88,14.13,13.58,120459.0,600365
264,2015-12-14,13.79,14.31,14.48,13.61,130402.0,600365
265,2015-12-15,14.6,14.49,14.7,14.12,130371.0,600365
266,2015-12-16,14.47,14.47,14.6,14.28,91062.0,600365
267,2015-12-17,14.5,14.72,14.88,14.4,132469.0,600365
268,2015-12-18,14.55,14.28,14.68,14.26,136482.0,600365
269,2015-12-21,14.18,15.16,15.48,14.18,242006.0,600365
270,2015-12-22,15.01,15.08,15.4,14.92,123840.0,600365
271,2015-12-23,15.32,15.24,15.86,15.1,192183.0,600365
272,2015-12-24,15.1,15.16,15.39,14.56,119727.0,600365
273,2015-12-25,15.1,15.3,15.78,15.1,140136.0,600365
274,2015-12-28,15.4,15.64,15.85,15.27,212380.0,600365
275,2015-12-29,15.61,16.29,16.5,15.44,232064.0,600365
276,2015-12-30,16.3,16.17,16.5,15.87,165105.0,600365
277,2015-12-31,16.14,15.39,16.46,15.35,165638.0,600365
278,2016-01-04,15.45,13.86,15.45,13.85,130843.0,600365
279,2016-01-05,12.7,12.75,13.88,12.47,195543.0,600365
280,2016-01-06,13.0,13.45,13.52,12.82,111996.0,600365
281,2016-01-07,13.2,12.11,13.32,12.11,28107.0,600365
282,2016-01-08,12.55,12.2,12.7,11.1,147433.0,600365
283,2016-01-11,11.95,12.01,12.8,11.7,207676.0,600365
284,2016-01-12,12.16,12.5,12.5,12.0,117702.0,600365
285,2016-01-13,12.7,12.26,12.8,12.18,116877.0,600365
286,2016-01-14,12.19,12.48,12.55,11.6,130226.0,600365
287,2016-01-15,12.45,12.51,12.89,12.0,143814.0,600365
288,2016-01-18,12.3,12.45,12.71,12.09,124303.0,600365
289,2016-01-19,12.39,12.74,12.77,12.34,98825.0,600365
290,2016-01-20,12.61,12.41,12.84,12.4,97117.0,600365
291,2016-01-21,12.32,12.32,12.49,12.09,115937.0,600365
292,2016-01-22,12.38,12.69,12.86,12.24,98716.0,600365
293,2016-01-25,12.69,12.71,12.81,12.58,80673.0,600365
294,2016-01-26,12.65,12.53,12.88,12.31,220279.0,600365
295,2016-01-27,12.48,12.39,12.53,11.88,151032.0,600365
296,2016-01-28,12.26,12.51,12.78,12.26,138393.0,600365
297,2016-01-29,12.36,12.74,12.81,12.35,83006.0,600365
298,2016-02-01,12.68,12.78,12.93,12.53,95497.0,600365
299,2016-02-02,12.76,13.73,13.99,12.64,127658.0,600365
300,2016-02-03,13.56,13.68,13.89,13.3,128680.0,600365
301,2016-02-04,13.67,14.09,14.33,13.67,133291.0,600365
302,2016-02-05,13.88,14.65,14.7,13.88,119133.0,600365
303,2016-02-15,13.97,15.68,16.12,13.97,275490.0,600365
304,2016-02-16,15.7,15.88,16.0,15.33,158322.0,600365
305,2016-02-17,17.0,15.5,17.0,15.15,326780.0,600365
306,2016-02-18,15.75,15.28,15.75,15.02,156095.0,600365
307,2016-02-19,15.15,15.41,15.54,15.01,149848.0,600365
308,2016-02-22,15.52,15.44,15.62,15.31,111084.0,600365
309,2016-02-23,15.36,15.6,15.6,15.3,106900.0,600365
310,2016-02-24,15.6,16.31,16.46,15.45,212543.0,600365
311,2016-02-25,16.34,15.44,16.35,14.68,177702.0,600365
312,2016-02-26,15.25,15.2,15.57,14.97,106650.0,600365
313,2016-02-29,15.0,14.97,15.18,14.06,133898.0,600365
314,2016-03-01,15.0,15.12,15.34,14.77,75648.0,600365
315,2016-03-02,15.18,15.51,15.58,14.87,153416.0,600365
316,2016-03-03,15.55,15.32,15.82,15.3,136454.0,600365
317,2016-03-04,15.27,15.64,15.99,15.12,182921.0,600365
318,2016-03-07,15.73,16.04,16.16,15.68,125544.0,600365
319,2016-03-08,16.04,16.15,16.32,15.0,136146.0,600365
320,2016-03-09,16.15,15.52,16.21,15.4,100638.0,600365
321,2016-03-10,15.52,15.16,15.8,15.09,84682.0,600365
322,2016-03-11,15.01,15.04,15.38,14.91,66802.0,600365
323,2016-03-14,15.2,15.28,15.67,15.2,73318.0,600365
324,2016-03-15,15.28,15.7,15.8,15.15,109116.0,600365
325,2016-03-16,15.7,15.45,15.89,15.36,63732.0,600365
326,2016-03-17,15.44,15.75,15.88,15.4,95088.0,600365
327,2016-03-18,16.0,16.2,16.43,15.75,160746.0,600365
328,2016-03-21,16.33,16.36,16.61,16.08,128245.0,600365
329,2016-03-22,16.36,16.25,16.65,16.03,130252.0,600365
330,2016-03-23,16.3,16.29,16.45,16.0,95829.0,600365
331,2016-03-24,16.2,17.92,17.92,16.1,385704.0,600365
332,2016-03-25,18.07,17.94,18.42,17.62,295325.0,600365
333,2016-03-28,18.08,17.84,18.28,17.71,156966.0,600365
334,2016-03-29,17.65,17.05,17.98,17.0,162266.0,600365
335,2016-03-30,17.01,17.86,17.95,17.01,161581.0,600365
336,2016-03-31,18.0,18.3,18.8,17.5,235389.0,600365
337,2016-04-01,18.1,17.9,18.15,17.35,162415.0,600365
338,2016-04-05,18.09,18.36,18.61,17.8,162291.0,600365
339,2016-04-06,18.35,18.36,18.77,18.21,143173.0,600365
340,2016-04-07,18.34,18.13,18.61,18.06,138628.0,600365
341,2016-04-08,18.15,18.1,18.36,17.59,118749.0,600365
342,2016-04-11,18.18,18.41,18.68,18.17,109009.0,600365
343,2016-04-12,18.5,18.29,18.55,18.0,116156.0,600365
344,2016-04-13,18.25,18.28,18.5,18.18,150562.0,600365
345,2016-04-14,18.34,18.3,18.54,18.18,82869.0,600365
346,2016-04-15,18.3,18.9,19.26,18.3,141531.0,600365
347,2016-04-18,19.0,19.4,19.49,18.75,141833.0,600365
348,2016-04-19,19.4,19.89,19.97,19.2,125420.0,600365
349,2016-04-20,20.0,18.78,20.28,18.55,188754.0,600365
350,2016-04-21,18.91,19.54,19.8,18.9,130539.0,600365
351,2016-04-22,19.49,19.09,19.6,18.7,124229.0,600365
352,2016-04-25,19.1,18.96,19.1,18.18,113501.0,600365
353,2016-04-26,19.01,18.87,19.19,18.82,93719.0,600365
354,2016-04-27,18.9,18.87,19.1,18.72,102028.0,600365
355,2016-04-28,18.9,18.87,18.95,18.4,73468.0,600365
356,2016-04-29,19.01,19.02,19.05,18.62,74814.0,600365
357,2016-05-03,19.04,19.36,19.39,18.93,88443.0,600365
358,2016-05-04,19.36,19.18,19.38,19.0,72233.0,600365
359,2016-05-05,19.11,19.19,19.3,19.0,68278.0,600365
360,2016-05-06,19.34,18.66,19.34,18.6,88293.0,600365
361,2016-05-09,17.95,17.68,18.46,17.31,94097.0,600365
362,2016-05-10,17.7,17.64,17.88,17.32,59632.0,600365
363,2016-05-11,17.65,17.66,17.89,17.4,50201.0,600365
364,2016-05-12,17.4,15.89,17.5,15.89,206507.0,600365
365,2016-05-16,15.92,17.38,17.43,15.92,198193.0,600365
366,2016-05-17,17.7,17.39,17.88,17.18,138381.0,600365
367,2016-05-18,17.35,16.69,17.35,15.91,179634.0,600365
368,2016-05-19,16.55,15.02,16.75,15.02,285000.0,600365
369,2016-05-20,15.0,13.52,15.02,13.52,117185.0,600365
370,2016-05-23,12.5,13.93,14.79,12.5,337538.0,600365
371,2016-05-24,13.3,13.91,14.2,13.23,266677.0,600365
372,2016-05-25,14.07,13.87,14.29,13.78,146540.0,600365
373,2016-05-26,13.87,13.13,13.88,12.48,290365.0,600365
374,2016-05-27,12.9,12.27,13.05,12.1,345010.0,600365
375,2016-05-30,12.04,11.87,12.1,11.81,206907.0,600365
376,2016-05-31,11.96,12.31,12.34,11.94,272581.0,600365
377,2016-06-01,12.27,12.81,13.23,12.12,363851.0,600365
378,2016-06-02,12.7,12.8,12.92,12.47,262313.0,600365
379,2016-06-03,12.87,13.08,13.22,12.66,309231.0,600365
380,2016-06-06,13.2,12.86,13.26,12.69,259151.0,600365
381,2016-06-07,12.89,12.92,13.1,12.73,193255.0,600365
382,2016-06-08,12.87,12.7,12.98,12.6,161204.0,600365
383,2016-06-13,12.55,11.81,12.57,11.8,183166.0,600365
384,2016-06-14,11.47,12.25,12.44,11.47,250460.0,600365
385,2016-06-15,12.08,12.77,12.84,11.99,256910.0,600365
386,2016-06-16,12.99,12.96,13.1,12.69,285525.0,600365
387,2016-06-17,12.97,12.97,13.08,12.78,224962.0,600365
388,2016-06-20,12.95,13.12,13.2,12.61,207977.0,600365
389,2016-06-21,13.2,13.26,13.59,13.1,247404.0,600365
390,2016-06-22,13.14,13.48,13.5,12.85,218523.0,600365
391,2016-06-23,13.4,13.22,13.43,12.96,183044.0,600365
392,2016-06-24,13.09,12.61,13.18,12.16,215798.0,600365
393,2016-06-27,12.55,12.7,12.77,12.41,168328.0,600365
394,2016-06-28,12.6,12.95,12.99,12.52,186325.0,600365
395,2016-06-29,12.98,13.09,13.34,12.78,233782.0,600365
396,2016-06-30,13.15,13.19,13.3,12.96,172194.0,600365
397,2016-07-01,13.2,13.11,13.29,12.95,235963.0,600365
398,2016-07-04,13.18,13.19,13.25,13.01,243041.0,600365
399,2016-07-05,13.17,14.03,14.42,13.12,517989.0,600365
400,2016-07-06,13.94,14.59,14.68,13.8,400513.0,600365
401,2016-07-07,14.58,14.6,14.9,14.11,377016.0,600365
402,2016-07-08,14.46,14.52,14.6,14.25,153924.0,600365
403,2016-07-11,14.64,14.41,14.7,14.2,186196.0,600365
404,2016-07-12,14.5,14.47,14.55,14.03,158307.0,600365
405,2016-07-13,14.47,14.24,14.65,14.2,123624.0,600365
406,2016-07-14,14.27,14.08,14.36,14.02,129171.0,600365
407,2016-07-15,14.08,13.88,14.12,13.69,142692.0,600365
408,2016-07-18,13.88,13.99,14.19,13.8,160409.0,600365
409,2016-07-19,14.0,13.93,14.05,13.76,102945.0,600365
410,2016-07-20,13.95,13.85,14.02,13.82,126173.0,600365
411,2016-07-21,13.86,13.92,14.07,13.83,104122.0,600365
412,2016-07-22,13.91,13.56,13.92,13.45,157690.0,600365
413,2016-07-25,13.57,13.53,13.6,13.21,104575.0,600365
414,2016-07-26,13.43,13.82,13.88,13.33,190423.0,600365
415,2016-07-27,13.76,13.48,13.98,12.68,183635.0,600365
416,2016-07-28,13.31,13.52,13.65,13.1,96127.0,600365
417,2016-07-29,13.48,13.46,13.53,13.21,87529.0,600365
418,2016-08-01,13.3,13.17,13.4,12.82,113029.0,600365
419,2016-08-02,13.06,13.14,13.25,12.91,73491.0,600365
420,2016-08-03,13.15,13.09,13.17,13.0,99282.0,600365
421,2016-08-04,13.08,13.46,13.48,12.92,152647.0,600365
422,2016-08-05,13.68,13.47,13.68,13.35,176618.0,600365
423,2016-08-08,13.36,13.64,13.75,13.3,179235.0,600365
424,2016-08-09,13.7,13.54,13.75,13.49,217951.0,600365
425,2016-08-10,13.5,13.43,13.55,13.23,169964.0,600365
426,2016-08-11,13.42,13.15,13.42,13.12,103830.0,600365
427,2016-08-12,13.08,12.88,13.31,12.8,208601.0,600365
428,2016-08-15,12.89,12.89,12.97,12.66,200773.0,600365
429,2016-08-16,12.88,12.89,12.98,12.86,134964.0,600365
430,2016-08-17,12.9,12.81,12.9,12.76,113727.0,600365
431,2016-08-18,12.8,12.84,12.93,12.72,157325.0,600365
432,2016-08-19,12.85,12.93,12.97,12.8,134713.0,600365
433,2016-08-22,12.93,12.92,13.02,12.87,131844.0,600365
434,2016-08-23,12.93,12.86,13.0,12.83,81310.0,600365
435,2016-08-24,12.86,12.7,12.9,12.66,93820.0,600365
436,2016-08-25,12.6,12.4,12.65,12.23,103636.0,600365
437,2016-08-26,12.38,12.42,12.61,12.36,62398.0,600365
438,2016-08-29,12.43,12.32,12.44,12.15,102844.0,600365
439,2016-08-30,12.32,12.58,12.62,12.24,180188.0,600365
440,2016-08-31,12.53,12.59,12.63,12.4,63825.0,600365
441,2016-09-01,12.66,12.59,12.75,12.52,114934.0,600365
442,2016-09-02,12.51,12.53,12.7,12.46,96366.0,600365
443,2016-09-05,12.55,12.69,12.76,12.43,82440.0,600365
444,2016-09-06,12.67,12.89,12.95,12.5,110117.0,600365
445,2016-09-07,13.14,13.15,13.48,12.9,205121.0,600365
446,2016-09-08,13.2,13.03,13.2,12.87,115093.0,600365
447,2016-09-09,13.03,13.03,13.12,12.82,106920.0,600365
448,2016-09-12,12.82,12.53,12.87,12.45,92596.0,600365
449,2016-09-13,12.57,12.61,12.72,12.5,141013.0,600365
450,2016-09-14,12.47,12.6,12.64,12.3,159829.0,600365
451,2016-09-19,12.52,12.67,12.74,12.52,156227.0,600365
452,2016-09-20,12.68,12.51,12.69,12.45,93944.0,600365
453,2016-09-21,12.52,12.27,12.56,12.22,168458.0,600365
454,2016-09-22,12.3,12.2,12.42,12.17,112843.0,600365
455,2016-09-23,12.24,12.26,12.35,12.1,89629.0,600365
456,2016-09-26,12.25,11.91,12.25,11.91,81336.0,600365
457,2016-09-27,11.9,11.7,11.97,11.55,122979.0,600365
458,2016-09-28,11.71,11.95,12.2,11.56,163050.0,600365
459,2016-09-29,11.85,11.95,11.98,11.8,74213.0,600365
460,2016-09-30,11.91,11.98,12.04,11.85,67294.0,600365
461,2016-10-10,11.99,12.08,12.15,11.91,106745.0,600365
462,2016-10-11,12.09,12.3,12.33,11.99,147906.0,600365
463,2016-10-12,12.22,12.21,12.3,12.16,77494.0,600365
464,2016-10-13,12.21,12.23,12.34,12.16,66660.0,600365
465,2016-10-14,12.23,12.2,12.27,12.14,65329.0,600365
466,2016-10-17,12.23,11.97,12.26,11.8,83291.0,600365
467,2016-10-18,11.98,12.04,12.05,11.86,46122.0,600365
468,2016-10-19,12.1,12.37,12.41,12.0,219973.0,600365
469,2016-10-20,12.35,12.4,12.49,12.22,100697.0,600365
470,2016-10-21,12.38,12.34,12.42,12.18,85896.0,600365
471,2016-10-24,12.29,12.23,12.34,12.17,73177.0,600365
472,2016-10-25,12.2,12.26,12.27,12.16,63013.0,600365
473,2016-10-26,12.25,12.31,12.5,12.2,109411.0,600365
474,2016-10-27,12.28,12.18,12.28,11.98,88369.0,600365
475,2016-10-28,12.13,12.12,12.31,12.07,74510.0,600365
476,2016-10-31,12.11,11.95,12.16,11.89,67260.0,600365
477,2016-11-01,11.97,12.02,12.07,11.9,66269.0,600365
478,2016-11-02,11.99,11.98,12.05,11.95,50914.0,600365
479,2016-11-03,12.02,12.06,12.14,11.9,104811.0,600365
480,2016-11-04,12.04,12.13,12.16,11.91,86664.0,600365
481,2016-11-07,12.1,12.08,12.2,12.0,66553.0,600365
482,2016-11-08,12.1,12.14,12.22,12.05,68232.0,600365
483,2016-11-09,12.14,12.01,12.14,11.84,78392.0,600365
484,2016-11-10,12.04,12.02,12.12,12.0,56330.0,600365
485,2016-11-11,12.05,12.05,12.09,11.94,83258.0,600365
486,2016-11-14,12.05,12.25,12.26,12.0,107046.0,600365
487,2016-11-15,12.82,13.3,13.47,12.62,526631.0,600365
488,2016-11-16,13.02,12.96,13.28,12.76,305415.0,600365
489,2016-11-17,12.96,12.79,13.17,12.75,170303.0,600365
490,2016-11-18,12.81,12.5,12.82,12.45,127830.0,600365
491,2016-11-21,12.5,12.51,12.68,12.41,97475.0,600365
492,2016-11-22,12.55,12.56,12.59,12.35,109611.0,600365
493,2016-11-23,12.57,12.77,12.99,12.52,184280.0,600365
494,2016-11-24,12.76,12.45,12.8,12.38,103659.0,600365
495,2016-11-25,12.44,12.45,12.49,12.17,84508.0,600365
496,2016-11-28,12.48,12.4,12.53,12.36,55304.0,600365
497,2016-11-29,12.39,12.13,12.5,12.09,73809.0,600365
498,2016-11-30,12.13,12.26,12.28,12.0,78399.0,600365
499,2016-12-01,12.2,12.62,12.68,12.2,128812.0,600365
500,2016-12-02,12.69,12.38,12.7,12.35,98132.0,600365
501,2016-12-05,12.55,12.27,12.55,12.08,69003.0,600365
502,2016-12-06,12.31,12.38,12.55,12.2,64620.0,600365
503,2016-12-07,12.31,12.51,12.54,12.29,94120.0,600365
504,2016-12-08,12.5,12.56,12.75,12.43,113712.0,600365
505,2016-12-09,12.59,12.3,12.61,12.27,72646.0,600365
506,2016-12-12,12.3,11.59,12.36,11.55,112006.0,600365
507,2016-12-13,11.7,11.66,11.78,11.51,58684.0,600365
508,2016-12-14,11.66,11.55,11.82,11.29,70016.0,600365
509,2016-12-15,11.4,11.57,11.68,11.4,41697.0,600365
510,2016-12-16,11.58,11.64,11.71,11.48,37198.0,600365
511,2016-12-19,11.61,11.41,11.66,11.39,52503.0,600365
512,2016-12-20,11.31,11.34,11.47,11.3,53437.0,600365
513,2016-12-21,11.35,11.46,11.57,11.33,64371.0,600365
514,2016-12-22,11.47,11.44,11.53,11.38,50715.0,600365
515,2016-12-23,11.43,11.07,11.46,10.97,77027.0,600365
516,2016-12-26,11.06,11.21,11.23,10.9,41940.0,600365
517,2016-12-27,11.22,11.2,11.24,11.09,33253.0,600365
518,2016-12-28,11.22,11.51,11.54,10.8,145561.0,600365
519,2016-12-29,11.41,11.24,11.51,11.22,55078.0,600365
520,2016-12-30,11.15,11.23,11.4,11.15,41172.0,600365
521,2017-01-03,11.21,11.27,11.3,11.2,37801.0,600365
522,2017-01-04,11.3,11.42,11.45,11.23,57157.0,600365
523,2017-01-05,11.45,11.32,11.45,11.3,42691.0,600365
524,2017-01-06,11.37,11.23,11.37,11.2,56970.0,600365
525,2017-01-09,11.18,11.29,11.35,11.15,45898.0,600365
526,2017-01-10,11.29,11.35,11.38,11.26,43836.0,600365
527,2017-01-11,11.32,11.11,11.38,11.1,38391.0,600365
528,2017-01-12,11.14,11.08,11.18,11.06,29773.0,600365
529,2017-01-13,11.08,11.02,11.09,10.83,65071.0,600365
530,2017-01-16,10.99,11.17,11.32,10.32,117712.0,600365
531,2017-01-17,11.05,11.04,11.15,10.82,63768.0,600365
532,2017-01-18,11.04,11.04,11.1,10.92,49459.0,600365
533,2017-01-19,11.07,11.07,11.08,10.87,39664.0,600365
534,2017-01-20,11.02,11.12,11.14,10.97,30489.0,600365
535,2017-01-23,11.11,11.13,11.22,11.04,35198.0,600365
536,2017-01-24,11.13,11.17,11.28,11.05,35354.0,600365
537,2017-01-25,11.15,11.14,11.28,11.01,34455.0,600365
538,2017-01-26,11.18,11.18,11.23,11.14,25674.0,600365
539,2017-02-03,11.18,11.17,11.2,11.09,18163.0,600365
540,2017-02-06,11.14,11.09,11.26,10.98,41261.0,600365
541,2017-02-07,11.03,11.08,11.17,11.0,36915.0,600365
542,2017-02-08,11.05,11.09,11.1,10.98,27811.0,600365
543,2017-02-09,11.09,11.15,11.15,11.06,43756.0,600365
544,2017-02-10,11.17,11.08,11.18,11.06,45078.0,600365
545,2017-02-13,11.08,11.17,11.22,11.06,60326.0,600365
546,2017-02-14,11.16,11.34,11.35,11.12,77872.0,600365
547,2017-02-15,11.32,11.23,11.34,11.16,48909.0,600365
548,2017-02-16,11.25,11.13,11.25,11.1,37505.0,600365
549,2017-02-17,11.11,11.37,11.5,11.02,94942.0,600365
550,2017-02-20,11.33,11.48,11.55,11.23,114263.0,600365
551,2017-02-21,11.42,11.43,11.53,11.34,54451.0,600365
552,2017-02-22,11.43,11.38,11.48,11.33,41463.0,600365
553,2017-02-23,11.4,11.5,11.52,11.19,81646.0,600365
554,2017-02-24,11.48,11.51,11.58,11.43,74655.0,600365
555,2017-02-27,11.51,11.38,11.51,11.36,62262.0,600365
556,2017-02-28,11.33,11.55,11.55,11.3,77269.0,600365
557,2017-03-01,11.55,11.5,11.61,11.48,66122.0,600365
558,2017-03-02,11.49,11.52,11.6,11.42,45880.0,600365
559,2017-03-03,11.48,11.49,11.54,11.41,37826.0,600365
560,2017-03-06,11.48,11.52,11.56,11.46,31334.0,600365
561,2017-03-07,11.53,11.7,11.73,11.52,90029.0,600365
562,2017-03-08,11.7,11.7,11.73,11.61,51559.0,600365
563,2017-03-09,11.67,11.61,11.69,11.6,37710.0,600365
564,2017-03-10,11.59,11.51,11.66,11.5,39379.0,600365
565,2017-03-13,11.51,11.57,11.63,11.5,32546.0,600365
566,2017-03-14,11.57,11.47,11.62,11.44,46725.0,600365
567,2017-03-15,11.47,11.88,11.96,11.38,135238.0,600365
568,2017-03-16,11.81,12.17,12.35,11.77,296020.0,600365
569,2017-03-17,12.1,11.7,12.1,11.68,198986.0,600365
570,2017-03-20,11.69,11.82,11.84,11.55,73318.0,600365
571,2017-03-21,11.8,11.86,11.87,11.72,50602.0,600365
572,2017-03-22,11.84,11.91,11.94,11.71,65763.0,600365
573,2017-03-23,11.91,11.76,11.96,11.62,52548.0,600365
574,2017-03-24,11.8,11.87,11.9,11.68,61255.0,600365
575,2017-03-27,11.88,11.89,11.94,11.83,44841.0,600365
576,2017-03-28,11.89,11.93,11.93,11.76,58145.0,600365
577,2017-03-29,11.92,11.93,11.96,11.83,64688.0,600365
578,2017-03-30,11.86,11.83,11.95,11.68,83210.0,600365
579,2017-03-31,11.81,11.79,11.85,11.52,59968.0,600365
580,2017-04-05,11.82,11.91,12.06,11.72,82895.0,600365
581,2017-04-06,11.84,12.11,12.16,11.84,165760.0,600365
582,2017-04-07,12.13,12.28,12.35,12.03,119724.0,600365
583,2017-04-10,12.16,12.31,12.43,12.16,98272.0,600365
584,2017-04-11,12.32,12.54,12.6,12.25,142583.0,600365
585,2017-04-12,12.6,12.42,12.68,12.36,87275.0,600365
586,2017-04-13,12.38,12.23,12.4,12.14,97200.0,600365
587,2017-04-14,12.24,12.23,12.3,12.18,58753.0,600365
588,2017-04-17,12.35,12.21,12.37,12.05,81887.0,600365
589,2017-04-18,12.19,12.29,12.43,12.13,85258.0,600365
590,2017-04-19,12.18,12.09,12.3,11.91,79246.0,600365
591,2017-04-20,12.1,12.16,12.19,11.95,104315.0,600365
592,2017-04-21,12.18,12.2,12.43,12.14,128193.0,600365
593,2017-04-24,12.2,11.7,12.26,11.51,96056.0,600365
594,2017-04-25,11.7,11.71,11.84,11.65,61592.0,600365
595,2017-04-26,11.71,11.86,11.9,11.4,59485.0,600365
596,2017-04-27,11.87,11.95,12.04,11.72,66841.0,600365
597,2017-04-28,11.95,11.89,12.05,11.75,50913.0,600365
598,2017-05-02,11.83,11.95,12.02,11.78,45895.0,600365
599,2017-05-03,11.85,11.96,12.0,11.83,42670.0,600365
600,2017-05-04,11.94,12.02,12.13,11.84,56686.0,600365
601,2017-05-05,12.06,11.92,12.09,11.86,36523.0,600365
602,2017-05-08,11.82,11.85,11.98,11.77,42865.0,600365
603,2017-05-09,11.83,11.83,11.91,11.75,39349.0,600365
604,2017-05-10,11.82,11.0,11.85,10.65,274525.0,600365
605,2017-05-11,10.86,9.9,10.86,9.9,190042.0,600365
606,2017-05-12,9.91,10.64,10.89,9.1,324910.0,600365
607,2017-05-15,10.67,10.17,10.67,10.12,156376.0,600365
608,2017-05-16,10.1,10.02,10.24,9.15,319448.0,600365
609,2017-05-17,9.73,9.84,9.91,9.43,116324.0,600365
610,2017-05-18,9.7,9.49,9.81,9.44,91572.0,600365
611,2017-05-19,9.5,9.46,9.6,9.35,47490.0,600365
612,2017-05-22,9.5,8.51,9.55,8.51,174299.0,600365
613,2017-05-23,8.82,8.74,8.87,7.68,410410.0,600365
614,2017-05-24,8.15,8.69,8.74,8.15,211480.0,600365
615,2017-05-25,8.5,8.54,8.63,8.21,135601.0,600365
616,2017-05-26,8.51,8.59,8.66,8.36,96782.0,600365
617,2017-05-31,8.63,8.58,8.73,8.5,90964.0,600365
618,2017-06-01,8.5,8.42,8.69,8.22,101798.0,600365
619,2017-06-02,8.43,8.47,8.51,7.95,121353.0,600365
620,2017-06-05,8.42,8.37,8.44,8.29,70655.0,600365
621,2017-06-06,8.37,8.32,8.39,8.28,50899.0,600365
622,2017-06-07,8.32,8.46,8.5,8.29,63157.0,600365
623,2017-06-08,8.46,8.52,8.6,8.41,113564.0,600365
624,2017-06-09,8.52,8.48,8.54,8.39,67077.0,600365
625,2017-06-12,8.48,8.57,8.69,8.36,119336.0,600365
626,2017-06-13,8.48,8.62,8.68,8.48,55038.0,600365
627,2017-06-14,8.61,8.62,8.67,8.51,55417.0,600365
628,2017-06-15,8.59,8.7,8.71,8.54,76520.0,600365
629,2017-06-16,8.7,8.87,9.0,8.65,96773.0,600365
630,2017-06-19,8.85,8.88,8.93,8.81,60201.0,600365
631,2017-06-20,8.89,8.64,8.94,8.6,114111.0,600365
632,2017-06-21,8.7,8.68,8.75,8.63,51641.0,600365
633,2017-06-22,8.66,8.68,8.72,8.62,59549.0,600365
634,2017-06-23,8.7,8.72,8.75,8.58,55508.0,600365
635,2017-06-26,8.73,8.76,8.87,8.65,64494.0,600365
636,2017-06-27,8.77,8.81,8.85,8.72,41583.0,600365
637,2017-06-28,8.78,8.76,8.88,8.72,35316.0,600365
638,2017-06-29,8.78,8.7,8.79,8.68,32665.0,600365
639,2017-06-30,8.73,8.75,8.78,8.64,35684.0,600365
640,2017-07-03,8.72,8.72,8.89,8.61,66177.0,600365
641,2017-07-04,8.7,8.6,8.75,8.58,108034.0,600365
642,2017-07-05,8.56,8.58,8.65,8.31,68204.0,600365
643,2017-07-06,8.53,8.48,8.54,8.41,71321.0,600365
644,2017-07-07,8.42,8.47,8.62,8.39,95853.0,600365
645,2017-07-10,8.45,8.38,8.49,8.29,76765.0,600365
646,2017-07-11,8.36,8.3,8.38,8.27,48821.0,600365
647,2017-07-12,8.28,8.26,8.33,8.15,44340.83,600365
648,2017-07-13,8.26,8.4,8.46,8.26,75967.02,600365
649,2017-07-14,8.41,8.45,8.49,8.31,57647.56,600365
650,2017-07-17,8.45,8.14,8.45,7.79,77011.0,600365
651,2017-07-18,8.16,8.27,8.33,8.05,88665.64,600365
652,2017-07-19,8.3,8.28,8.3,8.22,48315.59,600365
653,2017-07-20,8.28,8.23,8.36,8.2,68384.83,600365
654,2017-07-21,8.2,8.25,8.27,8.19,36744.2,600365
655,2017-07-24,8.25,8.23,8.27,8.11,90624.03,600365
656,2017-07-25,8.23,8.15,8.27,8.13,33415.2,600365
657,2017-07-26,8.12,8.25,8.31,8.09,84316.16,600365
658,2017-07-27,8.26,8.25,8.29,8.17,44303.0,600365
659,2017-07-28,8.29,8.35,8.44,8.25,134130.85,600365
