,date,open,high,close,low,volume,price_change,p_change,ma5,ma10,ma20,v_ma5,v_ma10,v_ma20,turnover
2014-07-08,6.42,6.42,6.42,6.42,21518.88,0.58,9.93,6.42,6.42,6.42,21518.88,21518.88,21518.88,1.34
2014-07-09,6.66,7.06,7.06,6.5,202272.16,0.64,9.97,6.74,6.74,6.74,111895.52,111895.52,111895.52,12.61
2014-07-10,7.12,7.77,7.77,7.09,189049.05,0.71,10.06,7.083,7.083,7.083,137613.36,137613.36,137613.36,11.78
2014-07-11,8.12,8.47,7.49,7.45,383549.69,-0.28,-3.6,7.185,7.185,7.185,199097.45,199097.45,199097.45,23.91
2014-07-14,7.41,7.43,7.21,7.12,253297.97,-0.28,-3.74,7.19,7.19,7.19,209937.55,209937.55,209937.55,15.79
2014-07-15,7.2,7.2,7.01,6.91,195123.03,-0.2,-2.77,7.308,7.16,7.16,244658.38,207468.46,207468.46,12.16
2014-07-16,7.02,7.07,6.93,6.84,109968.32,-0.08,-1.14,7.282,7.127,7.127,226197.61,193539.87,193539.87,6.85
2014-07-17,6.95,7.02,6.94,6.85,94911.79,0.01,0.14,7.116,7.104,7.104,207370.16,181211.36,181211.36,5.92
2014-07-18,6.9,6.93,6.74,6.73,86713.98,-0.2,-2.88,6.966,7.063,7.063,148003.02,170711.65,170711.65,5.4
2014-07-21,6.7,6.76,6.65,6.54,88960.89,-0.09,-1.33,6.854,7.022,7.022,115135.6,162536.58,162536.58,5.54
2014-07-22,6.65,6.79,6.76,6.6,82285.09,0.11,1.65,6.804,7.056,6.998,92568.01,168613.2,155240.99,5.13
2014-07-23,6.73,6.76,6.66,6.58,62787.66,-0.1,-1.48,6.75,7.016,6.97,83131.88,154664.75,147536.54,3.91
2014-07-24,6.64,6.71,6.67,6.52,73805.35,0.01,0.15,6.696,6.906,6.947,78910.59,143140.38,141864.91,4.6
2014-07-25,6.62,6.65,6.57,6.5,72246.49,-0.1,-1.5,6.662,6.814,6.92,76017.1,112010.06,136892.17,4.5
2014-07-28,6.58,6.73,6.68,6.54,65033.92,0.11,1.67,6.668,6.761,6.904,71231.7,93183.65,132101.62,4.05
2014-07-29,6.66,6.81,6.77,6.63,75311.27,0.09,1.35,6.67,6.737,6.896,69836.94,81202.48,128552.22,4.69
2014-07-30,6.81,6.83,6.79,6.69,63270.73,0.02,0.29,6.696,6.723,6.889,69933.55,76532.72,124712.13,3.94
2014-07-31,6.79,6.84,6.81,6.71,51482.66,0.02,0.29,6.724,6.71,6.885,65469.01,72189.8,120643.83,3.21
2014-08-01,6.75,7.09,6.84,6.73,98540.36,0.03,0.44,6.778,6.72,6.883,70727.79,73372.44,119480.49,6.14
2014-08-04,6.89,7.04,7.0,6.84,97203.01,0.16,2.34,6.842,6.755,6.889,77161.61,74196.65,118366.62,6.06
2014-08-05,7.03,7.4,7.29,6.92,195143.55,0.29,4.14,6.946,6.808,6.932,101128.06,85482.5,127047.85,12.16
2014-08-06,7.29,7.29,7.17,7.07,93036.72,-0.12,-1.65,7.022,6.859,6.938,107081.26,88507.41,121586.08,5.8
2014-08-07,7.12,7.17,6.9,6.88,83697.9,-0.27,-3.77,7.04,6.882,6.894,113524.31,89496.66,116318.52,5.22
2014-08-08,6.86,6.9,6.81,6.75,64705.74,-0.09,-1.3,7.034,6.906,6.86,106757.38,88742.59,100376.32,4.03
2014-08-11,6.82,6.98,6.98,6.82,49320.27,0.17,2.5,7.03,6.936,6.849,97180.84,87171.22,90177.44,3.07
2014-08-12,6.93,7.03,7.02,6.9,45090.43,0.04,0.57,6.976,6.961,6.849,67170.21,84149.14,82675.81,2.81
2014-08-13,7.03,7.03,6.95,6.88,40801.81,-0.07,-1.0,6.932,6.977,6.85,56723.23,81902.25,79217.48,2.54
2014-08-14,6.94,7.0,6.86,6.82,43805.15,-0.09,-1.29,6.924,6.982,6.846,48744.68,81134.49,76662.15,2.73
2014-08-15,6.86,7.02,6.98,6.84,40362.6,0.12,1.75,6.958,6.996,6.858,43876.05,75316.72,74344.58,2.52
2014-08-18,6.96,7.17,7.13,6.96,58367.42,0.15,2.15,6.988,7.009,6.882,45685.48,71433.16,72814.91,3.64
2014-08-19,7.14,7.16,7.12,7.0,52559.95,-0.01,-0.14,7.008,6.992,6.9,47179.39,57174.8,71328.65,3.28
2014-08-20,7.1,7.29,7.18,7.07,72523.15,0.06,0.84,7.054,6.993,6.926,53523.65,55123.44,71815.42,4.52
2014-08-21,7.18,7.24,7.18,7.06,49397.46,0.0,0.0,7.118,7.021,6.952,54642.12,51693.4,70595.03,3.08
2014-08-22,7.17,7.27,7.24,7.1,50971.09,0.06,0.84,7.17,7.064,6.985,56763.81,50319.93,69531.26,3.18
2014-08-25,7.24,7.76,7.47,7.2,174854.45,0.23,3.18,7.238,7.113,7.025,80061.22,62873.35,75022.29,10.9
2014-08-26,7.4,7.58,7.19,7.17,88707.17,-0.28,-3.75,7.252,7.13,7.046,87290.66,67235.02,75692.08,5.53
2014-08-27,7.15,7.25,7.2,7.08,37112.26,0.01,0.14,7.256,7.155,7.066,80208.49,66866.07,74384.16,2.31
2014-08-28,7.22,7.26,7.08,7.03,39058.33,-0.12,-1.67,7.236,7.177,7.08,78140.66,66391.39,73762.94,2.43
2014-08-29,7.03,7.14,7.14,7.02,23094.45,0.06,0.85,7.216,7.193,7.095,72565.33,64664.57,69990.65,1.44
2014-09-01,7.14,7.29,7.27,7.13,30420.33,0.13,1.82,7.176,7.207,7.108,43678.51,61869.86,66651.51,1.9
2014-09-02,7.28,7.44,7.35,7.27,45390.62,0.08,1.1,7.208,7.23,7.111,35015.2,61152.93,59163.87,2.83
2014-09-03,7.37,7.5,7.41,7.37,50966.34,0.06,0.82,7.25,7.253,7.123,37786.01,58997.25,57060.35,3.18
2014-09-04,7.43,7.55,7.54,7.34,58379.76,0.13,1.75,7.342,7.289,7.155,41650.3,59895.48,55794.44,3.64
2014-09-05,7.55,7.57,7.55,7.4,56206.24,0.01,0.13,7.424,7.32,7.192,48272.66,60419.0,55369.46,3.5
2014-09-09,7.58,7.58,7.51,7.47,40535.6,-0.04,-0.53,7.472,7.324,7.219,50295.71,46987.11,54930.23,2.53
2014-09-10,7.49,7.68,7.67,7.42,70941.37,0.16,2.13,7.536,7.372,7.251,55405.86,45210.53,56222.78,4.42
2014-09-11,7.67,7.8,7.55,7.5,70300.23,-0.12,-1.56,7.564,7.407,7.281,59272.64,48529.33,57697.7,4.38
2014-09-12,7.51,7.87,7.86,7.51,66181.82,0.31,4.11,7.628,7.485,7.331,60833.05,51241.68,58816.53,4.13
2014-09-15,7.83,7.97,7.96,7.8,61211.91,0.1,1.27,7.71,7.567,7.38,61834.19,55053.42,59859.0,3.82
2014-09-16,7.95,8.3,7.72,7.7,102554.99,-0.24,-3.02,7.752,7.612,7.41,74238.06,62266.89,62068.38,6.39
2014-09-17,7.78,7.87,7.85,7.56,55267.37,0.13,1.68,7.788,7.662,7.446,71103.26,63254.56,62203.75,3.44
2014-09-18,7.8,7.89,7.88,7.72,36860.79,0.03,0.38,7.854,7.709,7.481,64415.38,61844.01,60420.63,1.6
2014-09-19,7.88,8.06,8.0,7.79,45613.16,0.12,1.52,7.882,7.755,7.522,60301.64,60567.35,60231.41,1.98
2014-09-22,7.95,8.01,7.9,7.82,34094.0,-0.1,-1.25,7.87,7.79,7.555,54878.06,58356.12,59387.56,1.48
2014-09-23,7.83,8.01,7.99,7.83,31119.49,0.09,1.14,7.924,7.838,7.581,40590.96,57414.51,52200.81,1.35
2014-09-24,7.99,8.1,8.06,7.95,35759.97,0.07,0.88,7.966,7.877,7.625,36689.48,53896.37,49553.45,1.55
2014-09-25,8.09,8.28,8.1,8.04,43388.13,0.04,0.5,8.01,7.932,7.67,37994.95,51205.16,49867.25,1.89
2014-09-26,8.11,8.18,8.13,8.04,24532.79,0.03,0.37,8.036,7.959,7.722,33778.88,47040.26,49140.97,1.07
2014-09-29,8.12,8.34,8.28,8.1,46062.18,0.15,1.84,8.112,7.991,7.779,36172.51,45525.29,50289.35,2.0
2014-09-30,8.34,8.34,8.29,8.25,34871.38,0.01,0.12,8.172,8.048,7.83,36922.89,38756.93,50511.91,1.52
2014-10-08,8.3,8.54,8.48,8.26,43235.29,0.19,2.29,8.256,8.111,7.887,38417.95,37553.72,50404.14,1.88
2014-10-09,8.51,8.51,8.4,8.25,42716.7,-0.08,-0.94,8.316,8.163,7.936,38283.67,38139.31,49991.66,1.86
2014-10-10,8.39,8.39,8.25,8.2,49704.52,-0.15,-1.79,8.34,8.188,7.972,43318.01,38548.44,49557.9,2.16
2014-10-13,8.19,8.6,8.31,7.95,73454.62,0.06,0.73,8.346,8.229,8.01,48796.5,42484.51,50420.32,3.19
2014-10-14,8.29,8.39,8.19,8.12,31418.22,-0.12,-1.44,8.326,8.249,8.044,48105.87,42514.38,49964.45,1.37
2014-10-15,8.16,8.27,8.27,8.12,32521.21,0.08,0.98,8.284,8.27,8.074,45963.05,42190.5,48043.44,1.41
2014-10-16,8.24,8.39,8.13,8.12,43832.8,-0.14,-1.69,8.23,8.273,8.103,46186.27,42234.97,46720.07,1.91
2014-10-17,8.08,8.18,7.82,7.78,48060.21,-0.31,-3.81,8.144,8.242,8.101,45857.41,44587.71,45813.99,2.09
2014-10-20,7.77,7.89,7.87,7.71,37912.91,0.05,0.64,8.056,8.201,8.096,38749.07,43772.79,44649.04,1.65
2014-10-21,7.88,7.92,7.71,7.69,34546.08,-0.16,-2.03,7.96,8.143,8.096,39374.64,43740.26,41248.59,1.5
2014-10-22,7.71,7.78,7.58,7.55,35492.67,-0.13,-1.69,7.822,8.053,8.082,39968.93,42965.99,40259.86,1.54
2014-10-23,7.53,7.64,7.37,7.3,36360.75,-0.21,-2.77,7.67,7.95,8.057,38474.52,42330.4,40234.85,1.58
2014-10-24,7.4,7.49,7.43,7.36,19973.33,0.06,0.81,7.592,7.868,8.028,32857.15,39357.28,38952.86,0.87
2014-10-27,7.41,7.49,7.48,7.36,15341.15,0.05,0.67,7.514,7.785,8.007,28342.8,33545.93,38015.22,0.67
2014-10-28,7.49,7.72,7.7,7.49,22538.13,0.22,2.94,7.512,7.736,7.993,25941.21,32657.92,37586.15,0.98
2014-10-29,7.72,7.91,7.82,7.72,40745.85,0.12,1.56,7.56,7.691,7.981,26991.84,33480.39,37835.45,1.77
2014-10-30,7.84,7.94,7.87,7.78,31448.95,0.05,0.64,7.66,7.665,7.969,26009.48,32242.0,37238.49,1.37
2014-10-31,7.85,7.95,7.84,7.72,35954.2,-0.03,-0.38,7.742,7.667,7.955,29205.66,31031.4,37809.56,1.56
2014-11-03,7.84,7.92,7.91,7.73,29958.25,0.07,0.89,7.828,7.671,7.936,32129.08,30235.94,37004.36,1.3
2014-11-04,7.89,7.97,7.94,7.88,26774.71,0.03,0.38,7.876,7.694,7.919,32976.39,29458.8,36599.53,1.16
2014-11-05,7.92,8.03,7.97,7.86,28532.79,0.03,0.38,7.906,7.733,7.893,30533.78,28762.81,35864.4,1.24
2014-11-06,7.95,8.22,8.2,7.95,67956.18,0.23,2.89,7.972,7.816,7.883,37835.23,31922.35,37126.38,2.95
2014-11-07,8.2,8.23,7.99,7.92,46874.74,-0.21,-2.56,8.002,7.872,7.87,40019.33,34612.5,36984.89,2.04
2014-11-10,7.95,8.06,8.03,7.88,26554.36,0.04,0.5,8.026,7.927,7.856,39338.56,35733.82,34639.87,1.15
2014-11-11,8.01,8.01,7.62,7.58,46670.32,-0.41,-5.11,7.962,7.919,7.828,43317.68,38147.03,35402.48,2.03
2014-11-12,7.62,7.79,7.79,7.62,26197.29,0.17,2.23,7.926,7.916,7.804,42850.58,36692.18,35086.28,1.14
2014-11-13,7.72,7.77,7.52,7.5,32190.43,-0.27,-3.47,7.79,7.881,7.773,35697.43,36766.33,34504.17,1.4
2014-11-14,7.52,7.63,7.6,7.48,17563.08,0.08,1.06,7.712,7.857,7.762,29835.1,34927.21,32979.31,0.76
2014-11-17,7.56,7.73,7.69,7.51,13318.09,0.09,1.18,7.644,7.835,7.753,27187.84,33263.2,31749.57,0.58
2014-11-18,7.9,8.46,8.46,7.9,204627.28,0.77,10.01,7.812,7.887,7.791,58779.23,51048.46,40253.63,8.9
2014-11-19,8.69,8.77,8.46,8.44,419964.34,0.0,0.0,7.946,7.936,7.835,137532.64,90191.61,59477.21,18.26
2014-11-20,8.49,9.31,9.31,8.37,482294.22,0.85,10.05,8.304,8.047,7.932,227553.4,131625.42,81773.88,20.97
2014-11-21,8.8,9.1,8.94,8.46,429347.44,-0.37,-3.97,8.572,8.142,8.007,309910.27,169872.69,102242.59,18.67
2014-11-24,8.82,8.86,8.76,8.6,228157.03,-0.18,-2.01,8.786,8.215,8.071,352878.06,190032.95,112883.38,9.92
2014-11-25,8.72,8.85,8.74,8.62,170974.06,-0.02,-0.23,8.842,8.327,8.123,346147.42,202463.33,120305.18,7.43
2014-11-26,8.7,8.77,8.72,8.56,138214.7,-0.02,-0.23,8.894,8.42,8.168,289797.49,213665.07,125178.62,6.01
2014-11-27,8.71,8.85,8.8,8.64,203160.23,0.08,0.92,8.792,8.548,8.215,233970.69,230762.05,133764.19,8.83
2014-11-28,8.76,8.77,8.58,8.51,154906.62,-0.22,-2.5,8.72,8.646,8.252,179082.53,244496.4,139711.81,6.74
2014-12-01,8.57,8.58,8.54,8.37,82141.89,-0.04,-0.47,8.676,8.731,8.283,149879.5,251378.78,142320.99,3.57
2014-12-02,8.49,8.67,8.6,8.42,92001.93,0.06,0.7,8.648,8.745,8.316,134085.07,240116.25,145582.35,4.0
2014-12-03,8.59,8.72,8.65,8.42,89497.71,0.05,0.58,8.634,8.764,8.35,124341.68,207069.58,148630.6,3.89
2014-12-04,8.63,8.66,8.58,8.55,93197.83,-0.07,-0.81,8.59,8.691,8.369,102349.2,168159.94,149892.68,4.05
2014-12-05,8.55,8.55,8.19,7.8,123159.31,-0.39,-4.54,8.512,8.616,8.379,95999.73,137541.13,153706.91,5.35
2014-12-08,8.1,8.14,8.08,7.81,66409.37,-0.11,-1.34,8.42,8.548,8.382,92853.23,121366.37,155699.66,2.89
2014-12-09,8.04,8.35,7.91,7.82,100411.02,-0.17,-2.1,8.282,8.465,8.396,94535.05,114310.06,158386.69,4.37
2014-12-10,7.81,8.12,8.11,7.81,46851.55,0.2,2.53,8.174,8.404,8.412,86005.82,105173.75,159419.41,2.04
2014-12-11,8.05,8.19,8.19,8.01,44687.65,0.08,0.99,8.096,8.343,8.446,76303.78,89326.49,160044.27,1.94
2014-12-12,8.18,8.34,8.24,8.15,43065.61,0.05,0.61,8.106,8.309,8.478,60285.04,78142.39,161319.39,1.87
2014-12-15,8.22,8.22,8.18,8.06,48537.8,-0.06,-0.73,8.126,8.273,8.502,56710.73,74781.98,163080.38,2.11
2014-12-16,8.15,8.2,8.03,7.96,52091.85,-0.15,-1.83,8.15,8.216,8.481,47046.89,70790.97,155453.61,2.26
2014-12-17,8.03,8.08,7.99,7.78,52021.69,-0.04,-0.5,8.126,8.15,8.457,48080.92,67043.37,137056.48,2.26
2014-12-18,7.97,7.97,7.86,7.82,31610.11,-0.13,-1.63,8.06,8.078,8.385,45465.41,60884.6,114522.27,1.37
2014-12-19,7.87,7.89,7.66,7.45,57521.43,-0.2,-2.54,7.944,8.025,8.321,48356.58,54320.81,95930.97,2.5
2014-12-22,7.6,7.61,7.13,7.0,52572.02,-0.53,-6.92,7.734,7.93,8.239,49163.42,52937.07,87151.72,2.29
2014-12-23,7.18,7.27,7.15,7.11,24713.54,0.02,0.28,7.558,7.854,8.16,43687.76,45367.33,79838.69,1.07
2014-12-24,7.21,7.38,7.36,7.21,26238.3,0.21,2.94,7.432,7.779,8.092,38531.08,43306.0,74239.87,1.14
2014-12-25,7.37,7.54,7.48,7.35,20786.0,0.12,1.63,7.356,7.708,8.026,36366.26,40915.83,65121.16,0.9
2014-12-26,7.46,7.46,7.39,7.29,26393.22,-0.09,-1.2,7.302,7.623,7.966,30140.62,39248.6,58695.49,1.15
2014-12-29,7.36,7.38,7.18,7.12,29424.99,-0.21,-2.84,7.312,7.523,7.898,25511.21,37337.31,56059.65,1.28
2014-12-30,7.15,7.54,7.38,7.09,63498.16,0.2,2.79,7.358,7.458,7.837,33268.13,38477.95,54634.46,2.76
2014-12-31,7.31,7.37,7.25,7.15,34042.53,-0.13,-1.76,7.336,7.384,7.767,34828.98,36680.03,51861.7,1.48
2015-01-05,7.25,7.35,7.33,7.15,35889.59,0.08,1.1,7.306,7.331,7.705,37849.7,37107.98,48996.29,1.56
2015-01-06,7.28,7.49,7.49,7.21,41423.86,0.16,2.18,7.326,7.314,7.67,40855.83,35498.22,44909.51,1.8
2015-01-07,7.47,7.47,7.41,7.34,27272.28,-0.08,-1.07,7.372,7.342,7.636,40425.28,32968.25,42952.66,1.19
2015-01-08,7.42,7.47,7.36,7.31,23103.41,-0.05,-0.68,7.368,7.363,7.609,32346.33,32807.23,39087.28,1.0
2015-01-09,7.36,7.47,7.3,7.29,20721.0,-0.06,-0.81,7.378,7.357,7.568,29682.03,32255.5,37780.75,0.9
2015-01-12,7.2,7.24,7.01,6.9,53673.07,-0.29,-3.97,7.314,7.31,7.509,33238.72,35544.21,38230.02,2.33
2015-01-13,7.01,7.04,6.98,6.93,25312.28,-0.03,-0.43,7.212,7.269,7.446,30016.41,35436.12,37342.36,1.1
2015-01-14,7.01,7.08,7.02,6.97,24762.01,0.04,0.57,7.134,7.253,7.388,29514.35,34969.82,36153.57,1.08
2015-01-15,7.0,7.09,7.07,6.98,21332.39,0.05,0.71,7.076,7.222,7.34,29160.15,30753.24,34615.59,0.93
2015-01-16,7.07,7.07,7.06,7.0,26763.56,-0.01,-0.14,7.028,7.203,7.294,30368.66,30025.34,33352.69,1.16
2015-01-19,6.95,7.06,6.83,6.77,35220.76,-0.23,-3.26,6.992,7.153,7.242,26678.2,29958.46,33533.22,1.53
2015-01-20,6.82,7.03,7.02,6.82,29503.97,0.19,2.78,7.0,7.106,7.21,27516.54,28766.47,32132.35,1.28
2015-01-21,6.91,7.22,7.18,6.82,108920.21,0.16,2.28,7.032,7.083,7.213,44348.18,36931.27,34949.76,4.74
2015-01-22,7.1,7.25,7.2,7.07,59676.71,0.02,0.28,7.058,7.067,7.215,52017.04,40588.6,36697.92,2.59
2015-01-23,7.2,7.33,7.26,7.18,60973.56,0.06,0.83,7.098,7.063,7.21,58859.04,44613.85,38434.68,2.65
2015-01-26,7.27,7.41,7.39,7.24,43470.23,0.13,1.79,7.21,7.101,7.206,60508.94,43593.57,39568.89,1.89
2015-01-27,7.39,7.52,7.38,7.3,59313.81,-0.01,-0.14,7.282,7.141,7.205,66470.9,46993.72,41214.92,2.58
2015-01-28,7.38,7.47,7.4,7.31,39858.75,0.02,0.27,7.326,7.179,7.216,52658.61,48503.4,41736.61,1.73
2015-01-29,7.37,7.58,7.52,7.31,52659.35,0.12,1.62,7.39,7.224,7.223,51255.14,51636.09,41194.67,2.29
2015-01-30,7.5,7.56,7.4,7.33,39261.97,-0.12,-1.6,7.418,7.258,7.231,46912.82,52885.93,41455.64,1.71
2015-02-02,7.38,7.38,7.33,7.25,32629.56,-0.07,-0.95,7.406,7.308,7.231,44744.69,52626.81,41292.64,1.42
2015-02-03,7.39,7.4,7.39,7.3,27980.86,0.06,0.82,7.408,7.345,7.226,38478.1,52474.5,40620.49,1.22
2015-02-04,7.39,7.44,7.37,7.32,28550.13,-0.02,-0.27,7.402,7.364,7.224,36216.37,44437.49,40684.38,1.24
2015-02-05,7.49,7.49,7.35,7.34,27162.07,-0.02,-0.27,7.368,7.379,7.223,31116.92,41186.03,40887.31,1.18
2015-02-06,7.33,7.35,7.19,7.15,17833.15,-0.16,-2.18,7.326,7.372,7.218,26831.15,36871.99,40742.92,0.78
2015-02-09,7.17,7.22,7.11,7.02,21381.34,-0.08,-1.11,7.282,7.344,7.223,24581.51,34663.1,39128.33,0.93
2015-02-10,7.13,7.17,7.11,7.05,14907.6,0.0,0.0,7.226,7.317,7.229,21966.86,30222.48,38608.1,0.65
2015-02-11,7.11,7.21,7.2,7.09,11302.33,0.09,1.27,7.192,7.297,7.238,18517.3,27366.84,37935.12,0.49
2015-02-12,7.2,7.41,7.37,7.2,21519.61,0.17,2.36,7.196,7.282,7.253,17388.81,24252.86,37944.48,0.94
2015-02-13,7.43,7.62,7.59,7.35,56531.99,0.22,2.98,7.276,7.301,7.28,25128.57,25979.86,39432.9,2.46
2015-02-16,7.54,7.77,7.72,7.54,46530.91,0.13,1.71,7.398,7.34,7.324,30158.49,27370.0,39998.41,2.02
2015-02-17,7.73,7.82,7.73,7.68,32881.87,0.01,0.13,7.522,7.374,7.36,33753.34,27860.1,40167.3,1.43
2015-02-25,7.75,8.3,8.1,7.67,89747.95,0.37,4.79,7.702,7.447,7.406,49442.47,33979.88,39208.69,3.9
2015-02-26,8.04,8.13,8.07,8.01,36449.41,-0.03,-0.37,7.842,7.519,7.449,52428.43,34908.62,38047.32,1.58
2015-02-27,8.08,8.09,7.99,7.92,50397.15,-0.08,-0.99,7.922,7.599,7.486,51201.46,38165.02,37518.5,2.19
2015-03-02,7.99,8.01,7.99,7.9,54001.47,0.0,0.0,7.976,7.687,7.516,52695.57,41427.03,38045.06,2.35
2015-03-03,7.99,8.23,8.11,7.95,60979.98,0.12,1.5,8.052,7.787,7.552,58315.19,46034.27,38128.37,2.65
2015-03-04,8.15,8.25,8.18,8.0,61185.96,0.07,0.86,8.068,7.885,7.591,52602.79,51022.63,39194.73,2.66
2015-03-05,8.17,8.24,8.14,8.1,41902.33,-0.04,-0.49,8.082,7.962,7.622,53693.38,53060.9,38656.88,1.82
2015-03-06,8.17,8.18,7.96,7.93,44015.03,-0.18,-2.21,8.076,7.999,7.65,52416.95,51809.21,38894.53,1.91
2015-03-09,7.99,8.33,8.23,7.88,58390.86,0.27,3.39,8.124,8.05,7.695,53294.83,52995.2,40182.6,2.54
2015-03-10,8.2,8.26,8.21,8.14,36888.19,-0.02,-0.24,8.144,8.098,7.736,48476.47,53395.83,40627.97,1.6
2015-03-11,8.21,8.54,8.29,8.17,73068.38,0.08,0.97,8.166,8.117,7.782,50852.96,51727.88,42853.88,3.18
2015-03-12,8.28,8.47,8.18,8.13,52171.83,-0.11,-1.33,8.174,8.128,7.824,52906.86,53300.12,44104.37,2.27
2015-03-13,8.21,8.3,8.27,8.15,34478.79,0.09,1.1,8.236,8.156,7.878,50999.61,51708.28,44936.65,1.5
2015-03-16,8.28,8.65,8.62,8.28,93571.67,0.35,4.23,8.314,8.219,7.953,58035.77,55665.3,48546.17,4.07
2015-03-17,8.61,8.82,8.69,8.56,75775.12,0.07,0.81,8.41,8.277,8.032,65813.16,57144.82,51589.54,3.29
2015-03-18,8.7,8.88,8.79,8.6,85884.42,0.1,1.15,8.51,8.338,8.112,68376.37,59614.66,55318.65,3.73
2015-03-19,8.76,9.07,8.91,8.68,75531.95,0.12,1.36,8.656,8.415,8.189,73048.39,62977.62,58019.26,3.28
2015-03-20,8.89,9.05,8.97,8.8,56170.76,0.06,0.67,8.796,8.516,8.258,77386.78,64193.2,58001.2,2.44
2015-03-23,8.93,9.56,9.5,8.93,149465.16,0.53,5.91,8.972,8.643,8.347,88565.48,73300.63,63147.91,6.5
2015-03-24,9.5,9.53,9.18,8.87,112497.84,-0.32,-3.37,9.07,8.74,8.419,95910.03,80861.59,67128.71,4.89
2015-03-25,9.1,9.56,9.45,8.94,93521.74,0.27,2.94,9.202,8.856,8.487,97437.49,82906.93,67317.4,4.07
2015-03-26,9.8,9.97,9.32,9.09,192048.88,-0.13,-1.38,9.284,8.97,8.549,120740.88,96894.63,75097.38,8.35
2015-03-27,9.21,9.34,9.23,9.05,81487.46,-0.09,-0.97,9.336,9.066,8.611,125804.22,101595.5,76651.89,3.54
2015-03-30,9.11,9.19,9.08,8.92,104455.6,-0.15,-1.62,9.252,9.112,8.666,116802.3,102683.89,79174.6,4.54
2015-03-31,9.03,9.25,9.1,8.95,105360.17,0.02,0.22,9.236,9.153,8.715,115374.77,105642.4,81393.61,4.58
2015-04-01,9.13,9.37,9.36,9.04,104918.27,0.26,2.86,9.218,9.21,8.774,117654.08,107545.78,83580.22,4.56
2015-04-02,9.39,9.5,9.44,9.2,92797.81,0.08,0.85,9.242,9.263,8.839,97803.86,109272.37,86125.0,4.03
2015-04-03,9.38,9.85,9.76,9.31,123578.01,0.32,3.39,9.348,9.342,8.929,106221.97,116013.09,90103.15,5.37
2015-04-07,9.77,9.87,9.8,9.66,103491.49,0.04,0.41,9.492,9.372,9.008,106029.15,111415.73,92358.18,4.5
2015-04-08,9.88,10.78,10.78,9.88,193532.81,0.98,10.0,9.828,9.532,9.136,123663.68,119519.22,100190.41,8.41
2015-04-09,11.12,11.86,11.86,11.02,382486.12,1.08,10.02,10.328,9.773,9.315,179177.25,148415.66,115661.3,16.63
2015-04-10,11.01,11.85,11.57,11.01,426439.44,-0.29,-2.44,10.754,9.998,9.484,245905.57,171854.72,134374.68,18.54
2015-04-13,11.17,11.42,11.21,10.78,289711.59,-0.36,-3.11,11.044,10.196,9.631,279132.29,192677.13,147136.32,12.6
2015-04-14,11.12,11.15,10.83,10.82,175655.98,-0.38,-3.39,11.25,10.371,9.742,293565.19,199797.17,151240.53,7.64
2015-04-15,10.76,10.77,10.04,10.01,184347.3,-0.79,-7.29,11.102,10.465,9.809,291728.09,207695.88,156669.14,8.02
2015-04-16,9.9,10.33,10.23,9.75,126430.5,0.19,1.89,10.776,10.552,9.881,240516.96,209847.11,158696.44,5.5
2015-04-17,10.2,10.34,10.24,10.09,114942.48,0.01,0.1,10.51,10.632,9.948,178217.57,212061.57,160666.97,5.0
2015-04-21,9.73,10.13,10.06,9.73,205480.16,-0.18,-1.76,10.28,10.662,10.002,161371.28,220251.79,168132.44,8.93
2015-04-22,9.9,10.56,10.56,9.9,158075.19,0.5,4.97,10.226,10.738,10.055,157855.13,225710.16,168562.94,6.87
2015-04-23,10.62,10.93,10.59,10.4,106057.94,0.03,0.28,10.336,10.719,10.126,142197.25,216962.67,168240.95,4.61
2015-04-24,10.5,10.88,10.73,10.3,108215.07,0.14,1.32,10.436,10.606,10.19,138554.17,189535.57,168975.61,4.71
2015-04-27,10.71,10.99,10.65,10.51,92087.38,-0.08,-0.75,10.518,10.514,10.256,133983.15,156100.36,163977.54,4.0
2015-04-28,10.7,10.76,10.13,10.12,87824.45,-0.52,-4.88,10.532,10.406,10.301,110452.01,135911.64,164294.39,3.82
2015-04-29,10.11,10.52,10.28,10.0,51766.72,0.15,1.48,10.476,10.351,10.361,89190.31,123522.72,161659.94,2.25
2015-04-30,10.26,10.47,10.36,10.26,64650.37,0.08,0.78,10.43,10.383,10.424,80908.8,111553.03,159624.45,2.81
2015-05-04,10.35,10.71,10.52,10.27,60285.01,0.16,1.54,10.388,10.412,10.482,71322.79,104938.48,157392.79,2.62
2015-05-05,10.5,10.84,10.34,10.19,86081.66,-0.18,-1.71,10.326,10.422,10.527,70121.64,102052.4,157056.98,3.74
2015-05-06,10.41,10.52,10.19,10.15,60074.27,-0.15,-1.45,10.338,10.435,10.549,64571.61,87511.81,153881.8,2.61
2015-05-07,10.14,10.26,9.97,9.86,55393.67,-0.22,-2.16,10.276,10.376,10.557,65297.0,77243.65,151476.91,2.41
2015-05-08,10.17,10.25,10.23,9.99,61385.76,0.26,2.61,10.25,10.34,10.53,64644.07,72776.44,144869.55,2.67
2015-05-11,10.3,10.51,10.48,10.22,68725.28,0.25,2.44,10.242,10.315,10.461,66332.13,68827.46,129181.51,2.99
2015-05-12,10.49,10.85,10.82,10.42,96483.58,0.34,3.24,10.338,10.332,10.423,68412.51,69267.08,112683.72,4.19
2015-05-13,10.77,10.98,10.91,10.65,82531.08,0.09,0.83,10.482,10.41,10.408,72903.87,68737.74,102324.69,3.59
2015-05-14,10.9,11.25,11.09,10.77,90517.62,0.18,1.65,10.706,10.491,10.421,79928.66,72612.83,98067.77,3.94
2015-05-15,11.05,11.28,10.97,10.77,58520.75,-0.12,-1.08,10.854,10.552,10.468,79355.66,71999.87,91776.45,2.54
2015-05-18,10.89,11.52,11.43,10.79,100243.91,0.46,4.19,11.044,10.643,10.528,85659.39,75995.76,90467.12,4.36
2015-05-19,11.45,12.0,12.0,11.36,91491.17,0.57,4.99,11.28,10.809,10.616,84660.91,76536.71,89294.55,3.98
2015-05-20,12.31,12.6,12.18,12.0,118576.26,0.18,1.5,11.534,11.008,10.722,91869.94,82386.91,84949.36,5.16
2015-05-21,12.16,12.53,12.29,12.1,90945.51,0.11,0.9,11.774,11.24,10.808,91955.52,85942.09,81592.87,3.95
2015-05-22,12.35,12.9,12.69,12.11,104480.55,0.4,3.25,12.118,11.486,10.913,101147.48,90251.57,81514.0,4.54
2015-05-25,12.68,13.18,13.07,12.51,84298.42,0.38,2.99,12.446,11.745,11.03,97958.38,91808.88,80318.17,3.67
2015-05-26,13.15,13.72,13.72,13.02,41691.65,0.65,4.97,12.79,12.035,11.184,87998.48,86329.69,77798.38,1.81
2015-05-27,14.41,14.41,14.41,14.41,6434.02,0.69,5.03,13.236,12.385,11.398,65570.03,78719.99,73728.86,0.28
2015-05-28,15.13,15.13,14.74,14.0,192861.2,0.33,2.29,13.726,12.75,11.621,85953.17,88954.34,80783.59,8.39
2015-05-29,14.0,15.12,14.27,14.0,178941.36,-0.47,-3.19,14.042,13.08,11.816,100845.33,100996.41,86498.14,7.78
2015-06-01,14.3,14.88,14.31,13.9,122463.89,0.04,0.28,14.29,13.368,12.006,108478.42,103218.4,89607.08,5.32
2015-06-02,14.31,14.69,14.48,14.05,111453.27,0.17,1.19,14.442,13.616,12.213,122430.75,105214.61,90875.66,4.85
2015-06-03,14.48,15.2,15.2,14.38,110054.02,0.72,4.97,14.6,13.918,12.463,143154.75,104362.39,93374.65,4.78
2015-06-04,15.45,15.81,14.92,14.44,117499.46,-0.28,-1.84,14.636,14.181,12.711,128082.4,107017.78,96479.94,5.11
2015-06-05,15.19,15.67,15.37,14.91,108736.27,0.45,3.02,14.856,14.449,12.968,114041.38,107443.36,98847.46,4.73
2015-06-08,15.34,15.93,15.45,15.01,112182.48,0.08,0.52,15.084,14.687,13.216,111985.1,110231.76,101020.32,4.88
2015-06-09,15.48,16.08,15.88,15.15,97268.79,0.43,2.78,15.364,14.903,13.469,109148.2,115789.48,101059.58,4.23
2015-06-10,15.73,16.67,16.59,15.45,97728.35,0.71,4.47,15.642,15.121,13.753,106683.07,124918.91,101819.45,4.25
2015-06-11,16.5,17.42,17.42,16.39,78339.14,0.83,5.0,16.142,15.389,14.07,98851.01,113466.7,101210.52,3.41
2015-06-12,17.66,18.29,18.29,17.66,32485.16,0.87,4.99,16.726,15.791,14.436,83600.78,98821.08,99908.74,1.41
2015-06-15,19.1,19.2,17.78,17.62,127058.47,-0.51,-2.79,17.192,16.138,14.753,86575.98,99280.54,101249.47,5.52
2015-06-16,17.39,17.5,16.89,16.89,80561.15,-0.89,-5.01,17.394,16.379,14.998,83234.45,96191.33,100702.97,3.5
2015-06-17,16.5,16.87,16.29,16.05,78247.76,-0.6,-3.55,17.334,16.488,15.203,79338.34,93010.7,98686.55,3.4
2015-06-18,16.39,17.13,15.5,15.49,68724.2,-0.81,-4.97,16.95,16.546,15.364,77415.35,88133.18,97575.48,2.99
2015-06-19,15.31,15.4,14.73,14.73,42958.35,-0.78,-5.03,16.238,16.482,15.466,79509.99,81555.38,94499.37,1.87
2015-06-23,13.99,14.45,13.99,13.99,53731.45,-0.74,-5.02,15.48,16.336,15.512,64844.58,75710.28,92971.02,2.34
2015-06-24,14.25,14.6,14.15,13.75,61722.54,0.16,1.14,14.932,16.163,15.533,61076.86,72155.66,93972.57,2.68
2015-06-25,14.19,14.61,13.42,13.42,69131.28,-0.71,-5.03,14.358,15.846,15.484,59253.56,69295.95,97107.43,3.01
2015-06-26,12.77,12.78,12.77,12.77,24044.0,-0.67,-4.99,13.812,15.381,15.385,50317.52,63866.44,88666.57,1.05
2015-06-29,12.13,12.4,12.13,12.13,29506.0,-0.64,-5.01,13.292,14.765,15.278,47627.05,63568.52,81194.8,1.28
2015-06-30,11.52,11.87,11.52,11.52,115870.13,-0.61,-5.03,12.798,14.139,15.139,60054.79,62449.69,80865.11,5.04
2015-07-01,11.58,12.09,10.94,10.94,89143.47,-0.58,-5.04,12.156,13.544,14.962,65538.98,63307.92,79749.62,3.88
2015-07-02,10.41,10.88,10.39,10.39,32405.4,-0.55,-5.03,11.55,12.954,14.721,58193.8,58723.68,75867.19,1.41
2015-07-03,9.87,9.87,9.87,9.87,14565.0,-0.52,-5.0,10.97,12.391,14.469,56298.0,53307.76,70720.47,0.63
2015-07-06,10.35,10.35,9.38,9.38,48894.02,-0.49,-4.96,10.42,11.856,14.169,60175.6,53901.33,67728.36,2.13
2015-07-07,8.91,8.91,8.91,8.91,528.0,-0.47,-5.01,9.898,11.348,13.842,37107.18,48580.98,62145.63,0.02
2015-07-08,8.46,8.46,8.46,8.46,66.0,-0.45,-5.05,9.402,10.779,13.471,19291.68,42415.33,57285.49,0.0
2015-07-09,8.04,8.88,8.72,8.04,273484.31,0.26,3.07,9.068,10.309,13.078,67507.47,62850.63,66073.29,11.89
2015-07-10,8.5,9.16,9.16,8.28,234995.05,0.44,5.05,8.926,9.948,12.665,111593.48,83945.74,73906.09,10.22
2015-07-13,9.2,9.61,9.57,8.89,192904.53,0.41,4.48,8.964,9.692,12.229,140395.58,100285.59,81927.06,8.39
2015-07-14,9.32,9.9,9.35,9.1,144190.91,-0.21,-2.2,9.052,9.475,11.807,169128.16,103117.67,82783.68,6.27
2015-07-15,9.19,9.2,8.88,8.88,69168.38,-0.47,-5.03,9.136,9.269,11.407,182948.64,101120.16,82214.04,3.01
2015-07-16,8.44,8.79,8.44,8.44,95402.95,-0.44,-4.96,9.08,9.074,11.014,147332.36,107419.92,83071.8,4.15
2015-07-17,8.44,8.86,8.86,8.41,77927.81,0.42,4.98,9.02,8.973,10.682,115918.92,113756.2,83531.98,3.39
2015-07-20,9.08,9.3,9.3,8.99,95561.11,0.44,4.97,8.966,8.965,10.411,96450.23,118422.91,86162.12,4.15
2015-07-21,9.29,9.77,9.69,9.14,113915.7,0.39,4.19,9.034,9.043,10.196,90395.19,129761.68,89171.33,4.95
2015-07-22,9.72,9.89,9.78,9.41,93898.97,0.11,1.14,9.214,9.175,9.977,95341.31,139144.97,90780.15,4.08
2015-07-23,9.81,10.28,10.28,9.75,38542.75,0.49,5.0,9.582,9.331,9.82,83969.27,115650.82,89250.72,1.68
2015-07-24,10.79,10.79,10.49,10.29,148821.77,0.21,2.04,9.908,9.464,9.706,98148.06,107033.49,95489.61,6.47
2015-07-27,10.0,10.41,9.96,9.96,81132.7,-0.52,-4.96,10.04,9.503,9.598,95262.38,95856.31,98070.95,3.53
2015-07-28,9.46,9.65,9.46,9.46,60030.69,-0.5,-5.02,9.994,9.514,9.495,84485.38,87440.28,95278.98,2.61
2015-07-29,9.36,9.7,9.51,8.99,94998.01,0.05,0.53,9.94,9.577,9.423,84705.18,90023.25,95571.7,4.13
2015-07-30,9.53,9.78,9.39,9.25,70498.62,-0.14,-1.47,9.762,9.672,9.373,91096.36,87532.81,97476.36,3.07
2015-07-31,9.25,9.87,9.87,9.16,121842.14,0.47,5.0,9.638,9.773,9.373,85700.43,91924.25,102840.22,5.3
2015-08-03,9.64,10.16,9.36,9.36,104526.5,-0.49,-4.97,9.518,9.779,9.372,90379.19,92820.79,105621.85,4.54
2015-08-04,9.3,9.74,9.67,8.94,97211.72,0.3,3.2,9.56,9.777,9.41,97815.4,91150.39,110456.03,4.23
2015-08-05,9.7,10.16,9.96,9.56,113948.99,0.28,2.89,9.65,9.795,9.485,101605.59,93155.39,116150.18,4.95
2015-08-06,9.75,10.38,10.26,9.7,79551.6,0.31,3.12,9.824,9.793,9.562,103416.19,97256.27,106453.55,3.46
2015-08-07,10.36,10.78,10.78,10.3,40775.31,0.51,4.97,10.006,9.822,9.643,87202.82,86451.63,96742.56,1.77
2015-08-10,11.22,11.32,11.28,10.91,102683.12,0.5,4.64,10.39,9.954,9.729,86834.15,88606.67,92231.49,4.46
2015-08-11,11.26,11.54,11.38,11.14,58589.52,0.09,0.8,10.732,10.146,9.83,79109.71,88462.55,87951.42,2.55
2015-08-12,11.28,11.98,11.66,11.17,69588.43,0.25,2.19,11.072,10.361,9.969,70237.6,85921.6,87972.42,3.03
2015-08-13,11.58,11.95,11.9,11.47,48450.15,0.25,2.15,11.4,10.612,10.142,64017.31,83716.75,85624.78,2.11
2015-08-14,11.98,12.5,11.99,11.85,68006.23,0.09,0.76,11.642,10.824,10.299,69463.49,78333.16,85128.7,2.96
2015-08-17,11.95,12.17,11.5,11.39,191645.09,-0.49,-4.09,11.686,11.038,10.409,87255.88,87045.02,89932.9,8.33
2015-08-18,11.38,11.88,10.93,10.93,121857.83,-0.58,-5.04,11.596,11.164,10.471,99909.55,89509.63,90330.01,5.3
2015-08-19,10.41,11.4,11.23,10.38,104882.06,0.3,2.75,11.51,11.291,10.543,106968.27,88602.93,90879.16,4.56
2015-08-20,11.18,11.53,11.3,11.02,74775.44,0.06,0.53,11.39,11.395,10.594,112233.33,88125.32,92690.8,3.25
2015-08-21,11.1,11.25,10.74,10.74,81948.99,-0.56,-4.96,11.14,11.391,10.607,115021.88,92242.69,89347.16,3.56
2015-08-24,10.22,10.49,10.2,10.2,14425.0,-0.54,-5.03,10.88,11.283,10.619,79577.86,83416.87,86011.77,0.63
2015-08-25,9.69,9.69,9.69,9.69,5267.0,-0.51,-5.0,10.632,11.114,10.63,56259.7,78084.62,83273.59,0.23
2015-08-26,9.21,9.5,9.21,9.21,63835.97,-0.48,-4.95,10.228,10.869,10.615,48050.48,77509.38,81715.49,2.78
2015-08-27,9.06,9.48,9.33,8.91,53498.41,0.12,1.3,9.834,10.612,10.612,43795.07,78014.2,80865.48,2.33
2015-08-28,9.35,9.77,9.77,9.3,50253.53,0.47,5.05,9.64,10.39,10.607,37455.98,76238.93,77286.04,2.18
2015-08-31,9.8,9.8,9.28,9.28,47596.4,-0.49,-5.01,9.456,10.168,10.603,44090.26,61834.06,74439.54,2.07
2015-09-01,9.3,9.33,8.82,8.82,32105.01,-0.46,-4.96,9.282,9.957,10.561,49457.86,52858.78,71184.2,1.4
2015-09-02,8.38,8.69,8.38,8.38,35254.67,-0.44,-4.99,9.116,9.672,10.482,43741.6,45896.04,67249.49,1.53
2015-09-07,8.49,8.64,8.45,8.22,41721.45,0.07,0.83,8.94,9.387,10.391,41386.21,42590.64,65357.98,1.81
2015-09-08,8.47,8.89,8.89,8.34,36868.02,0.42,4.96,8.764,9.202,10.297,38709.11,38082.55,65162.62,1.6
2015-09-09,9.0,9.33,9.33,8.89,44706.6,0.44,4.95,8.774,9.115,10.199,38131.15,41110.71,62263.79,1.94
2015-09-10,9.33,9.8,9.72,9.2,58200.8,0.39,4.18,8.954,9.118,10.116,43350.31,46404.09,62244.35,2.53
2015-09-11,9.65,9.88,9.67,9.51,45929.41,-0.06,-0.62,9.212,9.164,10.017,45485.26,44613.43,61061.4,2.0
2015-09-14,9.79,9.79,9.23,9.23,24968.28,-0.49,-5.04,9.368,9.154,9.883,42134.62,41760.42,59887.31,1.09
2015-09-15,8.77,9.07,8.77,8.77,19571.0,-0.46,-4.98,9.344,9.054,9.722,38675.22,38692.16,57465.55,0.85
2015-09-16,8.33,9.17,9.07,8.33,54036.39,0.3,3.42,9.292,9.033,9.601,40541.18,39336.16,50585.11,2.35
2015-09-17,8.89,9.08,8.7,8.61,37882.91,-0.36,-3.97,9.088,9.021,9.489,36477.6,39913.95,46386.37,1.65
2015-09-18,8.78,8.87,8.78,8.65,16605.03,0.06,0.69,8.91,9.061,9.367,30612.72,38048.99,41972.52,0.72
2015-09-21,8.7,9.04,8.98,8.56,16490.0,0.2,2.28,8.86,9.114,9.251,28917.07,35525.84,39058.24,0.72
2015-09-22,8.98,9.34,9.34,8.98,49126.58,0.36,4.01,8.974,9.159,9.181,34828.18,36751.7,37417.12,2.14
2015-09-23,9.25,9.4,9.25,9.06,37545.0,-0.07,-0.75,9.01,9.151,9.133,31529.9,36035.54,38573.12,1.63
2015-09-24,9.21,9.5,9.46,9.05,28524.99,0.21,2.27,9.162,9.125,9.122,29658.32,33067.96,39736.02,1.24
2015-09-25,9.31,9.41,8.94,8.94,27563.0,-0.47,-5.0,9.194,9.052,9.108,31849.91,31231.32,37922.37,1.2
2015-09-28,8.91,9.12,8.99,8.74,17392.82,0.05,0.56,9.196,9.028,9.091,32030.48,30473.77,36117.09,0.76
2015-09-29,8.89,8.9,8.81,8.75,12025.0,-0.18,-2.0,9.09,9.032,9.043,24610.16,29719.17,34205.67,0.52
2015-09-30,8.92,8.96,8.88,8.83,9086.0,0.05,0.57,9.016,9.013,9.023,18918.36,25224.13,32280.15,0.4
2015-10-08,9.1,9.15,9.01,9.0,33650.0,0.13,1.46,8.926,9.044,9.033,19943.36,24800.84,32357.4,1.46
2015-10-09,9.04,9.26,9.2,8.98,29360.0,0.19,2.11,8.978,9.086,9.074,20302.76,26076.34,32062.66,1.28
2015-10-12,9.22,9.67,9.59,9.22,39154.32,0.37,4.01,9.098,9.147,9.131,24655.06,28342.77,31934.31,1.7
2015-10-13,9.6,9.95,9.91,9.49,43607.62,0.33,3.44,9.318,9.204,9.182,30971.59,27790.88,32271.29,1.9
2015-10-14,9.89,9.97,9.73,9.63,41434.0,-0.17,-1.72,9.488,9.252,9.202,37441.19,28179.78,32107.66,1.8
2015-10-15,9.65,10.02,9.94,9.6,34179.83,0.22,2.26,9.674,9.3,9.213,37547.15,28745.26,30906.61,1.49
2015-10-16,9.97,10.18,10.12,9.85,48690.28,0.17,1.71,9.858,9.418,9.235,41413.21,30857.99,31044.65,2.12
2015-10-19,10.1,10.24,10.16,9.83,59174.33,0.08,0.79,9.972,9.535,9.282,45417.21,35036.14,32754.96,2.57
2015-10-20,10.16,10.41,10.33,10.06,48107.79,0.17,1.67,10.056,9.687,9.36,46317.25,38644.42,34181.79,2.09
2015-10-21,10.31,10.49,9.8,9.8,73166.61,-0.52,-5.04,10.07,9.779,9.396,52663.77,45052.48,35138.31,3.18
2015-10-22,9.73,10.14,10.14,9.71,49071.9,0.34,3.47,10.11,9.892,9.468,55642.18,46594.67,35697.75,2.13
2015-10-23,10.15,10.34,10.28,10.02,57330.77,0.14,1.38,10.142,10.0,9.543,57370.28,49391.75,37734.04,2.49
2015-10-26,10.32,10.63,10.57,10.18,48072.15,0.28,2.72,10.224,10.098,9.623,55149.84,50283.53,39313.15,2.09
2015-10-27,10.55,10.82,10.73,10.33,63251.82,0.17,1.61,10.304,10.18,9.692,58178.65,52247.95,40019.41,2.75
2015-10-28,10.72,10.88,10.5,10.43,49134.01,-0.24,-2.23,10.444,10.257,9.755,53372.13,53017.95,40598.86,2.14
2015-10-29,10.48,10.82,10.7,10.44,33453.3,0.25,2.39,10.556,10.333,9.817,50248.41,52945.3,40845.28,1.45
2015-10-30,10.68,11.05,10.97,10.54,45486.51,0.27,2.52,10.694,10.418,9.918,47879.56,52624.92,41741.45,1.98
2015-11-02,10.8,11.28,11.08,10.7,50410.99,0.11,1.0,10.796,10.51,10.023,48347.33,51748.59,43392.36,2.19
2015-11-03,11.08,11.38,11.34,11.03,41897.01,0.26,2.35,10.918,10.611,10.149,44076.36,51127.51,44885.96,1.82
2015-11-04,11.43,11.56,11.53,11.2,46819.56,0.21,1.85,11.124,10.784,10.282,43613.47,48492.8,46772.64,2.04
2015-11-05,11.48,11.62,11.37,11.33,39904.39,-0.16,-1.39,11.258,10.907,10.4,44903.69,47576.05,47085.36,1.73
2015-11-06,11.39,11.59,11.5,11.33,39923.56,0.13,1.14,11.364,11.029,10.515,43791.1,45835.33,47613.54,1.74
2015-11-09,11.48,11.53,11.47,11.27,39426.66,-0.03,-0.26,11.442,11.119,10.609,41594.24,44970.78,47627.15,1.71
2015-11-10,11.49,11.75,11.6,11.38,39268.44,0.12,1.04,11.494,11.206,10.693,41068.52,42572.44,47410.2,1.71
2015-11-11,11.6,12.14,12.08,11.53,45788.43,0.47,4.05,11.604,11.364,10.811,40862.3,42237.88,47627.92,1.99
2015-11-12,12.3,12.34,11.89,11.72,41552.5,-0.21,-1.74,11.708,11.483,10.908,41191.92,43047.81,47996.55,1.81
2015-11-13,11.8,12.07,11.92,11.66,29098.41,0.03,0.25,11.792,11.578,10.998,39026.89,41409.0,47016.96,1.27
2015-11-16,11.76,12.32,12.3,11.7,29770.3,0.39,3.27,11.958,11.7,11.105,37095.62,39344.93,45546.76,1.29
2015-11-17,12.48,12.7,12.27,12.04,34332.27,-0.02,-0.16,12.092,11.793,11.202,36108.38,38588.45,44857.98,1.49
2015-11-18,12.28,12.39,12.03,11.86,37936.73,-0.28,-2.27,12.082,11.843,11.314,34538.04,37700.17,43096.49,1.65
2015-11-19,11.92,12.09,12.03,11.79,45041.57,0.01,0.08,12.11,11.909,11.408,35235.86,38213.89,42894.97,1.96
2015-11-20,12.03,12.35,12.32,12.03,44981.35,0.29,2.41,12.19,11.991,11.51,38412.44,38719.67,42277.5,1.96
2015-11-23,12.26,12.45,12.11,12.05,60649.13,-0.21,-1.71,12.152,12.055,11.587,44588.21,40841.91,42906.35,2.64
2015-11-24,12.15,12.15,11.86,11.5,79512.66,-0.25,-2.06,12.07,12.081,11.644,53624.29,44866.34,43719.39,3.46
2015-11-25,11.88,12.04,12.03,11.7,55739.09,0.18,1.52,12.07,12.076,11.72,57184.76,45861.4,44049.64,2.42
2015-11-26,12.09,12.26,11.88,11.86,87585.04,-0.14,-1.17,12.04,12.075,11.779,65693.45,50464.65,46756.23,3.81
2015-11-27,11.85,12.04,11.3,11.3,81409.26,-0.59,-4.96,11.836,12.013,11.796,72979.04,55695.74,48552.37,3.54
2015-11-30,11.22,11.39,10.88,10.74,68133.23,-0.42,-3.72,11.59,11.871,11.786,74475.86,59532.03,49438.48,2.96
2015-12-01,10.9,11.27,11.15,10.8,60848.32,0.26,2.39,11.448,11.759,11.776,70742.99,62183.64,50386.05,2.65
2015-12-02,11.07,11.44,11.32,11.05,46740.41,0.18,1.62,11.306,11.688,11.766,68943.25,63064.01,50382.09,2.03
2015-12-03,11.38,11.89,11.89,11.26,59168.29,0.57,5.04,11.308,11.674,11.792,63259.9,64476.68,51345.28,2.57
2015-12-04,11.99,12.35,12.14,11.96,86713.92,0.25,2.1,11.476,11.656,11.824,64320.83,68649.94,53684.8,3.77
2015-12-07,12.15,12.75,12.75,12.1,93786.74,0.61,5.03,11.85,11.72,11.888,69451.54,71963.7,56402.8,4.08
2015-12-08,12.86,13.3,12.42,12.28,110353.81,-0.33,-2.59,12.104,11.776,11.929,79352.63,75047.81,59957.07,4.8
2015-12-09,12.39,12.84,12.59,12.29,50518.24,0.17,1.37,12.358,11.832,11.954,80108.2,74525.73,60193.56,2.2
2015-12-10,12.5,12.79,12.32,12.29,38930.53,-0.25,-1.99,12.444,11.876,11.976,76060.65,69660.27,60062.46,1.69
2015-12-11,12.3,12.67,12.51,12.2,39038.08,0.17,1.38,12.518,11.997,12.005,66525.48,65423.16,60559.45,1.7
2015-12-14,12.5,12.78,12.66,12.38,34818.38,0.13,1.04,12.5,12.175,12.023,54731.81,62091.67,60811.85,1.51
2015-12-15,12.64,13.04,12.9,12.58,60356.13,0.23,1.81,12.596,12.35,12.055,44732.27,62042.45,62113.05,2.62
2015-12-16,12.95,13.44,13.09,12.89,50104.71,0.13,1.0,12.696,12.527,12.108,44649.57,62378.88,62721.44,2.18
2015-12-17,13.1,13.47,13.3,13.1,32120.62,0.23,1.76,12.892,12.668,12.171,43287.58,59674.12,62075.4,1.4
2015-12-18,13.34,13.4,13.24,13.1,25300.46,-0.07,-0.53,13.038,12.778,12.217,40540.06,53532.77,61091.35,1.1
2015-12-21,13.23,13.45,13.42,13.17,29672.02,0.18,1.36,13.19,12.845,12.283,39510.79,47121.3,59542.5,1.29
2015-12-22,13.45,13.59,13.41,13.26,38364.13,0.0,0.0,13.292,12.944,12.36,35112.39,39922.33,57485.07,1.67
2015-12-23,13.42,13.42,13.14,13.08,44829.48,-0.26,-1.94,13.302,12.999,12.416,34057.34,39353.45,56939.59,1.95
2015-12-24,13.24,13.24,12.91,12.48,42585.2,-0.23,-1.75,13.224,13.058,12.467,36150.26,39718.92,54689.6,1.85
2015-12-25,12.91,13.23,13.2,12.85,30633.53,0.29,2.25,13.216,13.127,12.562,37216.87,38878.47,52150.81,1.33
2015-12-28,13.2,13.27,13.0,12.78,55867.0,-0.21,-1.59,13.132,13.161,12.668,42455.87,40983.33,51537.5,2.43
2015-12-29,12.89,13.1,13.07,12.7,34954.01,0.16,1.24,13.064,13.178,12.764,41773.84,38443.12,50242.78,1.52
2015-12-30,13.13,13.49,13.42,13.03,46546.93,0.36,2.76,13.12,13.211,12.869,42117.33,38087.34,50233.11,2.02
2015-12-31,13.48,13.55,13.15,13.09,21012.52,-0.28,-2.08,13.168,13.196,12.932,37802.8,36976.53,48325.32,0.91
2016-01-04,13.12,13.17,12.47,12.47,38007.81,-0.66,-5.03,13.022,13.119,12.949,39277.65,38247.26,45890.02,1.65
2016-01-05,11.85,12.04,11.85,11.85,56953.75,-0.62,-4.97,12.792,12.962,12.904,39495.0,40975.44,44048.37,2.48
2016-01-06,11.85,12.15,12.14,11.78,48582.39,0.29,2.45,12.606,12.835,12.89,42220.68,41997.26,40959.8,2.11
2016-01-07,11.87,11.88,11.51,11.51,11502.0,-0.61,-5.03,12.224,12.672,12.836,35211.69,38664.51,39008.98,0.5
2016-01-08,11.0,11.68,11.6,10.93,82352.41,0.09,0.78,11.914,12.541,12.8,47479.67,42641.24,41180.08,3.58
2016-01-11,11.35,11.47,10.99,10.99,37404.5,-0.58,-5.01,11.618,12.32,12.724,47359.01,43318.33,41098.4,1.63
2016-01-12,10.64,10.91,10.44,10.44,44071.0,-0.55,-5.0,11.336,12.064,12.613,44782.46,42138.73,41561.03,1.92
2016-01-13,10.56,10.68,9.92,9.92,46983.11,-0.52,-4.98,10.892,11.749,12.464,44462.6,43341.64,40892.38,2.04
2016-01-14,9.5,10.34,10.28,9.42,39176.01,0.36,3.63,10.646,11.435,12.323,49997.41,42604.55,40345.94,1.7
2016-01-15,10.2,10.8,10.66,10.14,81798.51,0.37,3.6,10.458,11.186,12.191,49886.63,48683.15,42829.84,3.56
2016-07-26,11.21,11.21,11.21,11.21,21343.0,0.53,4.96,10.502,11.06,12.09,46674.33,47016.67,42631.97,0.93
2016-07-27,11.77,11.77,11.3,11.3,202487.12,0.09,0.8,10.674,11.005,11.984,78357.55,61570.01,51272.72,8.8
2016-07-28,11.45,11.65,11.57,11.36,73474.8,0.24,2.12,11.004,10.948,11.892,83655.89,64059.25,53028.25,3.19
2016-07-29,11.62,12.17,12.17,11.61,79511.07,0.58,5.0,11.382,11.014,11.843,91722.9,70860.15,54762.33,3.46
2016-08-01,12.18,12.49,12.16,11.86,83260.55,-0.01,-0.08,11.682,11.07,11.806,92015.31,70950.97,56796.1,3.62
2016-08-02,12.1,12.77,12.73,12.1,75597.24,0.57,4.69,11.986,11.244,11.782,102866.16,74770.24,59044.29,3.29
2016-08-03,12.76,12.93,12.67,12.59,67714.3,-0.01,-0.08,12.26,11.467,11.766,75911.59,77134.57,59636.65,2.94
2016-08-04,12.54,12.89,12.85,12.54,49176.74,0.18,1.42,12.516,11.76,11.755,71051.98,77353.93,60347.79,2.14
2016-08-05,12.85,13.04,12.99,12.84,29446.74,0.14,1.09,12.68,12.031,11.733,61039.11,76381.01,59492.78,1.28
2016-08-08,13.0,13.0,12.58,12.34,55453.17,-0.41,-3.16,12.764,12.223,11.705,55477.64,73746.47,61214.81,2.41
2016-08-09,12.56,12.95,12.88,12.54,36283.33,0.31,2.47,12.794,12.39,11.725,47614.86,75240.51,61128.59,1.58
2016-08-10,12.82,13.01,12.91,12.82,24599.23,0.04,0.31,12.842,12.551,11.778,38991.84,57451.72,59510.86,1.07
2016-08-11,12.88,12.96,12.89,12.83,17727.0,0.01,0.08,12.85,12.683,11.816,32701.89,51876.94,57968.09,0.77
2016-08-12,12.92,12.98,12.9,12.81,25405.84,0.01,0.08,12.832,12.756,11.885,31893.71,46466.41,58663.28,1.1
2016-08-15,12.9,12.9,12.74,12.65,39094.38,-0.16,-1.24,12.864,12.814,11.942,28621.96,42049.8,56500.38,1.7
2016-08-16,12.74,13.0,12.81,12.69,23948.88,0.06,0.47,12.85,12.822,12.033,26155.07,36884.96,55827.6,1.04
2016-08-17,12.7,12.94,12.89,12.7,22016.01,0.09,0.7,12.846,12.844,12.156,25638.42,32315.13,54724.85,0.96
2016-08-18,12.97,12.97,12.9,12.86,13095.91,0.02,0.15,12.848,12.849,12.305,24712.2,28707.05,53030.49,0.57
2016-08-19,12.98,13.55,13.55,12.88,68574.05,0.65,5.04,12.978,12.905,12.468,33345.85,32619.78,54500.39,2.98
2016-08-22,13.57,14.15,13.91,13.39,53036.69,0.36,2.66,13.212,13.038,12.631,36134.31,32378.13,53062.3,2.31
2016-08-23,13.93,14.52,14.11,13.88,33212.07,0.21,1.51,13.472,13.161,12.776,37986.95,32071.01,53655.76,1.44
2016-08-24,14.06,14.59,14.43,14.06,19910.52,0.31,2.19,13.78,13.313,12.932,37565.85,31602.14,44526.93,0.87
2016-08-25,14.44,14.53,13.96,13.92,42293.01,-0.47,-3.26,13.992,13.42,13.052,43405.27,34058.74,42967.84,1.84
2016-08-26,14.09,14.68,14.68,14.09,35581.43,0.7,5.01,14.218,13.598,13.177,36806.74,35076.3,40771.35,1.55
2016-08-29,14.76,15.22,14.82,14.59,38871.81,0.14,0.95,14.4,13.806,13.31,33973.77,35054.04,38551.92,1.69
2016-08-30,14.9,14.92,14.73,14.45,27441.41,-0.13,-0.88,14.524,13.998,13.41,32819.64,35403.29,36144.13,1.19
2016-08-31,14.66,15.03,14.82,14.66,24087.55,0.08,0.54,14.602,14.191,13.518,33655.04,35610.44,33962.79,1.05
2016-09-01,14.85,14.97,14.68,14.67,19424.01,-0.13,-0.88,14.746,14.369,13.609,29081.24,36243.25,32475.15,0.84
2016-09-02,14.68,14.88,13.96,13.96,46215.01,-0.73,-4.97,14.602,14.41,13.658,31207.96,34007.35,33313.57,2.01
2016-09-05,13.71,14.66,14.66,13.71,38803.87,0.7,5.01,14.57,14.485,13.762,31194.37,32584.07,32481.1,1.69
2016-09-06,14.67,15.15,14.96,14.57,35041.4,0.3,2.05,14.616,14.57,13.866,32714.37,32767.0,32419.0,1.52
2016-09-07,14.86,15.28,15.22,14.86,38343.87,0.25,1.67,14.696,14.649,13.981,35565.63,34610.34,33106.24,1.67
2016-09-08,15.32,15.32,15.26,15.03,19355.46,0.05,0.33,14.812,14.779,14.1,35551.92,32316.58,33187.66,0.84
2016-09-09,15.29,15.83,15.56,15.2,34619.17,0.3,1.97,15.132,14.867,14.233,33232.75,32220.36,33648.33,1.51
2016-09-12,15.19,15.44,15.17,14.94,33232.01,-0.38,-2.44,15.234,14.902,14.354,32118.38,31656.38,33355.21,1.44
2016-09-13,15.22,15.5,15.3,15.22,13585.96,0.14,0.92,15.302,14.959,14.479,27827.29,30270.83,32837.06,0.59
2016-09-14,15.3,15.75,15.64,15.25,14868.01,0.33,2.15,15.386,15.041,14.616,23132.12,29348.88,32479.66,0.65
2016-09-19,15.69,16.41,16.38,15.5,38821.22,0.75,4.8,15.61,15.211,14.79,27025.27,31288.6,33765.93,1.69
2016-09-20,16.32,16.46,16.23,16.1,29367.75,-0.18,-1.1,15.744,15.438,14.924,25974.99,29603.87,31805.61,1.28
2016-09-21,16.27,16.54,15.97,15.9,38945.99,-0.3,-1.84,15.904,15.569,15.027,27117.79,29618.08,31101.08,1.69
2016-09-22,16.09,16.09,15.9,15.63,26802.62,-0.1,-0.62,16.024,15.663,15.117,29761.12,28794.21,30780.6,1.17
2016-09-23,15.85,16.14,15.91,15.85,13679.23,0.01,0.06,16.078,15.732,15.191,29523.36,26327.74,30469.04,0.59
2016-09-26,16.04,16.04,15.6,15.51,19116.02,-0.31,-1.95,15.922,15.766,15.273,25582.32,26303.8,29310.19,0.83
2016-09-27,15.54,15.6,15.1,15.03,33718.01,-0.49,-3.14,15.696,15.72,15.294,26452.37,26213.68,29217.02,1.47
2016-09-28,15.11,15.27,15.23,15.07,14512.01,0.13,0.86,15.548,15.726,15.314,21565.58,24341.68,27999.03,0.63
2016-09-29,15.23,15.84,15.59,15.15,15448.37,0.35,2.3,15.486,15.755,15.357,19294.73,24527.92,27399.38,0.67
2016-09-30,15.59,15.9,15.82,15.56,11808.0,0.23,1.48,15.468,15.773,15.407,18920.48,24221.92,26785.4,0.51
2016-10-10,15.95,15.95,15.75,15.67,21938.61,-0.1,-0.63,15.498,15.71,15.461,19485.0,22533.66,26911.13,0.95
2016-10-11,15.75,15.89,15.75,15.61,19543.77,0.0,0.0,15.628,15.662,15.55,16650.15,21551.26,25577.57,0.85
2016-10-12,15.65,15.75,15.75,15.55,12624.92,0.01,0.06,15.732,15.64,15.605,16272.73,18919.16,24268.62,0.55
2016-10-13,15.7,16.0,16.0,15.7,12728.42,0.27,1.72,15.814,15.65,15.657,15728.74,17511.74,23152.97,0.55
2016-10-14,15.96,15.97,15.81,15.61,19759.1,-0.19,-1.19,15.812,15.64,15.686,17318.96,18119.72,22223.73,0.86
2016-10-17,15.79,15.84,15.65,15.57,21318.02,-0.14,-0.89,15.792,15.645,15.706,17194.85,18339.92,22321.86,0.93
2016-10-18,15.74,15.79,15.72,15.52,21535.21,0.07,0.45,15.786,15.707,15.714,17593.13,17121.64,21667.66,0.94
2016-10-19,15.7,16.25,16.12,15.54,32420.51,0.4,2.54,15.86,15.796,15.761,21552.25,18912.49,21627.09,1.41
2016-10-20,16.14,16.42,16.11,16.03,16388.3,-0.01,-0.06,15.882,15.848,15.802,22284.23,19006.49,21767.2,0.71
2016-10-21,16.16,16.3,16.07,15.31,43822.53,-0.05,-0.31,15.934,15.873,15.823,27096.91,22207.94,23214.93,1.91
2016-10-24,16.18,16.65,16.46,16.1,26314.58,0.39,2.43,16.096,15.944,15.827,28096.23,22645.54,22589.6,1.14
2016-10-25,16.55,16.89,16.77,16.39,28135.91,0.32,1.95,16.306,16.046,15.854,29416.37,23504.75,22528.01,1.22
2016-10-26,16.79,17.57,17.27,16.74,30393.93,0.44,2.61,16.536,16.198,15.919,29011.05,25281.65,22100.4,1.32
2016-10-27,17.27,17.7,17.27,17.2,36366.01,0.0,0.0,16.768,16.325,15.988,33006.59,27645.41,22578.57,1.58
2016-10-28,17.37,17.37,17.2,17.09,20307.83,-0.08,-0.46,16.994,16.464,16.052,28303.65,27700.28,22910.0,0.88
2016-10-31,17.33,17.74,17.47,17.21,46457.96,0.26,1.51,17.196,16.646,16.146,32332.33,30214.28,24277.1,2.02
2016-11-01,17.44,17.55,17.5,17.3,15677.21,0.12,0.69,17.342,16.824,16.266,29840.59,29628.48,23375.06,0.68
2016-11-02,17.54,17.54,17.2,17.16,19755.03,-0.3,-1.71,17.328,16.932,16.364,27712.81,28361.93,23637.21,0.86
2016-11-03,17.16,17.28,16.85,16.8,25034.4,-0.34,-1.98,17.244,17.006,16.427,25446.49,29226.54,24116.51,1.09
2016-11-04,16.87,17.34,17.18,16.51,41216.01,0.33,1.96,17.24,17.117,16.495,29628.12,28965.89,25586.91,1.79
2016-11-07,16.88,17.47,17.08,16.88,19664.0,-0.1,-0.58,17.162,17.179,16.562,24269.33,28300.83,25473.18,0.85
2016-11-08,17.16,17.31,17.23,17.05,15226.33,0.15,0.88,17.108,17.225,16.636,24179.15,27009.87,25257.31,0.66
2016-11-09,17.28,17.34,17.24,16.89,19177.14,0.01,0.06,17.116,17.222,16.71,24063.58,25888.19,25584.92,0.83
2016-11-10,17.21,17.29,17.25,17.15,16488.52,0.02,0.12,17.196,17.22,16.773,22354.4,23900.44,25772.93,0.72
2016-11-11,17.14,17.34,17.24,17.1,14743.1,0.02,0.12,17.208,17.224,16.844,17059.82,23343.97,25522.13,0.64
2016-12-23,17.23,17.29,17.02,16.37,56267.56,-0.21,-1.22,17.196,17.179,16.913,24380.53,24324.93,27269.6,2.45
2016-12-26,16.86,17.38,17.03,16.68,29127.0,0.01,0.06,17.156,17.132,16.978,27160.66,25669.91,27649.19,1.27
2016-12-27,16.89,17.22,17.17,16.89,11802.2,0.14,0.82,17.142,17.129,17.031,25685.68,24874.63,26618.28,0.51
2016-12-28,17.05,17.24,17.07,16.51,14986.61,-0.1,-0.58,17.106,17.151,17.079,25385.29,23869.85,26548.19,0.65
2016-12-29,16.83,17.24,17.0,16.83,9042.21,-0.07,-0.41,17.058,17.133,17.125,24245.12,20652.47,24809.18,0.39
2016-12-30,16.92,17.18,17.02,16.82,12080.24,0.02,0.12,17.058,17.127,17.153,15407.65,19894.09,24097.46,0.53
2017-01-03,17.02,17.18,16.99,16.84,6485.83,-0.03,-0.18,17.05,17.103,17.164,10879.42,19020.04,23014.96,0.28
2017-01-04,17.03,17.03,16.92,16.87,8435.0,-0.07,-0.41,17.0,17.071,17.147,10205.98,17945.83,21917.01,0.37
2017-01-05,16.92,16.98,16.57,16.14,22976.0,-0.35,-2.07,16.9,17.003,17.112,11803.86,18594.58,21247.51,1.0
2017-01-06,16.35,16.69,16.16,16.15,17400.81,-0.41,-2.47,16.732,16.895,17.06,13475.58,18860.35,21102.16,0.76
2017-01-09,16.28,16.28,15.95,15.7,22637.5,-0.21,-1.3,16.518,16.788,16.984,15587.03,15497.34,19911.14,0.98
2017-01-10,15.96,16.17,15.95,15.86,7943.0,0.0,0.0,16.31,16.68,16.906,15878.46,13378.94,19524.42,0.35
2017-01-11,15.96,16.08,15.92,15.88,6159.81,-0.03,-0.19,16.11,16.555,16.842,15423.42,12814.7,18844.66,0.27
2017-01-12,15.92,15.99,15.58,15.35,15531.0,-0.34,-2.14,15.912,16.406,16.779,13934.42,12869.14,18369.49,0.68
2017-01-13,15.66,15.66,15.6,14.99,32096.7,0.02,0.13,15.8,16.266,16.7,16873.6,15174.59,17913.53,1.4
2017-01-16,15.58,15.6,15.27,14.82,29751.79,-0.33,-2.12,15.664,16.091,16.609,18296.46,16941.74,18417.92,1.29
2017-01-17,15.24,15.57,15.5,14.88,15652.23,0.23,1.51,15.574,15.942,16.523,19838.31,17858.38,18439.21,0.68
2017-01-18,15.58,15.85,15.78,15.49,10357.31,0.28,1.81,15.546,15.828,16.45,20677.81,18050.61,17998.22,0.45
2017-01-19,15.69,15.89,15.8,15.69,6128.0,0.02,0.13,15.59,15.751,16.377,18797.21,16365.81,17480.2,0.27
2017-01-20,15.88,16.55,16.45,15.79,16523.31,0.65,4.11,15.76,15.78,16.338,15682.53,16278.07,17569.21,0.72
2017-01-23,16.39,16.55,16.45,16.32,5873.12,0.0,0.0,15.996,15.83,16.309,10906.79,14601.63,15049.48,0.26
2017-01-24,16.59,16.99,16.95,16.39,18542.86,0.5,3.04,16.286,15.93,16.305,11484.92,15661.61,14520.28,0.81
2017-01-25,16.96,17.04,16.73,16.71,6939.0,-0.22,-1.3,16.476,16.011,16.283,10801.26,15739.53,14277.12,0.3
2017-01-26,16.75,17.19,16.96,16.75,10645.82,0.23,1.38,16.708,16.149,16.278,11704.82,15251.01,14060.08,0.46
2017-02-03,16.96,17.04,16.69,16.64,4513.0,-0.27,-1.59,16.756,16.258,16.262,9302.76,12492.64,13833.62,0.2
2017-02-06,16.7,16.78,16.58,16.52,5904.0,-0.11,-0.66,16.782,16.389,16.24,9308.94,10107.87,13524.8,0.26
2017-02-07,16.66,16.94,16.89,16.6,6629.28,0.31,1.87,16.77,16.528,16.235,6926.22,9205.57,13531.98,0.29
2017-02-08,16.81,16.97,16.9,16.81,8692.0,0.01,0.06,16.804,16.64,16.234,7276.82,9039.04,13544.83,0.38
2017-02-09,16.98,17.55,17.5,16.98,37429.09,0.6,3.55,16.912,16.81,16.281,12633.47,12169.15,14267.48,1.63
2017-02-10,17.49,17.83,17.38,17.36,18671.3,-0.12,-0.69,17.05,16.903,16.342,15465.13,12383.95,14331.01,0.81
2017-02-13,17.38,17.49,17.47,17.01,9175.0,0.09,0.52,17.228,17.005,16.418,16119.33,12714.13,13657.88,0.4
2017-02-14,17.53,17.58,17.37,17.36,12830.01,-0.1,-0.57,17.324,17.047,16.489,17359.48,12142.85,13902.23,0.56
2017-02-15,17.37,17.56,17.48,17.11,13206.01,0.11,0.63,17.44,17.122,16.567,18262.28,12769.55,14254.54,0.57
2017-02-16,17.4,17.58,17.56,17.39,11247.02,0.08,0.46,17.452,17.182,16.666,13025.87,12829.67,14040.34,0.49
2017-02-17,17.55,17.58,17.52,17.2,16408.0,-0.04,-0.23,17.48,17.265,16.762,12573.21,14019.17,13255.91,0.71
2017-02-20,17.51,18.25,18.24,17.45,38837.35,0.72,4.11,17.634,17.431,16.91,18505.68,17312.51,13710.19,1.69
2017-02-21,18.28,18.52,18.2,17.97,20465.83,-0.04,-0.22,17.8,17.562,17.045,20032.84,18696.16,13950.87,0.89
2017-02-22,18.2,18.46,18.46,18.07,16114.13,0.26,1.43,17.996,17.718,17.179,20614.47,19438.37,14238.71,0.7
2017-02-23,18.46,18.61,18.48,18.34,14466.32,0.02,0.11,18.18,17.816,17.313,21258.33,17142.1,14655.62,0.63
2017-02-24,18.56,18.77,18.71,18.3,13958.01,0.23,1.25,18.418,17.949,17.426,20768.33,16670.77,14527.36,0.61
2017-02-27,18.64,18.95,18.82,18.64,15644.71,0.11,0.59,18.534,18.084,17.545,16129.8,17317.74,15015.94,0.68
2017-02-28,18.84,19.27,19.11,18.84,19477.71,0.29,1.54,18.716,18.258,17.653,15932.18,17982.51,15062.68,0.85
2017-03-01,19.18,19.77,19.7,19.09,21529.12,0.59,3.09,18.964,18.48,17.801,17015.17,18814.82,15792.19,0.94
2017-03-02,19.8,19.95,18.95,18.72,34189.35,-0.75,-3.81,19.058,18.619,17.901,20959.78,21109.05,16969.36,1.49
2017-03-03,18.5,19.25,19.21,18.39,21541.34,0.26,1.37,19.158,18.788,18.027,22476.45,21622.39,17820.78,0.94
2017-03-06,19.2,19.59,19.32,19.01,13448.73,0.11,0.57,19.258,18.896,18.164,22037.25,19083.53,18198.02,0.58
2017-03-07,19.34,19.54,19.14,19.07,10273.7,-0.18,-0.93,19.264,18.99,18.276,20196.45,18064.31,18380.24,0.45
2017-03-08,19.24,19.29,19.09,18.56,13645.02,-0.05,-0.26,19.142,19.053,18.386,18619.63,17817.4,18627.89,0.59
2017-03-09,19.09,19.24,19.18,18.91,14421.02,0.09,0.47,19.188,19.123,18.47,14665.96,17812.87,17477.48,0.63
2017-03-10,19.24,19.24,19.0,18.92,12255.21,-0.18,-0.94,19.146,19.152,18.551,12808.74,17642.59,17156.68,0.53
2017-03-13,19.0,19.33,19.26,18.91,12155.16,0.26,1.37,19.134,19.196,18.64,12550.02,17293.64,17305.69,0.53
2017-03-14,19.26,19.32,19.21,19.08,5638.53,-0.05,-0.26,19.148,19.206,18.732,11622.99,15909.72,16946.11,0.25
2017-03-15,19.2,19.22,18.94,18.92,11211.0,-0.27,-1.41,19.118,19.13,18.805,11136.18,14877.91,16846.36,0.49
2017-03-16,19.09,19.24,19.1,18.89,7621.7,0.16,0.84,19.102,19.145,18.882,9776.32,12221.14,16665.1,0.33
2017-03-17,19.1,19.18,18.93,18.65,20989.63,-0.17,-0.89,19.088,19.117,18.953,11523.2,12165.97,16894.18,0.91
2017-03-20,18.86,19.09,18.92,18.83,7808.61,-0.01,-0.05,19.02,19.077,18.987,10653.89,11601.96,15342.74,0.34
2017-03-21,18.89,18.89,18.71,18.69,8202.0,-0.21,-1.11,18.92,19.034,19.012,11166.59,11394.79,14729.55,0.36
2017-03-22,18.62,18.88,18.7,18.62,8567.0,-0.01,-0.05,18.872,18.995,19.024,10637.79,10886.99,14352.19,0.37
2017-03-23,18.72,18.75,18.2,17.86,17206.12,-0.5,-2.67,18.692,18.897,19.01,12554.67,11165.5,14489.18,0.75
2017-03-24,18.16,18.16,17.79,17.77,18235.7,-0.41,-2.25,18.464,18.776,18.964,12003.89,11763.55,14703.07,0.79
2017-03-27,17.69,18.68,18.52,17.15,26993.35,0.73,4.1,18.384,18.702,18.949,15840.83,13247.36,15270.5,1.17
2017-03-28,18.47,18.57,18.38,18.29,9124.0,-0.14,-0.76,18.318,18.619,18.913,16025.23,13595.91,14752.81,0.4
2017-03-29,18.4,18.45,18.3,18.2,17214.04,-0.08,-0.43,18.238,18.555,18.843,17754.64,14196.22,14537.06,0.75
2017-03-30,18.44,18.44,17.96,17.9,13609.02,-0.34,-1.86,18.19,18.441,18.793,17035.22,14794.95,13508.04,0.59
2017-03-31,17.76,18.15,18.13,17.76,17271.02,0.17,0.95,18.258,18.361,18.739,16842.29,14423.09,13294.53,0.75
2017-04-05,18.01,18.62,18.55,17.96,11257.01,0.42,2.32,18.264,18.324,18.701,13695.02,14767.93,13184.94,0.49
2017-04-06,18.55,18.89,18.85,18.55,12966.39,0.3,1.62,18.358,18.338,18.686,14463.5,15244.37,13319.58,0.56
2017-04-07,18.85,19.55,19.4,18.71,20393.94,0.55,2.92,18.578,18.408,18.702,15099.48,16427.06,13657.02,0.89
2017-04-10,19.5,19.86,19.52,19.4,23312.0,0.12,0.62,18.89,18.54,18.719,17040.07,17037.65,14101.57,1.01
2017-04-11,19.52,19.65,19.52,19.2,15524.0,0.0,0.0,19.168,18.713,18.745,16690.67,16766.48,14265.01,0.67
2017-04-12,19.49,19.73,19.61,19.31,6853.91,0.09,0.46,19.38,18.822,18.762,15810.05,14752.53,13999.95,0.3
2017-04-13,19.62,20.14,20.04,19.61,15001.96,0.43,2.19,19.618,18.988,18.804,16217.16,15340.33,14468.12,0.65
2017-04-17,18.43,19.95,19.01,18.43,42498.03,-1.03,-5.14,19.54,19.059,18.807,20637.98,17868.73,16032.47,1.85
2017-04-18,19.0,19.19,18.92,18.6,42209.21,-0.09,-0.47,19.42,19.155,18.798,24417.42,20728.75,17761.85,1.84
2017-04-19,18.99,18.99,18.73,18.23,17722.0,-0.19,-1.0,19.262,19.215,18.788,24857.02,20773.85,17598.47,0.77
2017-04-20,18.73,18.94,18.83,18.25,17977.0,0.1,0.53,19.106,19.243,18.784,27081.64,21445.84,18106.88,0.78
2017-04-21,19.03,19.03,18.75,18.58,11241.01,-0.08,-0.42,18.848,19.233,18.786,26329.45,21273.31,18258.84,0.49
2017-04-24,18.5,18.5,18.29,17.5,19997.22,-0.46,-2.45,18.704,19.122,18.765,21829.29,21233.63,18830.35,0.87
2017-04-25,18.6,18.75,18.72,18.21,19742.41,0.43,2.35,18.664,19.042,18.791,17335.93,20876.68,18957.16,0.86
2017-04-26,18.84,18.86,18.78,18.0,11157.21,0.06,0.32,18.674,18.968,18.841,16022.97,20440.0,18603.24,0.49
2017-04-27,18.26,18.89,18.88,18.26,16292.01,0.1,0.53,18.684,18.895,18.859,15685.97,21383.81,18068.17,0.71
2017-04-28,18.92,19.58,19.44,18.8,22925.76,0.56,2.97,18.822,18.835,18.912,18022.92,22176.19,18758.26,1.0
2017-05-02,19.33,19.63,19.62,19.24,17956.0,0.18,0.93,19.088,18.896,18.978,17614.68,19721.98,18795.36,0.78
2017-05-03,19.63,19.7,19.6,19.37,21906.76,-0.02,-0.1,19.264,18.964,19.06,18047.55,17691.74,19210.24,0.95
2017-05-04,19.56,19.7,19.63,19.45,31268.34,0.03,0.15,19.434,19.054,19.135,22069.77,19046.37,19910.11,1.36
2017-05-05,19.5,19.6,19.22,18.8,8936.33,-0.41,-2.09,19.502,19.093,19.168,20598.64,18142.31,19794.07,0.39
2017-05-08,19.22,19.26,19.15,18.87,11693.35,-0.07,-0.36,19.444,19.133,19.183,18352.16,18187.54,19730.42,0.51
2017-05-09,19.03,19.2,19.1,18.71,15383.0,-0.05,-0.26,19.34,19.214,19.168,17837.56,17726.12,19479.88,0.67
2017-05-10,19.1,19.1,18.71,17.22,23586.47,-0.39,-2.04,19.162,19.213,19.128,18173.5,18110.52,19493.6,1.03
2017-05-11,18.69,18.69,18.27,17.82,34894.25,-0.44,-2.35,18.89,19.162,19.065,18898.68,20484.23,20462.11,1.52
2017-05-12,18.2,18.49,18.0,17.6,19372.66,-0.27,-1.48,18.646,19.074,18.985,20985.95,20792.29,21088.05,0.84
2017-05-15,17.82,18.21,17.79,17.52,18662.0,-0.21,-1.17,18.374,18.909,18.872,22379.68,20365.92,21271.05,0.81
2017-05-16,17.86,18.0,17.96,17.26,26457.0,0.17,0.96,18.146,18.743,18.82,24594.48,21216.02,20469.0,1.15
2017-05-17,18.0,18.24,18.02,17.83,14710.58,0.06,0.33,18.008,18.585,18.775,22819.3,20496.4,19094.07,0.64
2017-05-18,17.84,18.47,17.98,17.84,22357.58,-0.04,-0.22,17.95,18.42,18.737,20311.96,19605.32,19325.85,0.97
2017-05-19,17.98,18.15,17.96,17.82,4971.21,-0.02,-0.11,17.942,18.294,18.694,17431.67,19208.81,18675.56,0.22
2017-05-22,17.96,18.18,17.69,17.5,7902.0,-0.27,-1.5,17.922,18.148,18.641,15279.67,18829.68,18508.61,0.34
2017-05-23,17.42,17.88,17.4,17.04,26827.58,-0.29,-1.64,17.81,17.978,18.596,15353.79,19974.13,18850.13,1.17
2017-05-24,17.57,17.65,17.35,17.23,14475.0,-0.05,-0.29,17.676,17.842,18.528,15306.67,19062.99,18586.75,0.63
2017-05-25,17.36,17.53,17.4,16.48,78598.79,0.05,0.29,17.56,17.755,18.459,26554.92,23433.44,21958.83,3.42
2017-05-26,17.6,17.85,17.47,17.31,58360.18,0.07,0.4,17.462,17.702,18.388,37232.71,27332.19,24062.24,2.54
2017-05-31,17.55,17.7,17.43,17.01,79197.04,-0.04,-0.23,17.41,17.666,18.288,51491.72,33385.7,26875.81,3.44
2017-06-01,17.55,17.55,17.13,16.99,36699.0,-0.3,-1.72,17.356,17.583,18.163,53466.0,34409.9,27812.96,1.6
2017-06-02,17.13,17.28,17.11,16.92,27628.01,-0.02,-0.12,17.308,17.492,18.039,56096.6,35701.64,28099.02,1.2
2017-06-05,17.15,17.59,17.15,17.1,2960.4,0.04,0.23,17.258,17.409,17.915,40968.93,33761.92,26683.62,0.13
2017-06-06,17.3,17.3,16.88,16.81,8123.03,-0.27,-1.57,17.14,17.301,17.798,30921.5,34077.1,26642.96,0.35
2017-06-07,16.88,16.88,16.49,16.12,33475.88,-0.39,-2.31,16.952,17.181,17.665,21777.26,36634.49,27732.08,1.46
2017-06-08,16.48,16.48,16.41,16.27,17741.54,-0.08,-0.48,16.808,17.082,17.53,17985.77,35725.89,27850.01,0.77
2017-06-09,16.42,16.46,16.4,15.91,21426.26,-0.01,-0.06,16.666,16.987,17.415,16745.42,36421.01,27742.0,0.93
2017-06-12,16.28,16.48,16.44,15.98,12413.0,0.04,0.24,16.524,16.891,17.323,18635.94,29802.43,26617.94,0.54
2017-06-13,16.44,16.49,16.4,16.29,5502.02,-0.04,-0.24,16.428,16.784,17.243,18111.74,24516.62,25924.41,0.24
2017-06-14,16.33,16.46,16.4,16.08,7582.01,0.0,0.0,16.41,16.681,17.174,12932.97,17355.11,25370.41,0.33
2017-06-15,16.4,16.56,16.5,16.33,14023.01,0.1,0.61,16.428,16.618,17.101,12189.26,15087.52,24748.71,0.61
2017-06-16,16.57,17.29,17.22,16.24,32243.01,0.72,4.36,16.592,16.629,17.061,14352.61,15549.02,25625.33,1.4
2017-06-19,17.26,17.29,17.14,16.87,10025.51,-0.08,-0.47,16.732,16.628,17.019,13875.11,16255.53,25008.72,0.44
2017-06-20,17.14,17.3,17.14,16.9,9511.01,0.0,0.0,16.88,16.654,16.978,14676.91,16394.33,25235.71,0.41
2017-06-21,17.12,17.13,17.0,16.88,10578.06,-0.14,-0.82,17.0,16.705,16.943,15276.12,14104.54,25369.52,0.46
2017-06-22,16.81,17.14,16.97,16.81,25924.2,-0.03,-0.18,17.094,16.761,16.922,17656.36,14922.81,25324.35,1.13
2017-06-23,17.09,17.09,17.06,16.72,18908.98,0.09,0.53,17.062,16.827,16.907,14989.55,14671.08,25546.05,0.82
2017-06-26,17.09,17.37,17.16,17.07,11693.04,0.1,0.59,17.066,16.899,16.895,15323.06,14599.08,22200.76,0.51
2017-06-27,17.16,17.4,17.35,17.02,10739.64,0.19,1.11,17.108,16.994,16.889,15568.78,15122.85,19819.73,0.47
