,date,open,high,close,low,volume,price_change,p_change,ma5,ma10,ma20,v_ma5,v_ma10,v_ma20,turnover
2014-07-02,16.86,16.99,16.96,16.75,8761.28,0.1,0.59,16.96,16.96,16.96,8761.28,8761.28,8761.28,1.39
2014-07-03,16.96,17.08,17.01,16.86,8513.79,0.05,0.29,16.985,16.985,16.985,8637.54,8637.54,8637.54,1.36
2014-07-04,17.02,17.18,16.91,16.75,8641.78,-0.1,-0.59,16.96,16.96,16.96,8638.95,8638.95,8638.95,1.38
2014-07-07,16.95,16.95,16.84,16.81,5026.79,-0.07,-0.41,16.93,16.93,16.93,7735.91,7735.91,7735.91,0.8
2014-07-08,16.83,17.02,16.9,16.78,8278.6,0.06,0.36,16.924,16.924,16.924,7844.45,7844.45,7844.45,1.32
2014-07-09,16.82,16.98,16.63,16.55,7785.08,-0.27,-1.6,16.858,16.875,16.875,7649.21,7834.55,7834.55,1.24
2014-07-10,16.59,17.1,16.91,16.59,7914.95,0.28,1.68,16.838,16.88,16.88,7529.44,7846.04,7846.04,1.26
2014-07-11,16.94,17.2,17.07,16.83,6196.5,0.16,0.95,16.87,16.904,16.904,7040.38,7639.85,7639.85,0.99
2014-07-14,16.95,17.41,17.31,16.93,8374.06,0.24,1.41,16.964,16.949,16.949,7709.84,7721.43,7721.43,1.33
2014-07-15,17.4,17.4,17.1,16.97,6700.54,-0.21,-1.21,17.004,16.964,16.964,7394.23,7619.34,7619.34,1.07
2014-07-16,17.0,17.3,16.9,16.86,6100.35,-0.2,-1.17,17.058,16.958,16.958,7057.28,7353.24,7481.25,0.97
2014-07-17,16.9,16.94,16.92,16.63,4498.89,0.02,0.12,17.06,16.949,16.955,6374.07,6951.75,7232.72,0.72
2014-07-18,16.92,17.2,17.13,16.86,6391.69,0.21,1.24,17.072,16.971,16.968,6413.11,6726.75,7168.02,1.02
2014-07-21,17.09,17.19,17.0,16.89,4223.51,-0.13,-0.76,17.01,16.987,16.971,5583.0,6646.42,6957.7,0.67
2014-07-22,16.99,17.09,17.01,16.94,4368.91,0.01,0.06,16.992,16.998,16.973,5116.67,6255.45,6785.11,0.7
2014-07-23,17.04,17.15,16.89,16.8,7423.52,-0.12,-0.7,16.99,17.024,16.968,5381.3,6219.29,6825.02,1.18
2014-07-24,16.88,16.98,16.55,16.5,7465.41,-0.34,-2.01,16.916,16.988,16.944,5974.61,6174.34,6862.69,1.19
2014-07-25,16.53,16.71,16.62,16.53,4797.32,0.07,0.42,16.814,16.943,16.926,5655.73,6034.42,6747.94,0.76
2014-07-28,16.67,16.87,16.84,16.64,7628.0,0.22,1.32,16.782,16.896,16.921,6336.63,5959.81,6794.26,1.21
2014-07-29,16.87,17.1,17.06,16.71,8992.13,0.22,1.31,16.792,16.892,16.928,7261.28,6188.97,6904.15,1.43
2014-07-30,16.96,17.13,17.1,16.9,6042.78,0.04,0.23,16.834,16.912,16.935,6985.13,6183.22,6768.23,0.96
2014-07-31,17.09,17.09,17.05,16.97,6621.53,-0.05,-0.29,16.934,16.925,16.937,6816.35,6395.48,6673.62,1.05
2014-08-01,17.04,17.07,16.91,16.86,9209.69,-0.14,-0.82,16.992,16.903,16.937,7698.83,6677.28,6702.01,1.47
2014-08-04,16.9,17.1,17.0,16.78,11957.42,0.09,0.53,17.024,16.903,16.945,8564.71,7450.67,7048.54,1.9
2014-08-05,17.07,17.08,17.05,16.95,5372.04,0.05,0.29,17.022,16.907,16.953,7840.69,7550.98,6903.22,0.86
2014-08-06,17.06,17.23,17.19,16.96,13106.07,0.14,0.82,17.04,16.937,16.981,9253.35,8119.24,7169.27,2.09
2014-08-07,17.22,17.25,16.97,16.91,6112.44,-0.22,-1.28,17.024,16.979,16.984,9151.53,7983.94,7079.14,0.97
2014-08-08,17.0,17.3,17.24,16.8,12311.99,0.27,1.59,17.09,17.041,16.992,9771.99,8735.41,7384.91,1.96
2014-08-11,17.21,18.2,17.73,17.19,21826.27,0.49,2.84,17.236,17.13,17.013,11745.76,10155.24,8057.53,3.47
2014-08-12,17.66,18.49,18.44,17.52,26730.88,0.71,4.0,17.514,17.268,17.08,16017.53,11929.11,9059.04,4.25
2014-08-13,18.29,18.68,18.25,17.91,15629.03,-0.19,-1.03,17.726,17.383,17.148,16522.12,12887.74,9535.48,2.49
2014-08-14,18.25,18.59,18.14,18.0,11222.01,-0.11,-0.6,17.96,17.492,17.209,17544.04,13347.78,9871.63,1.79
2014-08-15,18.14,18.51,18.42,17.98,9050.81,0.28,1.54,18.196,17.643,17.273,16891.8,13331.9,10004.59,1.44
2014-08-18,18.41,19.8,19.51,18.39,24450.14,1.09,5.92,18.552,17.894,17.399,17416.57,14581.17,11015.92,3.89
2014-08-19,19.6,19.6,19.3,19.11,13973.54,-0.21,-1.08,18.724,18.119,17.513,14865.11,15441.32,11496.15,2.22
2014-08-20,19.11,20.08,19.95,19.11,13507.48,0.65,3.37,19.064,18.395,17.666,14440.8,15481.46,11800.35,2.15
2014-08-21,20.05,20.45,19.95,19.67,12653.17,0.0,0.0,19.426,18.693,17.836,14727.03,16135.53,12059.74,2.01
2014-08-22,19.97,20.11,19.99,19.73,9805.11,0.04,0.2,19.74,18.968,18.005,14877.89,15884.84,12310.13,1.56
2014-08-25,20.1,20.1,19.34,19.21,11817.06,-0.65,-3.25,19.706,19.129,18.13,12351.27,14883.92,12519.58,1.88
2014-08-26,19.3,19.74,19.2,19.05,10756.59,-0.14,-0.72,19.686,19.205,18.237,11707.88,13286.49,12607.8,1.71
2014-08-27,19.18,19.38,19.1,18.4,10298.43,-0.1,-0.52,19.516,19.29,18.337,11066.07,12753.43,12820.59,1.64
2014-08-28,18.91,19.23,18.86,18.8,7630.19,-0.24,-1.26,19.298,19.362,18.427,10061.48,12394.25,12871.02,1.21
2014-08-29,18.88,19.28,19.17,18.51,17254.86,0.31,1.64,19.134,19.437,18.54,11551.43,13214.66,13273.28,2.75
2014-09-01,19.4,20.39,20.0,19.11,18717.45,0.83,4.33,19.266,19.486,18.69,12931.5,12641.39,13611.28,2.98
2014-09-02,20.12,20.85,20.4,20.02,20145.05,0.4,2.0,19.506,19.596,18.858,14809.2,13258.54,14349.93,3.21
2014-09-03,20.4,20.56,20.3,20.2,10686.27,-0.1,-0.49,19.746,19.631,19.013,14886.76,12976.42,14228.94,1.7
2014-09-04,20.34,20.81,20.75,20.2,21902.34,0.45,2.22,20.124,19.711,19.202,17741.19,13901.33,15018.43,3.49
2014-09-05,20.65,21.65,21.25,20.45,22034.09,0.5,2.41,20.54,19.837,19.403,18697.04,15124.23,15504.54,3.51
2014-09-09,21.27,21.7,21.35,21.02,13446.96,0.1,0.47,20.81,20.038,19.584,17642.94,15287.22,15085.57,2.14
2014-09-10,21.3,22.35,22.0,21.01,26168.96,0.65,3.04,21.13,20.318,19.762,18847.72,16828.46,15057.48,4.17
2014-09-11,22.41,24.2,22.97,22.38,56781.77,0.97,4.41,21.664,20.705,19.998,28066.82,21476.79,17115.11,9.04
2014-09-12,22.66,25.22,24.63,22.66,41454.58,1.66,7.23,22.44,21.282,20.322,31977.27,24859.23,18626.74,6.6
2014-09-15,24.8,25.86,25.15,23.7,42683.42,0.52,2.11,23.22,21.88,20.659,36107.14,27402.09,20308.37,6.79
2014-09-16,24.84,25.44,23.72,23.51,30382.97,-1.43,-5.69,23.694,22.252,20.869,39494.34,28568.64,20605.01,4.84
2014-09-17,23.6,24.23,23.82,22.91,32054.73,0.1,0.42,24.058,22.594,21.095,40671.49,29759.61,21509.07,5.1
2014-09-18,23.72,24.84,24.3,23.65,22428.1,0.48,2.02,24.324,22.994,21.313,33800.76,30933.79,21955.11,3.57
2015-01-12,26.73,26.73,26.73,21.95,142638.5,2.43,10.0,24.744,23.592,21.652,54037.54,43007.41,28454.37,22.7
2015-01-13,25.15,29.2,26.66,25.13,104276.14,-0.07,-0.26,25.046,24.133,21.985,66356.09,51231.61,33177.92,16.6
2015-01-14,25.87,26.11,24.45,23.99,75611.17,-2.21,-8.29,25.192,24.443,22.241,75401.73,57448.03,36367.63,12.04
2015-01-15,23.88,24.87,24.32,23.31,45463.65,-0.13,-0.53,25.292,24.675,22.497,78083.51,59377.5,38102.98,7.24
2015-01-16,24.11,25.1,24.43,23.49,30466.43,0.11,0.45,25.318,24.821,22.763,79691.18,56745.97,39111.38,4.85
2015-01-19,24.0,25.17,22.9,22.45,41514.3,-1.53,-6.26,24.552,24.648,22.965,59466.34,56751.94,40805.59,6.61
2015-01-20,23.1,24.66,24.12,22.9,33415.78,1.22,5.33,24.044,24.545,23.213,45294.27,55825.18,41613.63,5.32
2015-01-21,24.16,25.09,24.81,23.9,36410.78,0.69,2.86,24.116,24.654,23.453,37454.19,56427.96,42498.3,5.8
2015-01-22,25.0,26.62,26.12,24.64,41954.75,1.31,5.28,24.476,24.884,23.739,36752.41,57417.96,43588.78,6.68
2015-01-23,26.03,26.17,25.49,25.27,27801.77,-0.63,-2.41,24.688,25.003,23.999,36219.48,57955.33,44444.56,4.43
2015-01-26,25.3,26.6,26.13,24.92,27520.48,0.64,2.51,25.334,24.943,24.268,33420.71,46443.53,44725.47,4.38
2015-01-27,25.93,27.45,27.06,25.83,31121.47,0.93,3.56,25.922,24.983,24.558,32961.85,39128.06,45179.84,4.95
2015-01-28,26.78,27.97,27.31,26.6,26250.57,0.25,0.92,26.422,25.269,24.856,30929.81,34192.0,45820.02,4.18
2015-01-29,26.9,27.85,27.4,26.33,30891.32,0.09,0.33,26.678,25.577,25.126,28717.12,32734.76,46056.13,4.92
2015-01-30,27.38,29.81,28.31,27.02,49122.37,0.91,3.32,27.242,25.965,25.393,32981.24,34600.36,45673.16,7.82
2015-02-02,28.0,29.6,29.05,27.66,38430.16,0.74,2.61,27.826,26.58,25.614,35163.18,34291.95,45521.94,6.12
2015-02-03,28.85,29.36,29.19,28.21,29347.89,0.14,0.48,28.252,27.087,25.816,34808.46,33885.16,44855.17,4.67
2015-02-04,28.9,30.1,29.68,28.65,27275.73,0.49,1.68,28.726,27.574,26.114,35013.49,32971.65,44699.8,4.34
2015-02-05,29.6,31.12,30.37,29.25,24947.58,0.69,2.33,29.32,27.999,26.442,33824.75,31270.93,44344.45,3.97
2015-02-06,30.29,31.0,28.69,28.52,30940.63,-1.68,-5.53,29.396,28.319,26.661,30188.4,31584.82,44770.07,4.93
2015-02-09,28.42,28.69,28.64,27.42,23135.16,-0.05,-0.17,29.314,28.57,26.757,27129.4,31146.29,38794.91,3.68
2015-02-10,28.29,28.87,28.22,27.96,11441.1,-0.42,-1.47,29.12,28.686,26.835,23548.04,29178.25,34153.15,1.82
2015-02-11,27.85,30.68,30.58,27.8,27449.99,2.36,8.36,29.3,29.013,27.141,23582.89,29298.19,31745.1,4.37
2015-02-12,30.38,32.4,31.3,30.05,23973.77,0.72,2.35,29.486,29.403,27.49,23388.13,28606.44,30670.6,3.82
2015-02-13,31.32,31.5,31.16,30.67,14223.6,-0.14,-0.45,29.98,29.688,27.827,20044.72,25116.56,29858.46,2.26
2015-02-16,31.16,31.62,31.26,30.71,13171.32,0.1,0.32,30.504,29.909,28.245,18051.96,22590.68,28441.31,2.1
2015-02-17,31.2,32.19,31.87,30.81,15211.17,0.61,1.95,31.234,30.177,28.632,18805.97,21177.01,27531.08,2.42
2015-02-25,31.8,32.0,31.48,31.33,9268.14,-0.39,-1.22,31.414,30.357,28.966,15169.6,19376.25,26173.95,1.48
2015-02-26,31.06,32.13,31.78,30.6,10112.91,0.3,0.95,31.51,30.498,29.249,12397.43,17892.78,24581.86,1.61
2015-02-27,31.6,31.6,31.4,31.09,8086.53,-0.38,-1.2,31.558,30.769,29.544,11170.01,15607.37,23596.09,1.29
2015-03-02,31.24,31.96,31.43,30.95,17472.25,0.03,0.1,31.592,31.048,29.809,12030.2,15041.08,23093.68,2.78
2015-03-03,31.4,31.4,30.82,30.3,15264.09,-0.61,-1.94,31.382,31.308,29.997,12040.78,15423.38,22300.81,2.43
2015-03-04,30.52,31.2,30.83,30.33,8142.78,0.01,0.03,31.252,31.333,30.173,11815.71,13492.66,21395.42,1.3
2015-03-05,30.85,32.68,32.6,30.6,31674.76,1.77,5.74,31.416,31.463,30.433,16128.08,14262.76,21434.6,5.04
2015-03-06,32.5,33.95,32.99,32.18,15445.85,0.39,1.2,31.734,31.646,30.667,17599.95,14384.98,19750.77,2.46
2015-03-09,32.77,33.6,33.47,31.85,16820.82,0.48,1.46,32.142,31.867,30.888,17469.66,14749.93,18670.3,2.68
2015-03-10,33.0,36.82,36.48,33.0,17549.75,3.01,8.99,33.274,32.328,31.253,17926.79,14983.79,18080.4,2.79
2015-03-11,36.0,40.13,40.13,35.7,27677.65,3.65,10.01,35.134,33.193,31.775,21833.77,16824.74,18100.49,4.41
2015-03-12,40.59,44.0,40.59,38.65,33257.54,0.46,1.15,36.732,34.074,32.286,22150.32,19139.2,18515.99,5.29
2015-03-13,41.5,41.5,39.88,38.5,17390.14,-0.71,-1.75,38.11,34.922,32.846,22539.18,20069.56,17838.47,2.77
2015-03-16,39.99,41.5,40.33,39.2,18671.16,0.45,1.13,39.482,35.812,33.43,22909.25,20189.45,17615.27,2.97
2015-03-17,40.18,40.18,39.18,38.81,19619.23,-1.15,-2.85,40.022,36.648,33.978,23323.14,20624.97,18024.17,3.12
2015-03-18,39.18,39.88,39.53,38.67,14850.13,0.35,0.89,39.902,37.518,34.426,20757.64,21295.7,17394.18,2.36
2015-03-19,39.07,39.97,39.67,39.0,13186.14,0.14,0.35,39.718,38.225,34.844,16743.36,19446.84,16854.8,2.1
2015-03-20,39.67,43.6,43.52,39.5,40413.78,3.85,9.71,40.446,39.278,35.462,21348.09,21943.63,18164.31,6.43
2015-03-23,43.27,45.0,44.61,42.17,22530.29,1.09,2.5,41.302,40.392,36.13,22119.91,22514.58,18632.26,3.59
2015-03-24,44.2,44.49,43.77,42.16,18173.72,-0.84,-1.88,42.22,41.121,36.725,21830.81,22576.98,18780.38,2.89
2015-03-25,43.02,44.89,43.94,42.65,12913.32,0.17,0.39,43.102,41.502,37.348,21443.45,21100.55,18962.64,2.06
2015-03-26,43.94,43.94,42.9,42.2,13138.81,-1.04,-2.37,43.748,41.733,37.904,21433.98,19088.67,19113.94,2.09
2015-03-27,42.6,43.78,43.32,42.6,6130.01,0.42,0.98,43.708,42.077,38.5,14577.23,17962.66,19016.11,0.98
2015-03-30,43.5,43.9,43.7,40.5,13805.26,0.38,0.88,43.526,42.414,39.113,12832.22,17476.07,18832.76,2.2
2015-03-31,44.1,44.1,43.17,42.8,9031.89,-0.53,-1.21,43.406,42.813,39.731,11003.86,16417.34,18521.15,1.44
2015-04-01,43.17,43.99,43.13,41.9,14213.1,-0.04,-0.09,43.244,43.173,40.346,11263.81,16353.63,18824.67,2.26
2015-04-02,43.0,43.5,43.4,42.6,14628.91,0.27,0.63,43.344,43.546,40.886,11561.83,16497.91,17972.38,2.33
2015-04-03,42.82,43.59,43.32,42.5,16166.13,-0.08,-0.18,43.344,43.526,41.402,13569.06,14073.14,18008.39,2.57
2015-04-07,43.4,47.55,46.41,42.86,31321.96,3.09,7.13,43.886,43.706,42.049,17072.4,14952.31,18733.45,4.99
2015-04-08,46.2,47.45,46.89,45.7,19900.32,0.48,1.03,44.63,44.018,42.57,19246.08,15124.97,18850.97,3.17
2015-04-09,46.36,46.36,44.39,43.15,15115.33,-2.5,-5.33,44.882,44.063,42.783,19426.53,15345.17,18222.86,2.41
2015-04-10,43.71,43.8,43.36,41.27,32875.55,-1.03,-2.32,44.874,44.109,42.921,23075.86,17318.85,18203.76,5.23
2015-04-13,42.8,43.5,42.7,42.01,15134.55,-0.66,-1.52,44.75,44.047,43.062,22869.54,18219.3,18090.98,2.41
2015-04-14,42.46,42.46,41.17,41.13,16051.19,-1.53,-3.58,43.702,43.794,43.104,19815.39,18443.89,17959.98,2.55
2015-04-15,41.39,45.0,44.9,41.17,40325.35,3.73,9.06,43.304,43.967,43.39,23900.39,21573.24,18995.29,6.42
2015-04-16,44.8,44.8,43.7,42.48,16026.09,-1.2,-2.67,43.166,44.024,43.599,24082.55,21754.54,19054.09,2.55
2015-04-17,43.35,44.98,44.28,42.35,21502.73,0.58,1.33,43.35,44.112,43.829,21807.98,22441.92,19469.91,3.42
2015-04-20,43.3,43.95,43.25,42.5,19743.81,-1.03,-2.33,43.46,44.105,43.816,22729.83,22799.69,18436.42,3.14
2015-04-21,42.52,44.5,44.01,42.5,16813.61,0.76,1.76,44.028,43.865,43.786,22882.32,21348.85,18150.58,2.68
2015-04-22,44.1,44.29,43.63,43.36,17305.0,-0.38,-0.86,43.774,43.539,43.779,18278.25,21089.32,18107.15,2.75
2015-04-23,43.66,43.85,42.48,42.03,22167.98,-1.15,-2.64,43.53,43.348,43.706,19506.63,21794.59,18569.88,3.53
2015-04-24,41.91,42.49,42.04,41.18,12251.69,-0.44,-1.04,43.082,43.216,43.663,17656.42,19732.2,18525.52,1.95
2015-04-27,42.19,43.76,43.27,41.66,24320.09,1.23,2.93,43.086,43.273,43.66,18571.67,20650.75,19435.03,3.87
2015-04-28,43.0,43.27,41.53,40.6,16545.49,-1.74,-4.02,42.59,43.309,43.552,18518.05,20700.18,19572.04,2.63
2015-04-29,41.29,42.2,41.88,40.5,10721.42,0.35,0.84,42.24,43.007,43.487,17201.33,17739.79,19656.52,1.71
2015-04-30,41.99,41.99,41.76,41.3,7134.18,-0.12,-0.29,42.096,42.813,43.419,14194.57,16850.6,19302.57,1.14
2015-05-04,41.17,42.0,41.69,40.7,9430.13,-0.07,-0.17,42.026,42.554,43.333,13630.26,15643.34,19042.63,1.5
2015-05-05,41.5,41.5,40.66,40.12,12192.73,-1.03,-2.47,41.504,42.295,43.2,11204.79,14888.23,18843.96,1.94
2015-05-06,40.49,41.51,40.74,40.18,13250.96,0.08,0.2,41.346,41.968,42.917,10545.88,14531.97,17940.41,2.11
2015-05-07,40.55,40.95,40.35,39.75,7151.98,-0.39,-0.96,41.04,41.64,42.59,9832.0,13516.67,17302.99,1.14
2015-05-08,40.75,42.14,42.05,40.09,19638.56,1.7,4.21,41.098,41.597,42.473,12332.87,13263.72,17529.15,3.13
2015-05-11,42.0,43.77,43.29,41.91,18233.92,1.24,2.95,41.418,41.722,42.469,14093.63,13861.95,16797.07,2.9
2015-05-12,42.97,46.0,45.59,42.97,24138.08,2.3,5.31,42.404,41.954,42.614,16482.7,13843.75,17247.25,3.84
2015-05-13,45.22,48.0,45.39,44.58,38599.31,-0.2,-0.44,43.334,42.34,42.825,21552.37,16049.13,18374.66,6.14
2015-05-14,45.35,47.68,45.91,44.9,24083.48,0.52,1.15,44.446,42.743,42.875,24938.67,17385.33,17562.56,3.83
2015-05-15,45.68,50.0,49.04,43.6,38713.29,3.13,6.82,45.844,43.471,43.142,28753.62,20543.24,18696.92,6.16
2015-05-18,47.8,50.78,49.89,47.0,35639.07,0.85,1.73,47.164,44.291,43.423,32234.65,23164.14,19403.74,5.67
2015-05-19,49.7,51.0,49.79,48.51,22072.81,-0.1,-0.2,48.004,45.204,43.75,31821.59,24152.15,19520.19,3.51
2015-05-20,49.7,53.5,50.94,48.5,29284.23,1.15,2.31,49.114,46.224,44.096,29958.58,25755.47,20143.72,4.66
2015-05-21,50.88,52.98,52.34,50.01,25727.49,1.4,2.75,50.4,47.423,44.532,30287.38,27613.02,20564.84,4.1
2015-05-22,52.39,53.2,52.27,48.4,36831.87,-0.07,-0.13,51.046,48.445,45.021,29911.09,29332.36,21298.04,5.86
2015-05-25,50.38,54.01,53.25,49.81,29547.32,0.98,1.88,51.718,49.441,45.582,28692.74,30463.7,22162.82,4.7
2015-05-26,52.98,55.6,54.44,52.55,26968.32,1.19,2.23,52.648,50.326,46.14,29671.85,30746.72,22295.23,4.29
2015-05-27,54.79,55.48,54.39,52.6,22764.05,-0.05,-0.09,53.338,51.226,46.783,28367.81,29163.19,22606.16,3.62
2015-05-28,54.18,55.98,51.61,51.5,33641.56,-2.78,-5.11,53.192,51.796,47.27,29950.62,30119.0,23752.17,5.35
2015-05-29,50.11,52.21,51.7,48.1,22355.01,0.09,0.17,53.078,52.062,47.767,27055.25,28483.17,24513.21,3.56
2015-06-01,51.0,54.95,54.25,51.0,23637.57,2.55,4.93,53.278,52.498,48.395,25873.3,27283.02,25223.58,3.76
2015-06-02,53.66,58.88,56.69,53.66,24992.53,2.44,4.5,53.728,53.188,49.196,25478.14,27575.0,25863.57,3.98
2015-06-03,57.49,57.49,56.46,54.71,27332.91,-0.23,-0.41,54.142,53.74,49.982,26391.92,27379.86,26567.67,4.35
2015-06-04,55.67,59.98,59.0,53.0,35810.4,2.54,4.5,55.62,54.406,50.915,26825.68,28388.15,28000.59,5.7
2015-06-05,60.09,64.9,64.9,59.01,43681.92,5.9,10.0,58.26,55.669,52.057,31091.07,29073.16,29202.76,6.95
2015-06-08,65.8,66.5,63.18,61.07,34803.77,-1.72,-2.65,60.046,56.662,53.052,33324.31,29598.8,30031.25,5.54
2015-06-09,62.2,63.14,62.18,60.88,21171.45,-1.0,-1.58,61.144,57.436,53.881,32560.09,29019.12,29882.92,3.37
2015-06-10,60.6,62.35,61.68,60.0,24941.43,-0.5,-0.8,62.188,58.165,54.696,32081.79,29236.86,29200.02,3.97
2015-06-11,61.08,66.49,66.29,60.8,23076.34,4.61,7.47,63.646,59.633,55.715,29534.98,28180.33,29149.67,3.67
2015-06-12,67.4,72.9,72.4,67.0,28128.65,6.11,9.22,65.146,61.703,56.883,26424.33,28757.7,28620.44,4.48
2015-06-15,72.0,72.43,70.87,68.0,17657.24,-1.53,-2.11,66.684,63.365,57.932,22995.02,28159.66,27721.34,2.81
2015-06-16,68.3,70.98,65.14,64.0,15612.98,-5.73,-8.09,67.276,64.21,58.699,21883.33,27221.71,27398.35,2.49
2015-06-17,65.0,68.83,68.8,62.01,17370.3,3.06,4.66,68.7,65.444,59.592,20369.1,26225.45,26802.66,2.76
2015-06-18,68.5,69.1,65.62,65.6,13417.96,-2.91,-4.25,68.566,66.106,60.256,18437.43,23986.2,26187.18,2.14
2015-06-19,64.3,64.5,62.0,59.38,15955.13,-3.98,-6.03,66.486,65.816,60.743,16002.72,21213.53,25143.34,2.54
2015-06-23,59.47,64.0,62.72,56.22,24364.11,0.88,1.42,64.856,65.77,61.216,17344.1,20169.56,24884.18,3.88
2015-06-24,62.99,67.1,66.9,62.99,33378.91,3.68,5.82,65.208,66.242,61.839,20897.28,21390.31,25204.71,5.31
2015-06-25,67.16,70.35,68.5,66.0,35402.24,1.59,2.38,65.148,66.924,62.544,24503.67,22436.39,25836.62,5.64
2015-06-26,65.0,66.3,61.12,61.12,19130.47,-6.79,-10.0,64.248,66.407,63.02,25646.17,22041.8,25111.07,3.05
2015-06-29,62.5,62.99,55.94,55.01,36308.36,-5.18,-8.47,63.036,64.761,63.232,29716.82,22859.77,25808.73,5.78
2015-06-30,55.0,58.0,57.99,50.54,34477.44,1.84,3.28,62.09,63.473,63.419,31739.48,24541.79,26350.73,5.49
2015-07-01,57.93,59.98,59.0,53.87,50940.47,1.33,2.31,60.51,62.859,63.535,35251.8,28074.54,27648.12,8.11
2015-07-02,55.0,57.85,53.03,53.03,22644.67,-5.89,-10.0,57.416,61.282,63.363,32700.28,28601.98,27413.71,3.6
2015-07-03,49.0,53.7,48.98,47.73,43223.14,-4.05,-7.64,54.988,59.618,62.862,37518.82,31582.49,27784.35,6.88
2015-07-06,53.0,53.0,43.96,43.96,45802.52,-4.88,-9.99,52.592,57.814,61.815,39417.65,34567.23,27890.38,7.29
2015-07-07,39.6,43.38,39.56,39.56,2933.0,-4.4,-10.01,48.906,55.498,60.634,33108.76,32424.12,26296.84,0.47
2015-07-08,35.6,35.6,35.6,35.6,162.0,-3.96,-10.01,44.226,52.368,59.305,22953.07,29102.43,25246.37,0.03
2015-07-09,32.04,39.16,39.16,32.04,137549.09,3.56,10.0,41.452,49.434,58.179,45933.95,39317.12,30876.75,21.89
2015-07-10,37.18,43.08,43.08,37.16,111973.53,3.92,10.01,40.272,47.63,57.019,59684.03,48601.42,35321.61,17.82
2015-07-13,42.3,46.29,44.48,40.0,98717.44,1.4,3.25,40.376,46.484,55.622,70267.01,54842.33,38851.05,15.71
2015-07-14,43.3,47.25,46.28,42.0,86729.67,1.79,4.02,41.72,45.313,54.393,87026.35,60067.55,42304.67,13.81
2015-07-15,46.09,47.0,41.48,41.48,60701.46,-4.61,-10.0,42.896,43.561,53.21,99134.24,61043.65,44559.1,9.66
2015-07-16,37.33,42.49,39.9,37.33,40485.82,-1.58,-3.81,43.044,42.248,51.765,79721.58,62827.77,45714.87,6.44
2015-07-17,42.91,43.91,43.91,41.94,33538.03,3.99,9.99,43.21,41.741,50.68,64034.48,61859.26,46720.88,5.34
2015-07-20,45.3,46.8,46.33,44.15,45087.03,2.42,5.51,43.58,41.978,49.896,53308.4,61787.71,48177.47,7.18
2015-07-21,45.45,48.44,47.48,44.19,27834.66,1.09,2.35,43.82,42.77,49.134,41529.4,64277.87,48351.0,4.43
2015-07-22,46.07,47.5,46.39,44.98,26237.31,-1.1,-2.32,44.802,43.849,48.109,34636.57,66885.4,47993.92,4.18
2015-07-23,46.0,48.32,47.81,45.0,34427.36,1.57,3.4,46.384,44.714,47.074,33424.88,56573.23,47945.17,5.48
2015-07-24,47.2,49.58,47.9,46.0,28592.91,-0.09,-0.19,47.182,45.196,46.413,32435.85,48235.17,48418.3,4.55
2015-07-27,46.2,48.0,42.85,42.85,24958.23,-4.76,-10.0,46.486,45.033,45.759,28410.09,40859.25,47850.79,3.97
2015-07-28,39.1,44.5,39.86,38.57,24362.9,-2.99,-6.98,44.962,44.391,44.852,27715.74,34622.57,47345.06,3.88
2015-07-29,41.34,42.5,42.3,39.3,37865.5,1.5,3.68,44.144,44.473,44.017,30041.38,32338.98,46691.31,6.03
2015-07-30,41.18,44.3,43.0,41.0,25911.14,0.77,1.82,43.182,44.783,43.516,28338.14,30881.51,46854.64,4.12
2015-07-31,41.66,42.96,41.0,40.0,12228.41,-1.99,-4.63,41.802,44.492,43.117,25065.24,28750.55,45304.9,1.95
2015-08-03,40.25,41.7,39.82,38.61,30937.0,-1.9,-4.55,41.196,43.841,42.91,26260.99,27335.54,44561.62,4.92
2015-08-04,39.68,43.9,43.84,39.68,16520.35,3.93,9.85,41.992,43.477,43.124,24692.48,26204.11,45240.99,2.63
2015-08-05,46.49,46.87,45.75,45.0,27486.62,1.94,4.43,42.682,43.413,43.631,22616.7,26329.04,46607.22,4.38
2015-08-06,43.8,48.1,46.93,43.01,24421.25,1.29,2.83,43.468,43.325,44.02,22318.73,25328.43,40950.83,3.89
2015-08-07,47.26,50.88,49.99,46.28,28305.43,3.03,6.45,45.266,43.534,44.365,25534.13,25299.68,36767.43,4.51
2015-08-10,50.5,52.5,50.92,49.97,45517.6,0.92,1.84,47.486,44.341,44.687,28450.25,27355.62,34107.43,7.25
2015-08-11,50.0,51.93,50.97,49.28,28464.27,0.05,0.1,48.912,45.452,44.922,30839.03,27765.76,31194.16,4.53
2015-08-12,49.4,50.45,49.25,48.01,19530.7,-1.49,-2.94,49.612,46.147,45.31,29247.85,25932.28,29135.63,3.11
2015-08-13,48.67,50.68,50.21,48.5,18186.08,1.08,2.2,50.268,46.868,45.826,28000.82,25159.77,28020.64,2.89
2015-08-14,50.5,54.48,52.4,50.5,23010.58,1.99,3.95,50.75,48.008,46.25,26941.85,26237.99,27494.27,3.66
2015-08-17,51.46,52.98,52.28,50.51,15303.92,-0.04,-0.08,51.022,49.254,46.548,20899.11,24674.68,26005.11,2.44
2015-08-18,51.5,52.46,47.0,46.8,23587.01,-5.0,-9.62,50.228,49.57,46.524,19923.66,25381.35,25792.73,3.75
2015-08-19,45.68,48.79,48.05,42.5,20523.92,1.05,2.23,49.988,49.8,46.607,20122.3,24685.08,25507.06,3.27
2015-08-20,47.21,47.99,47.9,46.21,12961.57,-0.19,-0.4,49.526,49.897,46.611,19077.4,23539.11,24433.77,2.06
2015-08-21,45.9,47.47,46.2,44.49,29172.98,-1.58,-3.31,48.286,49.518,46.526,20309.88,23625.86,24462.77,4.64
2015-08-24,42.35,44.98,41.89,41.89,14222.25,-4.65,-9.99,46.208,48.615,46.478,20093.55,20496.33,23925.97,2.26
2015-08-25,37.8,39.5,37.7,37.7,10360.31,-4.19,-10.0,44.348,47.288,46.37,17448.21,18685.93,23225.84,1.65
2015-08-26,37.48,40.0,39.0,34.0,35264.76,1.3,3.45,42.538,46.263,46.205,20396.37,20259.34,23095.81,5.61
2015-08-27,39.9,42.0,42.0,37.15,24549.81,3.01,7.72,41.358,45.442,46.155,22714.02,20895.71,23027.74,3.91
2015-08-28,42.01,44.36,44.0,41.5,15968.27,2.0,4.76,40.918,44.602,46.305,20073.08,20191.48,23214.73,2.54
2015-08-31,43.37,43.66,42.36,41.0,28407.61,-1.65,-3.75,41.012,43.61,46.432,22910.15,21501.85,23088.26,4.52
2015-09-01,41.81,42.5,38.18,38.15,13800.1,-4.17,-9.85,41.108,42.728,46.149,23598.11,20523.16,22952.25,2.2
2015-09-02,35.5,39.82,35.9,35.11,8554.3,-2.47,-6.44,40.488,41.513,45.657,18256.02,19326.2,22005.64,1.36
2015-09-07,36.1,38.2,34.84,34.3,13262.68,-1.12,-3.12,39.056,40.207,45.052,15998.59,19356.31,21447.71,2.11
2015-09-08,34.01,36.85,36.01,32.87,12297.86,1.17,3.36,37.458,39.188,44.353,15264.51,17668.79,20647.33,1.96
2015-09-09,36.5,38.13,37.59,35.5,16984.55,1.35,3.73,36.504,38.758,43.687,12979.9,17945.03,19220.68,2.7
2015-09-10,37.01,37.8,36.77,36.0,10427.92,-1.1,-2.9,36.222,38.665,42.977,12305.46,17951.79,18318.86,1.66
2015-09-11,37.16,37.57,37.2,35.74,7824.7,0.36,0.98,36.482,38.485,42.374,12159.54,15207.78,17733.56,1.25
2015-09-14,37.75,37.88,33.53,33.53,13959.11,-3.72,-9.99,36.22,37.638,41.54,12298.83,14148.71,17522.21,2.22
2015-09-15,33.0,33.32,30.18,30.18,10495.0,-3.35,-9.99,35.054,36.256,40.429,11938.26,13601.38,16896.43,1.67
2015-09-16,30.18,32.99,32.46,28.89,15410.13,2.28,7.55,34.028,35.266,39.438,11623.37,12301.63,16901.74,2.45
2015-09-17,31.31,33.46,32.5,31.02,15967.13,0.03,0.09,33.174,34.698,38.713,12731.21,12518.34,16520.75,2.54
2015-09-18,31.6,33.0,32.68,31.6,9521.92,0.71,2.22,32.27,34.376,37.945,13070.66,12615.1,15970.65,1.52
2015-09-21,31.68,34.1,33.78,31.68,6866.92,1.1,3.37,32.32,34.27,37.239,11652.22,11975.52,15665.92,1.09
2015-09-22,34.0,34.65,33.41,32.11,16843.6,-0.39,-1.15,32.966,34.01,36.599,12921.94,12430.1,15049.45,2.68
2015-09-23,32.28,33.78,33.17,32.03,11672.74,-0.22,-0.66,33.108,33.568,36.163,12174.46,11898.92,14921.97,1.86
2015-09-24,33.29,33.94,33.5,33.1,5664.07,0.4,1.21,33.308,33.241,35.953,10113.85,11422.53,14687.16,0.9
2015-09-25,33.8,34.98,34.5,32.7,32978.42,0.99,2.95,33.672,32.971,35.728,14805.15,13937.9,14572.84,5.25
2015-09-28,34.44,35.34,35.25,33.5,9909.81,0.82,2.38,33.966,33.143,35.391,15413.73,13532.97,13840.84,1.58
2015-09-29,34.53,35.97,35.4,34.16,10587.44,0.21,0.6,34.364,33.665,34.961,14162.5,13542.22,13571.8,1.69
2015-09-30,35.11,35.55,35.48,34.01,4080.44,0.07,0.2,34.826,33.967,34.617,12644.04,12409.25,12355.44,0.65
2015-10-08,36.35,37.49,37.39,35.82,9382.92,1.94,5.47,35.604,34.456,34.577,13387.81,11750.83,12134.58,1.49
2015-10-09,37.06,37.75,37.46,36.72,8029.54,0.07,0.19,36.196,34.934,34.655,8398.03,11601.59,12108.35,1.28
2015-10-12,37.22,40.21,39.87,37.22,19227.2,2.41,6.43,37.12,35.543,34.907,10261.51,12837.62,12406.57,3.06
2015-10-13,39.81,39.81,39.0,38.6,23178.38,-0.97,-2.43,37.84,36.102,35.056,12779.7,13471.1,12950.6,3.69
2015-10-14,38.68,39.37,37.99,37.3,16101.11,-1.01,-2.59,38.342,36.584,35.076,15183.83,13913.93,12906.43,2.56
2015-10-15,37.15,41.44,41.1,37.03,31633.62,3.43,9.11,39.084,37.344,35.293,19633.97,16510.89,13966.71,5.04
2015-10-16,40.58,41.44,41.4,40.0,14231.22,0.2,0.48,39.872,38.034,35.503,20874.31,14636.17,14287.04,2.27
2015-10-19,41.04,43.59,41.81,41.04,15488.71,0.51,1.24,40.26,38.69,35.917,20126.61,15194.06,14363.52,2.47
2015-10-20,41.68,43.66,43.31,40.8,24990.69,1.51,3.61,41.122,39.481,36.573,20489.07,16634.38,15088.3,3.98
2015-10-21,43.7,43.88,40.79,39.3,21793.62,-2.56,-5.91,41.682,40.012,36.99,21627.57,18405.7,15407.47,3.47
2015-10-22,40.39,43.0,42.87,40.37,15718.34,2.14,5.25,42.036,40.56,37.508,18444.52,19039.24,15395.04,2.5
2015-10-23,42.66,46.4,45.99,42.05,13609.56,3.11,7.25,42.954,41.413,38.174,18320.18,19597.25,15599.42,2.17
2015-10-26,46.32,47.9,47.2,45.06,13624.31,1.1,2.39,44.032,42.146,38.845,17947.3,19036.96,15937.29,2.17
2015-10-27,47.45,47.45,46.88,44.8,9874.07,-0.5,-1.05,44.746,42.934,39.518,14923.98,17706.53,15588.81,1.57
2015-10-28,47.0,47.88,45.48,44.4,9701.43,-1.29,-2.76,45.684,43.683,40.134,12505.54,17066.56,15490.25,1.54
2015-10-29,45.8,46.39,46.2,44.52,5737.32,0.74,1.63,46.35,44.193,40.769,10509.34,14476.93,15493.91,0.91
2015-10-30,46.0,47.5,46.4,45.45,5449.0,0.15,0.32,46.432,44.693,41.364,8877.23,13598.7,14117.44,0.87
2015-11-02,46.4,51.04,49.7,45.6,19292.04,3.3,7.11,46.932,45.482,42.086,10010.77,13979.04,14586.55,3.07
2015-11-03,50.51,51.4,47.95,47.1,14154.91,-1.8,-3.62,47.146,45.946,42.714,10866.94,12895.46,14764.92,2.25
2015-11-04,47.99,49.38,49.0,46.99,10783.38,1.12,2.34,47.85,46.767,43.39,11083.33,11794.44,15100.07,1.72
2015-11-05,49.22,49.79,46.98,45.88,16788.16,-2.24,-4.55,48.006,47.178,43.869,13293.5,11901.42,15470.33,2.67
2015-11-06,45.8,47.5,47.11,45.8,15250.13,0.37,0.79,48.148,47.29,44.352,15253.72,12065.48,15831.36,2.43
2015-11-09,46.5,50.99,49.91,46.04,18826.96,2.78,5.9,48.19,47.561,44.854,15160.71,12585.74,15811.35,3.0
2015-11-10,49.4,50.93,50.24,49.07,18390.74,0.2,0.4,48.648,47.897,45.416,16007.87,13437.41,15571.97,2.93
2015-11-11,50.19,55.23,55.23,50.18,29679.9,5.02,10.0,49.894,48.872,46.278,19787.18,15435.25,16250.91,4.72
2015-11-12,56.23,60.75,60.75,55.8,12946.03,5.52,9.99,52.648,50.327,47.26,19018.75,16156.13,15316.53,2.06
2015-11-13,65.0,66.0,61.54,60.75,31136.87,0.79,1.3,55.534,51.841,48.267,22196.1,18724.91,16161.81,4.96
2015-11-16,60.89,62.2,61.1,59.01,20481.52,-0.39,-0.63,57.772,52.981,49.232,22527.01,18843.86,16411.45,3.26
2015-11-17,60.84,62.51,60.72,59.29,18012.17,-0.72,-1.17,59.868,54.258,50.102,22451.3,19229.59,16062.52,2.87
2015-11-18,60.74,60.75,58.82,58.02,8227.96,-1.93,-3.18,60.586,55.24,51.004,18160.91,18974.04,15384.24,1.31
2015-11-19,58.89,61.5,60.37,58.89,12192.35,1.15,1.94,60.51,56.579,51.879,18010.17,18514.46,15207.94,1.94
2015-11-20,60.3,64.9,64.26,59.3,14993.89,3.77,6.23,61.054,58.294,52.792,14781.58,18488.84,15277.16,2.39
2015-11-23,63.5,68.4,64.41,62.0,13488.25,0.22,0.34,61.716,59.744,53.653,13382.92,17954.97,15270.35,2.15
2015-11-24,63.77,64.98,64.79,62.16,13187.52,0.25,0.39,62.53,61.199,54.548,12417.99,17434.65,15436.03,2.1
2015-11-25,65.42,71.32,71.32,64.33,20802.34,6.48,9.99,65.03,62.808,55.84,14932.87,16546.89,15991.07,3.31
2015-11-26,75.0,78.45,78.45,75.0,8172.13,7.13,10.0,68.646,64.578,57.453,14128.83,16069.5,16112.81,1.3
2015-11-27,82.0,83.89,77.98,72.51,41048.82,-0.47,-0.6,71.39,66.222,59.032,19339.81,17060.7,17892.8,6.53
2015-11-30,77.86,79.46,77.19,72.3,26269.47,-0.82,-1.05,73.946,67.831,60.406,21896.06,17639.49,18241.68,4.18
2015-12-01,76.8,81.81,70.96,70.32,18628.6,-6.97,-8.94,75.18,68.855,61.557,22984.27,17701.13,18465.36,2.97
2015-12-02,72.42,73.0,66.18,64.62,24944.68,-5.62,-7.83,74.152,69.591,62.416,23812.74,19372.81,19173.42,3.97
2015-12-03,67.6,69.45,68.5,66.5,14495.0,2.0,3.01,72.162,70.404,63.492,25077.31,19603.07,19058.77,2.31
2015-12-04,68.99,74.8,71.74,68.0,19614.21,3.25,4.75,70.914,71.152,64.723,20790.39,20065.1,19276.97,3.12
2015-12-07,72.2,76.0,73.95,70.01,12561.37,2.32,3.24,70.266,72.106,65.925,18048.77,19972.41,18963.69,2.0
2015-12-08,73.99,77.92,74.86,72.11,16277.76,1.0,1.35,71.046,73.113,67.156,17578.6,20281.44,18858.04,2.59
2015-12-09,75.5,76.0,75.6,72.21,12253.26,0.5,0.67,72.93,73.541,68.175,15040.32,19426.53,17986.71,1.95
2015-12-10,76.0,79.59,76.95,75.0,10173.84,1.19,1.57,74.62,73.391,68.985,14176.09,19626.7,17848.1,1.62
2015-12-11,76.0,76.0,72.5,72.01,10228.16,-4.02,-5.25,74.772,72.843,69.533,12298.88,16544.64,16802.67,1.63
2015-12-14,71.84,73.4,72.99,70.85,6429.21,0.75,1.04,74.58,72.423,70.127,11072.45,14560.61,16100.05,1.02
2015-12-15,75.0,78.9,77.79,74.16,11063.3,4.79,6.56,75.166,73.106,70.981,10029.55,13804.08,15752.61,1.76
2015-12-16,78.0,78.6,77.98,76.69,7222.65,0.67,0.87,75.642,74.286,71.939,9023.43,12031.88,15702.34,1.15
2015-12-17,77.98,85.2,81.48,77.98,12986.97,3.68,4.73,76.548,75.584,72.994,9586.06,11881.07,15742.07,2.07
2015-12-18,83.0,84.0,82.33,79.3,10351.89,-0.1,-0.12,78.514,76.643,73.898,9610.8,10954.84,15509.97,1.65
2015-12-21,82.0,83.6,82.66,79.03,11738.75,0.19,0.23,80.448,77.514,74.81,10672.71,10872.58,15422.5,1.87
2015-12-22,80.7,86.0,84.83,80.0,9279.87,2.15,2.6,81.856,78.511,75.812,10316.03,10172.79,15227.11,1.48
2015-12-23,84.8,89.58,86.0,83.6,9267.73,1.06,1.25,83.46,79.551,76.546,10725.04,9874.24,14650.38,1.48
2015-12-24,86.21,86.99,84.3,82.25,7563.19,-1.95,-2.26,84.024,80.286,76.839,9640.29,9613.17,14619.94,1.2
2015-12-25,85.97,88.74,88.3,84.87,6505.43,3.36,3.96,85.218,81.866,77.355,8870.99,9240.9,12892.77,1.04
2015-12-28,88.0,90.6,88.2,86.5,10230.63,0.0,0.0,86.326,83.387,77.905,8569.37,9621.04,12090.83,1.63
2015-12-29,87.76,88.58,84.35,84.15,7112.1,-3.82,-4.33,86.23,84.043,78.575,8135.82,9225.92,11515.0,1.13
2015-12-30,84.5,91.8,89.89,81.03,10488.8,5.54,6.57,87.008,85.234,79.76,8380.03,9552.54,10792.21,1.67
2015-12-31,88.2,88.99,87.52,83.83,12573.81,-2.18,-2.43,87.652,85.838,80.711,9382.15,9511.22,10696.15,2.0
2016-01-04,84.31,86.88,78.54,78.52,4144.0,-8.7,-9.97,85.7,85.459,81.051,8909.87,8890.43,9922.64,0.66
2016-01-05,72.3,79.77,77.94,71.0,9497.64,-0.6,-0.76,83.648,84.987,81.25,8763.27,8666.32,9769.45,1.51
2016-01-06,77.7,79.12,77.0,73.13,8926.46,-0.77,-0.99,82.178,84.204,81.357,9126.14,8630.98,9401.88,1.42
2016-01-07,74.05,75.56,71.0,70.0,2882.0,-6.0,-7.79,78.4,82.704,81.128,7604.78,7992.41,8933.32,0.46
2016-01-08,72.96,77.0,76.99,66.0,14618.36,5.64,7.91,76.294,81.973,81.13,8013.69,8697.92,9155.55,2.33
2016-01-11,74.98,75.79,72.48,72.08,9341.0,-4.47,-5.81,75.082,80.391,81.129,9053.09,8981.48,9111.19,1.49
2016-01-12,74.38,74.38,69.99,68.68,6721.82,-2.97,-4.07,73.492,78.57,80.979,8497.93,8630.6,9125.82,1.07
2016-01-13,71.0,71.0,66.7,65.0,9850.6,-3.18,-4.55,71.432,76.805,80.424,8682.76,8904.45,9065.19,1.57
2016-01-14,64.95,66.9,64.72,61.0,10262.09,-2.34,-3.49,70.176,74.288,79.761,10158.77,8881.78,9217.16,1.63
2016-01-15,63.5,64.2,58.44,58.44,9718.0,-6.49,-9.99,66.466,71.38,78.609,9178.7,8596.2,9053.71,1.55
2016-01-18,54.0,62.26,60.52,53.22,15927.39,2.08,3.56,64.074,69.578,77.518,10495.98,9774.54,9332.48,2.54
2016-01-19,58.9,61.98,61.05,57.0,11300.86,0.37,0.61,62.286,67.889,76.438,11411.79,9954.86,9310.59,1.8
2016-01-20,59.79,63.48,61.48,59.1,8943.11,0.38,0.62,61.242,66.337,75.271,11230.29,9956.52,9293.75,1.42
2016-01-21,59.71,61.93,55.32,55.31,7683.5,-6.14,-9.99,59.362,64.769,73.736,10714.57,10436.67,9214.54,1.22
2016-01-22,56.0,57.47,55.48,52.35,7941.91,0.14,0.25,58.77,62.618,72.295,10359.35,9769.03,9233.48,1.26
2016-01-25,55.88,57.32,57.0,54.97,6251.35,1.79,3.24,58.066,61.07,70.731,8424.15,9460.06,9220.77,1.0
2016-01-26,55.92,56.6,52.0,51.55,7239.21,-5.0,-8.77,56.256,59.271,68.921,7611.82,9511.8,9071.2,1.15
2016-01-27,52.49,53.3,53.3,47.2,9475.21,1.12,2.15,54.62,57.931,67.368,7718.24,9474.26,9189.36,1.51
2016-01-28,50.2,51.6,47.0,46.99,5534.23,-5.12,-9.82,52.956,56.159,65.224,7288.38,9001.48,8941.63,0.88
2016-01-29,46.29,49.51,48.65,46.29,7729.33,1.36,2.88,51.59,55.18,63.28,7245.87,8802.61,8699.4,1.23
2016-02-01,48.5,50.01,48.79,47.65,5174.14,0.35,0.72,49.948,54.007,61.793,7030.42,7727.29,8750.91,0.82
2016-02-02,49.3,51.88,51.68,48.2,6211.1,2.98,6.12,49.884,53.07,60.48,6824.8,7218.31,8586.58,0.99
2016-02-03,51.2,51.2,50.5,49.5,6891.01,-1.14,-2.21,49.324,51.972,59.155,6307.96,7013.1,8484.81,1.1
2016-02-04,50.3,52.77,52.6,50.1,6198.38,2.08,4.12,50.444,51.7,58.235,6440.79,6864.59,8650.63,0.99
2016-02-05,52.51,53.99,52.1,51.55,6004.49,-0.26,-0.5,51.134,51.362,56.99,6095.82,6670.84,8219.94,0.96
2016-02-15,49.56,52.88,52.45,47.88,4972.04,0.38,0.73,51.866,50.907,55.989,6055.4,6542.91,8001.49,0.79
2016-02-16,52.09,55.1,55.08,52.05,8167.74,2.83,5.42,52.546,51.215,55.243,6446.73,6635.77,8073.78,1.3
2016-02-17,54.62,55.4,54.81,53.7,6179.26,-0.26,-0.47,53.408,51.366,54.649,6304.38,6306.17,7890.22,0.98
2016-02-18,55.58,56.0,54.18,54.0,6975.31,-0.62,-1.13,53.724,52.084,54.122,6459.77,6450.28,7725.88,1.11
2016-02-19,53.8,54.77,53.28,52.9,5061.56,-0.9,-1.66,53.96,52.547,53.864,6271.18,6183.5,7493.06,0.81
2016-02-22,54.63,54.98,53.48,53.44,8479.21,0.2,0.38,54.166,53.016,53.512,6972.62,6514.01,7120.65,1.35
2016-02-23,53.7,53.7,51.72,51.0,8787.47,-1.76,-3.29,53.494,53.02,53.045,7096.56,6771.65,6994.98,1.4
2016-02-24,52.1,52.57,51.0,48.01,8669.23,-0.95,-1.83,52.732,53.07,52.521,7594.56,6949.47,6981.28,1.38
2016-02-25,50.43,50.82,45.86,45.86,8887.07,-5.09,-9.99,51.068,52.396,52.048,7976.91,7218.34,7041.46,1.41
2016-02-26,46.82,46.82,45.98,43.65,7265.0,0.12,0.26,49.608,51.784,51.573,8417.6,7344.39,7007.62,1.16
2016-02-29,45.0,45.0,41.14,41.14,8156.74,-4.57,-10.0,47.14,50.653,50.78,8353.1,7662.86,7102.89,1.3
2016-03-01,41.14,42.38,41.53,37.86,8131.15,0.39,0.95,45.102,49.298,50.257,8221.84,7659.2,7147.48,1.29
2016-03-02,41.06,43.5,42.86,40.99,9938.09,1.32,3.18,43.474,48.103,49.735,8475.61,8035.08,7170.63,1.58
2016-03-03,42.93,44.82,43.1,42.92,9977.48,0.15,0.35,42.922,46.995,49.54,8693.69,8335.3,7392.79,1.59
2016-03-04,42.9,43.07,41.0,39.01,7153.15,-2.12,-4.92,41.926,45.767,49.157,8671.32,8544.46,7363.98,1.14
2016-03-07,40.63,45.09,45.09,40.63,15020.78,4.1,10.0,42.716,44.928,48.972,10044.13,9198.62,7856.31,2.39
2016-03-08,45.5,49.3,47.4,42.55,13945.2,2.31,5.12,43.89,44.496,48.758,11206.94,9714.39,8243.02,2.22
2016-03-09,46.9,50.3,47.99,45.0,10774.85,0.46,0.97,44.916,44.195,48.633,11374.29,9924.95,8437.21,1.72
2016-03-10,47.77,48.78,46.45,46.18,6168.62,-1.52,-3.17,45.586,44.254,48.325,10612.52,9653.11,8435.72,0.98
2016-03-11,45.8,47.81,46.68,44.75,5240.96,-0.11,-0.23,46.722,44.324,48.054,10230.08,9450.7,8397.55,0.83
2016-03-14,46.99,49.99,48.28,46.5,6219.48,1.7,3.65,47.36,45.038,47.846,8469.82,9256.98,8459.92,0.99
2016-03-15,47.78,48.74,47.68,47.22,4246.91,-0.76,-1.57,47.416,45.653,47.476,6530.16,8868.55,8263.88,0.68
2016-03-16,48.0,49.48,47.7,47.38,5744.22,-0.23,-0.48,47.358,46.137,47.12,5524.04,8449.16,8242.12,0.91
2016-03-17,47.7,51.2,51.16,47.47,12781.02,3.46,7.25,48.3,46.943,46.969,6846.52,8729.52,8532.41,2.03
2016-03-18,50.88,54.5,53.7,50.2,11118.68,2.53,4.94,49.704,48.213,46.99,8022.06,9126.07,8835.27,1.77
2016-03-21,54.9,55.5,54.38,53.06,7439.41,0.62,1.15,50.924,49.142,47.035,8266.05,8367.94,8783.28,1.18
2016-03-22,54.0,55.93,55.05,53.65,6993.0,0.3,0.55,52.398,49.907,47.202,8815.27,7672.72,8693.55,1.11
2016-03-23,54.3,55.04,54.44,53.7,4324.48,-0.62,-1.13,53.746,50.552,47.374,8531.32,7027.68,8476.31,0.69
2016-03-24,53.8,55.0,53.7,53.0,5737.25,-0.72,-1.32,54.254,51.277,47.766,7122.56,6984.54,8318.82,0.91
2016-03-25,53.01,54.8,54.42,53.01,3453.16,0.72,1.34,54.398,52.051,48.188,5589.46,6805.76,8128.23,0.55
2016-03-28,54.3,55.44,50.7,50.5,13189.63,-3.71,-6.82,53.662,52.293,48.666,6739.5,7502.78,8379.88,2.1
2016-03-29,51.3,51.46,48.03,47.81,9551.23,-3.16,-6.17,52.258,52.328,48.991,7251.15,8033.21,8450.88,1.52
2016-03-30,48.77,52.14,51.79,48.77,7151.22,3.17,6.52,51.728,52.737,49.437,7816.5,8173.91,8311.54,1.14
2016-03-31,52.26,52.64,51.48,50.89,11914.63,-0.32,-0.62,51.284,52.769,49.856,9051.97,8087.27,8408.39,1.89
2016-04-01,51.44,51.48,51.21,50.5,5187.29,-0.23,-0.45,50.642,52.52,50.367,9398.8,7494.13,8310.1,0.82
2016-04-05,51.5,53.5,53.08,51.28,6376.79,2.0,3.92,51.118,52.39,50.766,8036.23,7387.87,7877.9,1.01
2016-04-06,52.7,55.88,55.5,52.3,9966.55,2.43,4.58,52.612,52.435,51.171,8119.3,7685.22,7678.97,1.58
2016-04-07,57.18,60.8,58.01,57.16,14665.68,2.52,4.54,53.856,52.792,51.672,9622.19,8719.34,7873.51,2.33
2016-04-08,57.01,57.02,56.12,55.0,8958.36,-1.96,-3.38,54.784,53.034,52.156,9030.93,9041.45,8013.0,1.42
2016-04-11,56.43,58.5,57.6,56.0,9388.9,1.51,2.69,56.062,53.352,52.702,9871.26,9635.03,8220.39,1.49
2016-04-12,57.2,57.57,55.6,55.0,5159.72,-2.05,-3.56,56.566,53.842,53.068,9627.84,8832.04,8167.41,0.82
2016-04-13,56.16,58.5,57.9,55.45,7133.03,2.25,4.04,57.046,54.829,53.579,9061.14,8590.22,8311.71,1.13
2016-04-14,58.88,58.88,57.88,57.02,4055.2,0.0,0.0,57.02,55.438,54.088,6939.04,8280.62,8227.26,0.64
2016-04-15,58.01,58.37,58.1,57.06,4689.46,0.23,0.4,57.416,56.1,54.435,6085.26,7558.1,7822.68,0.75
2016-04-18,57.52,57.96,55.8,55.02,5154.36,-2.21,-3.81,57.056,56.559,54.54,5238.35,7554.8,7524.47,0.82
2016-04-19,56.3,56.81,56.4,55.57,3679.97,0.56,1.0,57.216,56.891,54.641,4942.4,7285.12,7336.5,0.59
2016-04-20,56.5,56.75,52.2,51.55,7924.34,-4.12,-7.32,56.076,56.561,54.498,5100.67,7080.9,7383.06,1.26
2016-04-21,52.2,53.38,52.1,51.01,6492.12,-0.09,-0.17,54.92,55.97,54.381,5588.05,6263.55,7491.44,1.03
2016-04-22,50.8,53.58,53.38,50.51,5824.02,1.27,2.44,53.976,55.696,54.365,5814.96,5950.11,7495.78,0.93
2016-04-25,53.0,53.7,52.88,52.0,3510.64,-0.49,-0.92,53.392,55.224,54.288,5486.22,5362.29,7498.66,0.56
2016-04-26,52.5,53.24,52.66,51.4,5159.05,-0.24,-0.45,52.644,54.93,54.386,5782.03,5362.22,7097.13,0.82
2016-04-27,52.8,53.19,52.97,52.43,5784.19,0.35,0.67,52.798,54.437,54.633,5354.0,5227.34,6908.78,0.92
2016-04-28,52.71,52.88,52.3,51.13,5175.64,-0.59,-1.12,52.838,53.879,54.659,5090.71,5339.38,6810.0,0.82
2016-04-29,51.95,52.79,52.29,51.51,2640.28,0.01,0.02,52.62,53.298,54.699,4453.96,5134.46,6346.28,0.42
2016-05-03,52.11,54.5,54.0,52.11,6089.14,1.44,2.74,52.844,53.118,54.839,4969.66,5227.94,6391.37,0.97
2016-05-04,54.0,57.56,56.0,53.33,8611.57,1.74,3.21,53.512,53.078,54.985,5660.16,5721.1,6503.11,1.37
2016-05-05,55.88,57.39,56.25,55.75,5503.95,0.25,0.45,54.168,53.483,55.022,5604.12,5479.06,6279.98,0.88
2016-05-06,56.46,56.46,53.76,53.16,5606.03,-2.51,-4.46,54.46,53.649,54.81,5690.19,5390.45,5827.0,0.89
2016-05-09,52.5,52.52,51.0,51.0,6215.77,-2.71,-5.05,54.202,53.411,54.554,6405.29,5429.63,5689.87,0.99
2016-05-10,51.13,51.64,49.88,49.36,5555.45,-1.22,-2.39,53.378,53.111,54.168,6298.55,5634.11,5498.2,0.88
2016-05-11,50.02,50.6,49.68,47.8,6071.23,-0.2,-0.4,52.114,52.813,53.872,5790.49,5725.33,5543.77,0.97
2016-05-12,48.98,49.78,49.5,48.07,3640.8,-0.2,-0.4,50.764,52.466,53.452,5417.86,5510.99,5369.16,0.58
2016-05-13,49.01,50.55,49.36,49.0,2606.9,-0.21,-0.42,49.884,52.172,53.026,4818.03,5254.11,5296.75,0.41
2016-05-16,49.45,50.99,50.96,49.17,3440.68,1.57,3.18,49.876,52.039,52.669,4263.01,5334.15,5234.31,0.55
2016-05-17,50.95,51.44,50.73,50.21,3165.76,-0.22,-0.43,50.046,51.712,52.415,3785.07,5041.81,5134.88,0.5
2016-05-18,50.01,50.06,48.5,48.12,3113.78,-2.23,-4.4,49.81,50.962,52.02,3193.58,4492.04,5106.57,0.5
2016-05-19,48.63,50.45,49.0,48.25,4124.0,0.45,0.93,49.71,50.237,51.86,3290.22,4354.04,4916.55,0.66
2016-05-20,48.8,50.38,50.28,48.3,3642.4,1.3,2.65,49.894,49.889,51.769,3497.32,4157.68,4774.06,0.58
2016-05-23,50.6,51.5,50.54,50.0,4449.17,0.27,0.54,49.81,49.843,51.627,3699.02,3981.02,4705.32,0.71
2016-05-24,50.2,50.37,49.82,49.02,3172.49,-0.77,-1.52,49.628,49.837,51.474,3700.37,3742.72,4688.41,0.5
2016-05-25,49.77,50.97,50.11,49.72,4859.38,0.39,0.78,49.95,49.88,51.347,4049.49,3621.54,4673.43,0.77
2016-05-26,50.0,51.44,51.18,48.38,4590.26,1.05,2.1,50.386,50.048,51.257,4142.74,3716.48,4613.73,0.73
2016-05-27,51.1,51.47,50.95,50.25,3236.04,-0.21,-0.41,50.52,50.207,51.19,4061.47,3779.4,4516.75,0.51
2016-05-30,50.97,51.89,51.3,50.01,4736.67,0.33,0.65,50.672,50.241,51.14,4118.97,3909.0,4621.57,0.75
2016-05-31,51.2,54.2,54.16,51.2,8460.14,2.73,5.31,51.54,50.584,51.148,5176.5,4438.43,4740.12,1.35
2016-06-01,54.34,55.48,54.56,53.52,8205.09,0.47,0.87,52.43,51.19,51.076,5845.64,4947.56,4719.8,1.3
2016-06-02,54.64,56.65,56.0,54.44,9116.31,1.45,2.66,53.394,51.89,51.064,6750.85,5446.8,4900.42,1.45
2016-06-03,55.96,56.55,56.2,55.08,9868.55,0.2,0.36,54.444,52.482,51.186,8077.35,6069.41,5113.54,1.57
2016-06-06,56.0,56.04,54.6,53.87,9738.57,-1.61,-2.86,55.104,52.888,51.366,9077.73,6598.35,5289.68,1.55
2016-06-07,54.8,55.69,55.23,54.15,6313.79,0.56,1.02,55.318,53.429,51.633,8648.46,6912.48,5327.6,1.0
2016-06-08,55.5,55.5,54.72,54.5,5332.62,-0.5,-0.91,55.35,53.89,51.885,8073.97,6959.8,5290.67,0.85
2016-06-13,53.89,54.56,51.1,50.33,6945.87,-3.81,-6.94,54.37,53.882,51.965,7639.88,7195.36,5455.92,1.1
2016-06-14,50.01,51.76,51.2,50.01,4347.23,0.14,0.27,53.37,53.907,52.057,6535.62,7306.48,5542.94,0.69
2016-06-15,50.6,54.32,53.31,50.1,5246.01,2.08,4.06,53.112,54.108,52.175,5637.1,7357.42,5633.21,0.83
2016-06-16,52.97,53.48,52.02,51.71,4939.05,-1.25,-2.35,52.47,53.894,52.239,5362.16,7005.31,5721.87,0.79
2016-06-17,52.05,53.29,52.37,52.05,3752.44,0.52,1.0,52.0,53.675,52.433,5046.12,6560.04,5753.8,0.6
2016-06-20,52.6,57.66,57.66,52.31,12684.75,5.24,10.0,53.312,53.841,52.866,6193.9,6916.89,6181.84,2.02
2016-06-21,59.23,61.54,57.06,56.73,24738.43,-0.6,-1.04,54.484,53.927,53.205,10272.14,8403.88,7236.64,3.93
2016-06-22,57.81,58.19,58.05,56.0,12558.53,1.02,1.79,55.432,54.272,53.58,11734.64,8685.87,7642.11,2.0
2016-06-23,58.0,62.95,61.7,57.75,21896.45,3.67,6.32,57.368,54.919,54.174,15126.12,10244.14,8578.31,3.48
2016-06-24,60.7,64.0,63.03,56.05,22943.24,1.42,2.31,59.5,55.75,54.82,18964.28,12005.2,9482.5,3.65
2016-06-27,62.6,63.93,62.9,61.8,16190.94,-0.11,-0.17,60.548,56.93,55.406,19665.52,12929.71,10062.54,2.57
2016-06-28,62.49,62.51,61.27,59.92,17561.55,-1.68,-2.67,61.39,57.937,55.922,18230.14,14251.14,10778.81,2.79
2016-06-29,61.09,61.68,61.5,59.96,11905.76,0.2,0.33,62.08,58.756,56.432,18099.59,14917.11,11137.27,1.89
2016-06-30,61.41,64.98,64.37,61.01,15698.11,2.96,4.82,62.614,59.991,56.943,16859.92,15993.02,11499.16,2.5
2016-07-01,64.48,65.79,63.3,62.87,13725.28,-1.02,-1.59,62.668,61.084,57.38,15016.33,16990.3,11775.17,2.18
2016-07-04,62.7,65.5,65.0,62.3,13080.97,1.59,2.51,63.088,61.818,57.83,14394.33,17029.93,11973.41,2.08
2016-07-05,65.2,65.21,64.27,63.58,7624.43,-0.71,-1.09,63.688,62.539,58.233,12406.91,15318.53,11861.2,1.21
2016-07-06,63.7,63.79,62.39,62.0,11541.94,-1.8,-2.8,63.866,62.973,58.622,12334.15,15216.87,11951.37,1.83
2016-07-07,62.17,63.0,62.8,60.18,13039.44,0.51,0.82,63.552,63.083,59.001,11802.41,14331.17,12287.65,2.07
2016-07-08,62.3,62.66,62.12,61.85,6288.26,-0.7,-1.11,63.316,62.992,59.371,10315.01,12665.67,12335.43,1.0
2016-07-11,62.01,63.09,60.5,60.5,9946.23,-1.62,-2.61,62.416,62.752,59.841,9688.06,12041.2,12485.45,1.58
2016-07-12,61.0,61.0,60.35,57.58,20790.43,-0.25,-0.41,61.632,62.66,60.299,12321.26,12364.09,13307.61,3.31
2016-07-13,60.58,62.5,60.87,59.38,15869.03,0.36,0.59,61.328,62.597,60.677,13186.68,12760.41,13838.76,2.52
2016-07-14,60.1,60.8,60.5,59.81,7454.59,-0.24,-0.4,60.868,62.21,61.101,12069.71,11936.06,13964.54,1.19
2016-07-15,60.01,60.59,59.64,59.45,7184.23,-0.75,-1.24,60.372,61.844,61.464,12248.9,11281.95,14136.13,1.14
2016-07-18,59.48,59.5,58.5,57.8,10645.6,-1.12,-1.88,59.972,61.194,61.506,12388.78,11038.42,14034.17,1.69
2016-07-19,58.48,60.32,60.28,57.95,11821.87,1.8,3.08,59.958,60.795,61.667,10595.06,11458.16,13388.34,1.88
2016-07-20,60.25,62.35,61.35,59.77,20065.52,1.08,1.79,60.054,60.691,61.832,11434.36,12310.52,13763.69,3.19
2016-07-21,61.33,62.09,61.0,60.58,9759.95,-0.37,-0.6,60.154,60.511,61.797,11895.43,11982.57,13156.87,1.55
2016-07-22,60.9,61.28,59.0,58.59,9849.78,-2.04,-3.34,60.026,60.199,61.596,12428.54,12338.72,12502.2,1.57
2016-07-25,58.22,58.98,57.45,56.93,14034.14,-1.56,-2.64,59.816,59.894,61.323,13106.25,12747.51,12394.36,2.23
2016-07-26,57.35,59.2,59.0,57.1,8997.85,1.5,2.61,59.56,59.759,61.21,12541.45,11568.26,11966.17,1.43
2016-07-27,58.9,58.97,54.31,53.28,12086.32,-4.75,-8.04,58.152,59.103,60.85,10945.61,11189.98,11975.2,1.92
2016-07-28,54.7,55.0,52.9,50.24,14738.52,-1.42,-2.61,56.532,58.343,60.277,11941.32,11918.38,11927.22,2.34
2016-07-29,53.1,54.55,53.67,52.92,7836.47,0.75,1.42,55.466,57.746,59.795,11538.66,11983.6,11632.78,1.25
2016-08-01,52.13,53.99,53.61,51.16,7095.62,-0.02,-0.04,54.698,57.257,59.226,10150.96,11628.6,11333.51,1.13
2016-08-02,53.5,54.35,53.97,53.27,4700.97,0.35,0.65,53.692,56.626,58.711,9291.58,10916.51,11187.34,0.75
2016-08-03,54.49,54.49,53.88,53.3,3560.92,-0.1,-0.18,53.606,55.879,58.285,7586.5,9266.05,10788.29,0.57
2016-08-04,53.84,55.38,54.97,53.5,8220.7,1.13,2.1,54.02,55.276,57.894,6282.94,9112.13,10547.35,1.31
2016-08-05,54.62,55.12,53.97,53.6,6477.01,-1.0,-1.82,54.08,54.773,57.486,6011.04,8774.85,10556.79,1.03
2016-08-08,53.93,55.8,55.78,53.5,9079.95,1.74,3.22,54.514,54.606,57.25,6407.91,8279.43,10513.47,1.44
2016-08-09,55.06,56.55,56.2,55.06,6876.97,0.42,0.75,54.96,54.326,57.043,6843.11,8067.35,9817.8,1.09
2016-08-10,56.4,61.8,61.8,56.04,18584.69,5.62,10.0,56.544,55.075,57.089,9847.86,8717.18,9953.58,2.95
2016-08-11,61.3,63.62,61.0,61.0,18048.94,-0.8,-1.29,57.75,55.885,57.114,11813.51,9048.22,10483.3,2.87
2016-08-12,62.5,62.5,60.99,60.15,9007.26,-0.18,-0.29,59.154,56.617,57.182,12319.56,9165.3,10574.45,1.43
2016-08-15,62.09,62.59,62.0,60.37,12231.13,0.99,1.62,60.398,57.456,57.357,12949.8,9678.85,10653.73,1.94
2016-08-16,62.1,64.75,62.29,61.55,10852.94,0.3,0.48,61.616,58.288,57.457,13744.99,10294.05,10605.28,1.73
2016-08-17,61.9,62.6,61.28,61.08,8972.77,-0.99,-1.59,61.512,59.028,57.454,11822.61,10835.24,10050.65,1.43
2016-08-18,61.02,61.5,60.34,59.71,11343.98,-0.94,-1.53,61.38,59.565,57.421,10481.62,11147.56,10129.85,1.8
2016-08-19,60.0,62.89,61.43,59.9,15173.08,1.13,1.87,61.468,60.311,57.542,11714.78,12017.17,10396.01,2.41
2016-08-22,61.58,63.43,61.15,60.78,10434.94,-0.4,-0.65,61.298,60.848,57.727,11355.54,12152.67,10216.05,1.66
2016-08-23,60.55,61.5,60.49,59.01,8850.64,-0.72,-1.18,60.938,61.277,57.802,10955.08,12350.04,10208.69,1.41
2016-08-24,60.89,62.6,62.24,60.5,11233.37,1.73,2.86,61.13,61.321,58.198,11407.2,11614.91,10166.04,1.79
2016-08-25,61.6,64.87,63.9,57.0,19307.77,1.67,2.68,61.842,61.611,58.748,12999.96,11740.79,10394.51,3.07
2016-08-26,64.0,70.35,68.75,63.1,26998.43,4.8,7.51,63.306,62.387,59.502,15365.03,13539.91,11352.6,4.29
2016-08-29,63.5,66.34,64.0,62.2,29568.31,-4.72,-6.87,63.876,62.587,60.022,19191.7,15273.62,12476.24,4.7
2016-08-30,63.9,67.28,66.89,63.01,18029.78,2.87,4.48,65.156,63.047,60.668,21027.53,15991.31,13142.68,2.87
2016-08-31,67.22,67.38,65.33,65.01,9844.81,-1.6,-2.39,65.774,63.452,61.24,20749.82,16078.51,13456.87,1.57
2016-09-01,65.01,66.6,65.56,64.35,10838.55,0.21,0.32,66.106,63.974,61.77,19055.98,16027.97,13587.77,1.72
2016-09-02,65.89,67.36,65.5,65.0,10026.77,0.06,0.09,65.456,64.381,62.346,15661.64,15513.34,13765.25,1.59
2016-09-05,64.96,66.91,66.19,64.93,8574.61,0.76,1.16,65.894,64.885,62.867,11462.9,15327.3,13739.99,1.36
2016-09-06,66.19,66.67,66.5,65.66,12507.99,0.31,0.47,65.816,65.486,63.382,10358.55,15693.04,14021.54,1.99
2016-09-07,66.54,67.88,65.75,65.02,8808.3,-0.78,-1.17,65.9,65.837,63.579,10151.24,15450.53,13532.72,1.4
2016-09-08,65.69,65.69,65.0,64.45,8807.39,-0.76,-1.16,65.788,65.947,63.779,9745.01,14400.49,13070.64,1.4
2016-09-09,64.87,65.5,64.42,64.02,5815.06,-0.53,-0.82,65.572,65.514,63.951,8902.67,12282.16,12911.03,0.92
2016-09-12,63.0,64.5,62.97,62.51,10884.24,-1.47,-2.28,64.928,65.411,63.999,9364.6,10413.75,12843.69,1.73
2016-09-13,63.1,63.99,63.25,62.75,6745.73,0.29,0.46,64.278,65.047,64.047,8212.14,9285.34,12638.33,1.07
2016-09-14,62.46,64.64,63.38,62.46,9285.65,0.12,0.19,63.804,64.852,64.152,8307.61,9229.43,12653.97,1.48
2016-09-19,63.0,64.3,63.94,62.81,4496.46,0.43,0.68,63.592,64.69,64.332,7445.43,8595.22,12311.59,0.71
2016-09-20,63.61,64.48,64.29,63.61,4566.66,0.35,0.55,63.566,64.569,64.475,7195.75,8049.21,11781.27,0.73
2016-09-21,63.77,64.48,64.16,63.75,3467.44,-0.12,-0.19,63.804,64.366,64.626,5712.39,7538.49,11432.9,0.55
2016-09-22,64.3,65.66,65.44,64.21,6459.6,1.27,1.98,64.242,64.26,64.873,5655.16,6933.65,11313.35,1.03
2016-09-23,65.79,66.85,66.26,65.17,8060.07,0.82,1.25,64.818,64.311,65.074,5410.05,6858.83,11154.68,1.28
2016-09-26,66.0,66.89,64.66,64.5,6402.92,-1.66,-2.5,64.962,64.277,65.112,5791.34,6618.38,10509.44,1.02
2016-09-27,64.31,64.73,63.3,62.61,6418.41,-1.31,-2.03,64.764,64.165,64.84,6161.69,6678.72,9480.44,1.02
2016-09-28,63.9,64.2,63.5,63.38,3830.95,0.16,0.25,64.632,64.218,64.815,6234.39,5973.39,8193.57,0.61
2016-09-29,63.51,65.5,65.08,63.51,3338.96,1.41,2.21,64.56,64.401,64.724,5610.26,5632.71,7459.03,0.53
2016-09-30,66.9,66.9,66.0,63.91,4455.0,0.94,1.45,64.508,64.663,64.758,4889.25,5149.65,7189.54,0.71
2016-10-10,67.5,68.5,68.15,65.85,7577.22,2.15,3.26,65.206,65.084,64.887,5124.11,5457.72,7026.47,1.2
2016-10-11,68.15,70.29,69.24,67.5,10856.92,1.09,1.6,66.394,65.579,65.074,6011.81,6086.75,7067.98,1.73
2016-10-12,68.49,69.89,69.1,68.16,5619.01,-0.02,-0.03,67.514,66.073,65.22,6369.42,6301.91,6920.2,0.89
2016-10-13,68.55,69.2,67.86,67.34,5594.0,-1.18,-1.71,68.07,66.315,65.288,6820.43,6215.35,6574.5,0.89
2016-10-14,67.5,68.25,67.77,66.99,3738.75,-0.08,-0.12,68.424,66.466,65.389,6677.18,5783.21,6321.02,0.59
2016-10-17,67.54,67.7,66.5,66.03,3272.0,-1.04,-1.54,68.094,66.65,65.464,5816.14,5470.12,6044.25,0.52
2016-10-18,66.51,67.5,67.2,66.01,4145.17,0.69,1.04,67.686,67.04,65.603,4473.79,5242.8,5960.76,0.66
2016-10-19,67.5,67.62,66.61,66.6,2788.0,-0.72,-1.07,67.188,67.351,65.785,3907.58,5138.5,5555.95,0.44
2016-10-20,66.61,66.98,66.3,65.6,4424.93,-0.36,-0.54,66.876,67.473,65.937,3673.77,5247.1,5439.91,0.7
2016-10-21,66.01,66.7,66.15,65.72,2620.68,-0.36,-0.54,66.552,67.488,66.076,3450.16,5063.67,5106.66,0.42
2016-10-24,66.49,68.2,67.36,66.0,5080.47,1.2,1.81,66.724,67.409,66.247,3811.85,4813.99,5135.86,0.81
2016-10-25,67.12,68.35,67.0,66.55,5300.51,-0.4,-0.59,66.684,67.185,66.382,4042.92,4258.35,5172.55,0.84
2016-10-26,66.96,67.0,66.08,65.8,3670.0,-0.88,-1.31,66.578,66.883,66.478,4219.32,4063.45,5182.68,0.58
2016-10-27,66.0,67.79,67.66,65.0,3969.45,1.46,2.21,66.85,66.863,66.589,4128.22,3901.0,5058.17,0.63
2016-10-28,67.97,67.97,67.11,66.0,3976.45,-0.55,-0.81,67.042,66.797,66.632,4399.38,3924.77,4853.99,0.63
2016-10-31,66.7,68.8,68.76,66.0,5847.03,1.79,2.67,67.322,67.023,66.837,4552.69,4182.27,4826.2,0.93
2016-11-01,68.77,73.79,72.2,68.11,27435.51,3.42,4.97,68.362,67.523,67.282,8979.69,6511.3,5877.05,4.36
2016-11-02,71.55,73.49,70.82,69.85,16400.26,-1.33,-1.84,69.31,67.944,67.648,11525.74,7872.53,6505.52,2.61
2016-11-03,70.49,71.47,70.5,68.25,9904.41,-0.17,-0.24,69.878,68.364,67.919,12712.73,8420.48,6833.79,1.57
2016-11-04,70.4,71.46,70.38,69.9,5997.89,-0.19,-0.27,70.532,68.787,68.138,13117.02,8758.2,6910.93,0.95
2016-11-07,70.77,72.4,71.0,69.2,8368.0,0.61,0.87,70.98,69.151,68.28,13621.21,9086.95,6950.47,1.33
2016-11-08,70.4,71.94,71.62,70.35,8174.99,0.65,0.92,70.864,69.613,68.399,9769.11,9374.4,6816.38,1.3
2016-11-09,71.56,74.4,73.18,70.38,12441.64,1.54,2.15,71.336,70.323,68.603,8977.39,10251.56,7157.51,1.98
2016-11-10,73.3,74.47,73.86,73.3,7009.41,0.74,1.01,72.008,70.943,68.903,8398.39,10555.56,7228.28,1.11
2016-11-11,73.98,75.47,74.6,73.98,5087.41,0.73,0.99,72.852,71.692,69.245,8216.29,10666.66,7295.71,0.81
2016-11-14,74.4,81.99,78.8,74.02,16704.4,4.19,5.62,74.412,72.696,69.86,9883.57,11752.39,7967.33,2.66
2016-11-15,77.85,83.14,77.8,77.7,16355.3,-0.96,-1.22,75.648,73.256,70.389,11519.63,10644.37,8577.84,2.6
2017-02-21,70.48,75.8,72.81,70.48,52722.96,-5.5,-7.02,75.574,73.455,70.7,19575.9,14276.64,11074.59,8.38
2017-02-22,70.03,76.0,75.76,70.03,44837.69,2.95,4.05,75.954,73.981,71.172,27141.55,17769.97,13095.22,7.13
2017-02-23,75.07,77.9,73.37,71.6,34060.31,-2.39,-3.15,75.708,74.28,71.533,32936.13,20576.21,14667.2,5.42
2017-02-24,71.77,72.37,71.67,70.33,22189.54,-1.7,-2.32,74.282,74.347,71.749,34033.16,21958.37,15522.66,3.53
2017-02-27,70.82,71.44,67.47,67.38,23117.27,-4.2,-5.86,72.216,73.932,71.773,35385.55,23452.59,16413.5,3.68
2017-02-28,67.8,67.88,65.45,64.71,29080.4,-2.02,-2.99,70.744,73.159,71.741,30657.04,25116.47,17684.02,4.62
2017-03-01,65.28,66.22,65.9,65.15,21299.98,0.45,0.69,68.772,72.363,71.653,25949.5,26545.53,18550.54,3.39
2017-03-02,65.63,65.69,64.23,63.71,18708.78,-1.67,-2.53,66.944,71.326,71.509,22879.19,27907.66,19287.16,2.97
2017-03-03,64.0,66.88,66.13,63.33,26882.97,1.9,2.96,65.836,70.059,71.378,23817.88,28925.52,20338.96,4.27
2017-03-06,66.12,67.46,67.37,65.61,23851.41,1.24,1.88,65.816,69.016,71.136,23964.71,29675.13,20159.75,3.79
2017-03-07,67.0,67.0,66.79,66.03,12160.6,-0.58,-0.86,66.084,68.414,70.935,20580.75,25618.9,19947.77,1.93
2017-03-08,66.54,66.96,66.65,65.89,11775.1,-0.14,-0.21,66.234,67.503,70.742,18675.77,22312.64,20041.3,1.87
2017-03-09,66.1,66.66,65.85,65.01,9558.37,-0.8,-1.2,66.558,66.751,70.516,16845.69,19862.44,20219.33,1.52
2017-03-10,65.71,72.44,68.69,65.56,26774.49,2.84,4.31,67.07,66.453,70.4,16823.99,20320.94,21139.65,4.26
2017-03-13,68.72,69.68,68.96,67.1,17021.6,0.27,0.39,67.388,66.602,70.267,15458.03,19711.37,21581.98,2.71
2017-03-14,68.97,71.99,69.99,68.38,30792.42,1.03,1.49,68.028,67.056,70.107,19184.4,19882.57,22499.52,4.9
2017-03-15,69.32,69.8,68.92,68.26,15620.0,-1.07,-1.53,68.482,67.358,69.86,19953.38,19314.57,22930.05,2.48
2017-03-16,68.98,70.89,70.33,68.7,19629.71,1.41,2.05,69.378,67.968,69.647,21967.64,19406.67,23657.17,3.12
2017-03-17,70.02,70.45,69.54,69.4,42419.22,-0.79,-1.12,69.548,68.309,69.184,25096.59,20960.29,24942.91,6.74
2017-03-20,69.0,69.0,65.79,65.0,28577.61,-3.75,-5.39,68.914,68.151,68.583,27407.79,21432.91,25554.02,4.54
2017-03-21,65.79,66.22,65.0,64.61,20815.86,-0.79,-1.2,67.916,67.972,68.193,25412.48,22298.44,23958.67,3.31
2017-03-22,64.53,65.35,64.99,64.0,14291.01,-0.01,-0.01,67.13,67.806,67.655,25146.68,22550.03,22431.33,2.27
2017-03-23,64.85,65.64,63.98,63.0,18641.57,-1.01,-1.55,65.86,67.619,67.185,24949.05,23458.35,21660.4,2.96
2017-03-24,63.4,64.09,61.99,61.56,22413.26,-1.99,-3.11,64.35,66.949,66.701,20947.86,23022.23,21671.58,3.56
2017-03-27,61.3,61.33,60.47,59.59,18995.03,-1.52,-2.45,63.286,66.1,66.351,19031.35,23219.57,21465.47,3.02
2017-03-28,60.46,60.96,60.44,60.15,11943.78,-0.03,-0.05,62.374,65.145,66.101,17256.93,21334.71,20608.64,1.9
2017-03-29,60.44,60.77,59.58,58.83,13954.25,-0.86,-1.42,61.292,64.211,65.785,17189.58,21168.13,20241.35,2.22
2017-03-30,58.98,59.4,56.0,54.85,20395.32,-3.58,-6.01,59.696,62.778,65.373,17540.33,21244.69,20325.68,3.24
2017-03-31,55.77,56.6,55.97,55.51,11598.32,-0.03,-0.05,58.492,61.421,64.865,15377.34,18162.6,19561.45,1.84
2017-04-05,55.7,56.48,55.99,55.5,18341.59,0.02,0.04,57.596,60.441,64.296,15246.65,17139.0,19285.96,2.92
2017-04-06,56.0,56.18,55.98,55.61,14096.78,-0.01,-0.02,56.704,59.539,63.756,15677.25,16467.09,19382.76,2.24
2017-04-07,55.89,56.4,55.03,54.87,12097.5,-0.95,-1.7,55.794,58.543,63.175,15305.9,16247.74,19398.88,1.92
2017-04-10,51.49,51.9,49.53,49.53,26621.01,-5.5,-9.99,54.5,57.098,62.359,16551.04,17045.68,20252.02,4.23
2017-04-11,48.75,50.5,50.38,47.53,16935.6,0.85,1.72,53.382,55.937,61.443,17618.5,16497.92,19760.07,2.69
2017-04-12,49.81,51.88,50.77,49.66,17339.27,0.39,0.77,52.338,54.967,60.534,17418.03,16332.34,19775.96,2.76
2017-04-13,50.79,51.8,50.45,50.26,9052.56,-0.32,-0.63,51.232,53.968,59.557,16409.19,16043.22,18688.96,1.44
2017-04-14,50.01,50.44,49.5,49.43,7621.48,-0.95,-1.88,50.126,52.96,58.586,15513.98,15409.94,18289.04,1.21
2017-04-17,48.02,49.5,45.44,45.25,16830.83,-4.06,-8.2,49.308,51.904,57.341,13555.95,15053.49,18149.09,2.68
2017-04-18,45.8,46.67,45.77,45.5,9577.08,0.33,0.73,48.386,50.884,56.153,12084.24,14851.37,16506.99,1.52
2017-04-19,46.0,48.03,47.92,45.56,15552.72,2.15,4.7,47.816,50.077,55.259,11726.93,14572.48,15855.74,2.47
2017-04-20,47.9,48.75,47.02,46.06,12710.1,-0.9,-1.88,47.13,49.181,54.36,12458.44,14433.82,15450.45,2.02
2017-04-21,47.54,47.9,46.98,46.71,10181.36,-0.04,-0.09,46.626,48.376,53.46,12970.42,14242.2,15244.97,1.62
2017-04-24,46.76,46.96,44.95,44.73,9350.81,-2.03,-4.32,46.528,47.918,52.508,11474.41,12515.18,14780.43,1.49
2017-04-25,45.03,49.45,49.45,45.03,21393.18,4.5,10.01,47.264,47.825,51.881,13837.63,12960.94,14729.43,3.4
2017-04-26,50.0,53.6,51.41,49.65,30947.4,1.96,3.96,47.962,47.889,51.428,16916.57,14321.75,15327.05,4.92
2017-04-27,51.98,54.29,53.89,50.16,33691.09,2.48,4.82,49.336,48.233,51.101,21112.77,16785.61,16414.41,5.36
2017-04-28,52.3,54.54,52.02,51.26,27420.72,-1.87,-3.47,50.344,48.485,50.723,24560.64,18765.53,17087.74,4.36
2017-05-02,52.42,52.5,50.5,50.03,20502.98,-1.52,-2.92,51.454,48.991,50.448,26791.07,19132.74,17093.12,3.26
2017-05-03,50.0,51.7,50.94,49.7,16590.56,0.44,0.87,51.752,49.508,50.196,25830.55,19834.09,17342.73,2.64
2017-05-04,50.61,50.88,48.38,48.0,19532.43,-2.56,-5.03,51.146,49.554,49.816,23547.56,20232.06,17402.27,3.11
2017-05-05,48.02,53.22,53.22,47.82,33032.8,4.84,10.0,51.012,50.174,49.678,23415.9,22264.33,18349.07,5.25
2017-05-08,55.0,55.82,52.24,52.0,46806.49,-0.98,-1.84,51.056,50.7,49.538,27293.05,25926.85,20084.52,7.44
2017-05-09,52.32,52.96,51.38,48.56,30479.79,-0.86,-1.65,51.232,51.343,49.631,29288.41,28039.74,20277.46,4.85
2017-05-10,51.62,55.67,53.32,51.1,45199.14,1.94,3.78,51.708,51.73,49.778,35010.13,30420.34,21690.64,7.19
2017-05-11,51.26,55.25,55.2,50.0,32692.48,1.88,3.53,53.072,52.109,49.999,37642.14,30594.85,22458.3,5.2
2017-05-12,54.5,57.5,54.72,54.03,37785.99,-0.48,-0.87,53.372,52.192,50.213,38592.78,31004.34,23894.97,6.01
2017-05-15,54.98,56.49,56.41,53.02,26552.25,1.69,3.09,54.206,52.631,50.558,34541.93,30917.49,24841.51,4.22
2017-05-16,55.43,58.88,57.5,55.43,34506.37,1.09,1.93,55.43,53.331,51.161,35347.25,32317.83,25725.29,5.49
2017-05-17,58.0,60.44,60.17,56.79,37003.19,2.67,4.64,56.8,54.254,51.881,33708.06,34359.09,27096.59,5.88
2017-05-18,59.55,63.85,62.07,59.0,43618.24,1.9,3.16,58.174,55.623,52.589,35893.21,36767.67,28499.87,6.93
2017-05-19,60.88,62.37,60.97,58.58,36876.01,-1.1,-1.77,59.424,56.398,53.286,35711.21,37151.99,29708.16,5.86
2017-05-22,61.0,61.05,54.87,54.87,31815.37,-6.1,-10.01,59.116,56.661,53.681,36763.84,35652.88,30789.86,5.06
2017-05-23,55.5,56.88,54.66,53.48,29664.11,-0.21,-0.38,58.548,56.989,54.166,35795.38,35571.31,31805.53,4.72
2017-05-24,54.0,56.49,56.31,52.5,25470.36,1.65,3.02,57.776,57.288,54.509,33488.82,33598.44,32009.39,4.05
2017-05-25,55.71,56.4,53.05,51.5,28706.44,-3.26,-5.79,55.972,57.073,54.591,30506.46,33199.83,31897.34,4.56
2017-05-26,53.65,56.5,56.46,53.18,25003.86,3.41,6.43,55.07,57.247,54.72,28132.03,31921.62,31462.98,3.98
2017-05-31,57.18,61.99,60.29,56.9,40000.5,3.83,6.78,56.154,57.635,55.133,29769.05,33266.45,32091.97,6.36
2017-06-01,59.1,59.6,56.74,56.28,25574.52,-3.55,-5.89,56.57,57.559,55.445,28951.14,32373.26,32345.55,4.07
2017-06-02,55.68,62.0,60.57,54.9,31739.76,3.83,6.75,57.422,57.599,55.927,30205.02,31846.92,33103.01,5.05
2017-06-05,60.5,61.4,59.89,58.82,32296.55,-0.68,-1.12,58.79,57.381,56.502,30923.04,30714.75,33741.21,5.13
2017-06-06,60.0,61.8,60.86,58.7,30052.92,0.97,1.62,59.67,57.37,56.884,31932.85,30032.44,33592.22,4.78
2017-06-07,60.0,66.66,63.95,59.78,73862.1,3.09,5.08,60.402,58.278,57.47,38705.17,34237.11,34945.0,11.74
2017-06-08,63.98,65.5,64.08,63.0,79894.08,0.13,0.2,61.87,59.22,58.105,49569.08,39260.11,37415.71,12.7
2017-06-09,16.38,17.33,15.83,15.6,109043.53,-0.19,-1.19,52.922,55.172,56.23,65029.84,47617.43,40607.93,4.33
2017-06-12,14.25,14.25,14.25,14.25,23803.0,-1.58,-9.98,43.794,51.292,54.183,63331.13,47127.08,40163.46,0.95
2017-06-13,12.83,14.25,13.84,12.83,335546.91,-0.41,-2.88,34.39,47.03,52.139,124429.92,78181.39,55051.5,13.34
2017-06-14,13.3,13.64,13.06,12.55,258151.97,-0.78,-5.64,24.212,42.307,49.971,161287.9,99996.53,66631.49,10.26
2017-06-15,12.87,13.93,13.53,12.8,230220.94,0.47,3.6,14.102,37.986,47.773,191353.27,120461.18,76417.22,9.15
2017-06-16,13.75,14.88,14.45,13.44,355188.09,0.92,6.8,13.826,33.374,45.487,240582.18,152806.01,92326.46,14.12
2017-06-19,13.82,14.18,14.07,13.5,249677.66,-0.38,-2.63,13.79,28.792,43.087,285757.11,174544.12,102629.43,9.92
2017-06-20,13.98,14.06,13.56,13.5,197164.95,-0.51,-3.62,13.734,24.062,40.716,258080.72,191255.32,110643.88,7.84
2017-06-21,13.51,13.87,13.28,13.03,156208.03,-0.28,-2.06,13.778,18.995,38.637,237691.93,199489.92,116863.51,6.21
2017-06-22,13.25,13.41,12.71,12.69,136672.97,-0.57,-4.29,13.614,13.858,36.539,218982.34,205167.81,122213.96,5.43
2017-06-23,12.55,12.68,12.32,11.81,134926.23,-0.39,-3.07,13.188,13.507,34.34,174929.97,207756.08,127686.75,5.36
2017-06-26,12.34,12.45,12.38,12.05,73528.02,0.06,0.49,12.85,13.32,32.306,139700.04,212728.58,129927.83,2.92
2017-06-27,12.38,12.65,12.52,12.28,84528.45,0.14,1.13,12.642,13.188,30.109,117172.74,187626.73,132904.06,3.36
2017-06-28,12.52,12.57,12.11,12.05,72117.32,-0.41,-3.27,12.408,13.093,27.7,100354.6,169023.27,134509.9,2.87
2017-06-29,12.15,12.2,12.15,12.07,45638.91,0.04,0.33,12.296,12.955,25.471,82147.79,150565.06,135513.12,1.81
2017-06-30,12.18,12.18,11.98,11.89,50446.4,-0.17,-1.4,12.228,12.708,23.041,65251.82,120090.89,136448.45,2.01
